persona_id,sex,age,age_group,csp,region,urban_area_size,bio
fr_0001,male,50,50-64,worker,Auvergne-Rhône-Alpes,urban_unit_100k_to_1_999_999,"A 50-year-old factory worker resides in a vibrant urban area of Auvergne-Rhône-Alpes, balancing his professional life with community engagement. He enjoys the cultural diversity and accessibility of city amenities while contributing to the local economy."
fr_0002,male,18,18-24,manager_intellectual_profession,Grand Est,rural_outside_urban_unit,"At 18, he is a young manager in a rural area of Grand Est, known for his analytical skills and innovative approach. Balancing his professional life with a passion for local culture, he aims to uplift his community through sustainable practices."
fr_0003,female,32,25-34,intermediate_profession,Île-de-France,urban_unit_under_20k,"At 32 years old, she works in an intermediate profession in Île-de-France. Residing in a small urban unit with under 20,000 residents, she enjoys the vibrant yet close-knit community atmosphere."
fr_0004,female,45,35-49,retired,Île-de-France,urban_unit_100k_to_1_999_999,"At 45 years old, she enjoys a peaceful retirement in the bustling urban landscape of Île-de-France. Her days are filled with community activities and exploring the vibrant culture around her."
fr_0005,male,78,65+,worker,Île-de-France,urban_unit_20k_to_99k,"At 78 years old, he has spent most of his life working in the bustling urban environment of Île-de-France. Now retired, he enjoys the vibrant community life in his urban area, where he engages with neighbors and local activities."
fr_0006,female,60,50-64,intermediate_profession,Auvergne-Rhône-Alpes,urban_unit_100k_to_1_999_999,"A 60-year-old woman from Auvergne-Rhône-Alpes works in an intermediate profession and enjoys the vibrant urban lifestyle. She actively participates in community events, fostering connections within her bustling city."
fr_0007,male,83,65+,worker,Provence-Alpes-Côte d'Azur,urban_unit_20k_to_99k,"At 83 years old, he is a lifelong worker who spent decades in the local manufacturing sector. Living in an urban area of Provence-Alpes-Côte d'Azur with a population between 20,000 and 99,000, he enjoys the vibrant community around him."
fr_0008,male,85,65+,intermediate_profession,Grand Est,paris_urban_unit,"At 85 years old, he has spent his life working in various intermediate professions within the vibrant Paris urban unit of Grand Est. Now retired, he enjoys the cultural richness of his surroundings while reflecting on decades of experiences."
fr_0009,male,47,35-49,retired,Pays de la Loire,urban_unit_under_20k,"At 47, he enjoys a peaceful retirement in a small urban unit in Pays de la Loire. With a passion for gardening, he spends his days cultivating local flora and volunteering at community events."
fr_0010,female,63,50-64,employee,Normandie,urban_unit_100k_to_1_999_999,"At 63 years old, she works as a dedicated employee in a bustling urban area of Normandie. Living in a city with a population between 100,000 and 1,000,000, she enjoys the vibrant culture and community around her."
fr_0011,female,39,35-49,intermediate_profession,Pays de la Loire,urban_unit_100k_to_1_999_999,"At 39 years old, she navigates the vibrant urban life of Pays de la Loire as an intermediate professional. Her role in the community reflects her commitment to both personal growth and local engagement."
fr_0012,male,95,65+,other_inactive,Grand Est,urban_unit_100k_to_1_999_999,"At 95 years old, he enjoys a peaceful retirement in an urban area of Grand Est, surrounded by a vibrant community. Classified as other_inactive, he spends his days engaging in leisurely activities and reflecting on a rich life."
fr_0013,female,31,25-34,employee,Centre-Val de Loire,rural_outside_urban_unit,"At 31 years old, she works as a marketing assistant in a small firm. Living in the serene countryside of Centre-Val de Loire, she enjoys the tranquility of rural life."
fr_0014,female,68,65+,intermediate_profession,Hauts-de-France,urban_unit_under_20k,"At 68 years old, she navigates her retirement in a charming urban area of Hauts-de-France with a population under 20,000. Having spent her career in intermediate professions, she remains actively engaged in community initiatives that support local culture and sustainability."
fr_0015,female,94,65+,other_inactive,Hauts-de-France,rural_outside_urban_unit,"At 94 years old, she enjoys the tranquility of her rural home in Hauts-de-France, where she has lived her entire life. Classified as other_inactive, her days are filled with gardening and reminiscing about the past."
fr_0016,male,42,35-49,intermediate_profession,Bretagne,urban_unit_100k_to_1_999_999,"At 42 years old, he works as a project manager in an urban area of Bretagne with a population of over 100,000. He enjoys exploring local culture and participating in community events during his free time."
fr_0017,female,79,65+,other_inactive,Provence-Alpes-Côte d'Azur,urban_unit_100k_to_1_999_999,"At 79 years old, she enjoys her retirement in the vibrant urban environment of Provence-Alpes-Côte d'Azur. Living in a bustling city with a population between 100,000 and 1,000,000, she engages in community activities that enrich her daily life."
fr_0018,female,36,35-49,retired,Auvergne-Rhône-Alpes,rural_outside_urban_unit,"At 36 years old, she enjoys a peaceful retirement in the scenic landscapes of Auvergne-Rhône-Alpes. Living in a rural area outside the urban unit, she spends her days gardening and exploring the natural beauty surrounding her home."
fr_0019,male,61,50-64,other_inactive,Île-de-France,urban_unit_100k_to_1_999_999,"A 61-year-old man resides in an urban area of Île-de-France with a population between 100,000 and 1,000,000. Classified as inactive, he enjoys exploring local parks and engaging in community gatherings."
fr_0020,male,20,18-24,employee,Île-de-France,rural_outside_urban_unit,"At 20 years old, he works as an apprentice carpenter in a small rural town in Île-de-France. He enjoys the tranquility of country life while honing his skills for a future in construction."
fr_0021,male,71,65+,retired,Auvergne-Rhône-Alpes,urban_unit_100k_to_1_999_999,"At 71, he enjoys a peaceful retirement in an urban area of Auvergne-Rhône-Alpes, where he spends his time gardening and volunteering. His days are filled with local community events and leisurely strolls through the vibrant city streets."
fr_0022,male,57,50-64,employee,Hauts-de-France,urban_unit_20k_to_99k,"At 57 years old, he works as an employee in a bustling urban area of Hauts-de-France. He enjoys the vibrant culture and community life that comes with living in a city with a population between 20,000 and 99,000."
fr_0023,male,71,65+,retired,Île-de-France,rural_outside_urban_unit,"At 71 years old, he enjoys a peaceful retirement in the rural outskirts of Île-de-France. His days are filled with gardening and exploring the scenic countryside."
fr_0024,female,64,50-64,retired,Île-de-France,urban_unit_20k_to_99k,"At 64 years old, she enjoys her retirement in an urban area of Île-de-France with a population between 20,000 and 99,000. She spends her days exploring local culture and engaging with her community."
fr_0025,male,33,25-34,retired,Grand Est,urban_unit_100k_to_1_999_999,"At 33, he enjoys retirement in an urban area of Grand Est, where he spends his days volunteering and exploring local culture. His early retirement allows him the freedom to pursue hobbies and engage with his community actively."
fr_0026,male,34,25-34,employee,Hauts-de-France,urban_unit_under_20k,"At 34 years old, he works as an employee in an urban area of Hauts-de-France with a population under 20,000. His daily life revolves around the challenges and opportunities of living in a smaller urban community."
fr_0027,male,26,25-34,manager_intellectual_profession,Île-de-France,urban_unit_20k_to_99k,"At 26, he is a manager in a leading consulting firm located in the urban hub of Île-de-France. Balancing his professional life with a passion for local art and culture, he thrives in the dynamic environment of a city with a population between 20,000 and 99,000."
fr_0028,male,75,65+,intermediate_profession,Occitanie,urban_unit_100k_to_1_999_999,"At 75 years old, he has spent his life working in an intermediate profession, contributing to the local economy of his urban community in Occitanie. Now retired, he enjoys exploring the rich culture and history of the region while staying connected with his family and friends."
fr_0029,female,70,65+,intermediate_profession,Corse,urban_unit_under_20k,"At 70 years old, she has spent her life working as an administrative assistant in the urban environment of a small town in Corse. Now retired, she enjoys gardening and participating in local community events in her close-knit neighborhood."
fr_0030,male,51,50-64,retired,Hauts-de-France,rural_outside_urban_unit,"At 51 years old, he enjoys a peaceful retirement in the rural landscapes of Hauts-de-France. His days are spent tending to his garden and exploring the local countryside."
fr_0031,female,64,50-64,retired,Île-de-France,urban_unit_100k_to_1_999_999,"At 64 years old, she enjoys her retirement in an urban area of Île-de-France, surrounded by a vibrant community. Her days are filled with local cultural events and leisurely strolls through the city’s parks."
fr_0032,male,56,50-64,retired,Grand Est,paris_urban_unit,"At 56 years old, he enjoys a peaceful retirement in the vibrant Paris urban unit of Grand Est. His days are filled with leisurely strolls through the city's historic streets and engaging with the local community."
fr_0033,female,27,25-34,worker,Auvergne-Rhône-Alpes,paris_urban_unit,"A 27-year-old woman from Auvergne-Rhône-Alpes works in the service industry and is part of the working class. She resides in a vibrant urban environment within the Paris urban unit, balancing her professional life with the dynamic city culture."
fr_0034,male,42,35-49,employee,Auvergne-Rhône-Alpes,rural_outside_urban_unit,"At 42 years old, he works as an employee in a small company located in the picturesque Auvergne-Rhône-Alpes region. Residing in a rural area outside the urban unit, he enjoys a tranquil lifestyle surrounded by nature."
fr_0035,male,52,50-64,worker,Île-de-France,urban_unit_100k_to_1_999_999,"At 52 years old, he is a dedicated worker residing in the bustling urban area of Île-de-France. His life is shaped by the vibrant culture and diverse community found in a city of nearly a million residents."
fr_0036,male,61,50-64,worker,Grand Est,paris_urban_unit,"At 61 years old, he has spent over four decades working in the manufacturing sector in Grand Est. Living in the Paris urban unit, he enjoys the blend of city life and regional culture."
fr_0037,female,38,35-49,retired,Île-de-France,urban_unit_100k_to_1_999_999,"At 38 years old, she has retired early from a successful career in marketing. She resides in an urban area of Île-de-France, where she enjoys exploring local art and culture."
fr_0038,female,58,50-64,worker,Île-de-France,paris_urban_unit,"At 58 years old, she has spent her career as a dedicated worker in the bustling urban environment of Île-de-France. Living in the Paris urban unit, she enjoys the vibrant culture and community of one of the world's most iconic cities."
fr_0039,male,57,50-64,retired,Centre-Val de Loire,urban_unit_20k_to_99k,"At 57 years old, he enjoys his retirement in an urban area of Centre-Val de Loire, surrounded by a vibrant community. His days are filled with leisure activities and volunteering, embracing the rich cultural heritage of the region."
fr_0040,male,76,65+,retired,Provence-Alpes-Côte d'Azur,rural_outside_urban_unit,"At 76 years old, he enjoys a peaceful retirement in the picturesque countryside of Provence-Alpes-Côte d'Azur. Living in a rural area outside urban units, he spends his days gardening and exploring local markets."
fr_0041,female,49,35-49,retired,Auvergne-Rhône-Alpes,urban_unit_100k_to_1_999_999,"At 49 years old, she enjoys her retirement in the vibrant urban setting of Auvergne-Rhône-Alpes. Her days are filled with volunteering activities and exploring local cultural events."
fr_0042,male,53,50-64,manager_intellectual_profession,Nouvelle-Aquitaine,urban_unit_100k_to_1_999_999,"A 53-year-old manager in Nouvelle-Aquitaine, he oversees a team in a bustling urban environment. His intellectual pursuits often lead him to engage in local cultural events and community initiatives."
fr_0043,male,31,25-34,manager_intellectual_profession,Grand Est,urban_unit_100k_to_1_999_999,"At 31 years old, he navigates the challenges of management in a bustling Grand Est urban center. His intellectual approach to problem-solving fosters innovation and collaboration among his diverse team."
fr_0044,male,28,25-34,employee,Pays de la Loire,urban_unit_under_20k,"At 28 years old, he works as an employee in a growing urban area of Pays de la Loire. He enjoys the vibrant community life in his small city, balancing work and leisure."
fr_0045,male,26,25-34,retired,Provence-Alpes-Côte d'Azur,rural_outside_urban_unit,"At 26 years old, he enjoys a peaceful retirement in the picturesque rural landscapes of Provence-Alpes-Côte d'Azur. His days are filled with exploring the natural beauty and vibrant culture of the region."
fr_0046,female,34,25-34,worker,Nouvelle-Aquitaine,urban_unit_100k_to_1_999_999,"A 34-year-old woman living in an urban area of Nouvelle-Aquitaine works as a skilled laborer. She balances her career with community involvement, contributing to local development initiatives."
fr_0047,female,33,25-34,employee,Île-de-France,rural_outside_urban_unit,"At 33 years old, she works as an employee in a small rural community in Île-de-France. Her lifestyle reflects the tranquility of countryside living, away from the hustle of urban life."
fr_0048,male,22,18-24,other_inactive,Normandie,urban_unit_100k_to_1_999_999,"At 22 years old, he resides in an urban area of Normandie with a population between 100,000 and 999,999. Currently classified as other_inactive, he spends his time exploring local culture and honing his artistic skills."
fr_0049,female,54,50-64,retired,Auvergne-Rhône-Alpes,rural_outside_urban_unit,"At 54 years old, she enjoys her retirement in the tranquil countryside of Auvergne-Rhône-Alpes. Embracing rural life, she spends her days gardening and exploring the natural beauty of her surroundings."
fr_0050,male,26,25-34,intermediate_profession,Hauts-de-France,urban_unit_100k_to_1_999_999,"At 26 years old, he works in an intermediate profession in an urban area of Hauts-de-France. His daily life is shaped by the vibrant culture and diverse community of a city with a population between 100,000 and 1 million."
fr_0051,male,20,18-24,manager_intellectual_profession,Hauts-de-France,paris_urban_unit,"At 20 years old, he manages a team of young professionals in a tech startup nestled in the bustling urban environment of Paris. Living in Hauts-de-France, he balances his career ambitions with a passion for innovative solutions in business management."
fr_0052,female,87,65+,retired,Nouvelle-Aquitaine,urban_unit_under_20k,"At 87 years old, she enjoys her retirement in a quaint urban area of Nouvelle-Aquitaine with a population under 20,000. With a rich life experience, she actively participates in local community events and cherishes her close-knit neighborhood."
fr_0053,male,57,50-64,retired,Auvergne-Rhône-Alpes,urban_unit_20k_to_99k,"At 57, he enjoys retirement in a vibrant urban area of Auvergne-Rhône-Alpes. With ample leisure time, he explores local culture and engages in community activities."
fr_0054,female,47,35-49,worker,Auvergne-Rhône-Alpes,rural_outside_urban_unit,"At 47 years old, she balances her role as a dedicated worker with the tranquil lifestyle of rural Auvergne-Rhône-Alpes. Living outside an urban unit, she embraces the close-knit community and natural beauty of her surroundings."
fr_0055,male,44,35-49,retired,Pays de la Loire,urban_unit_100k_to_1_999_999,"At 44 years old, he enjoys a peaceful retirement in the vibrant urban area of Pays de la Loire. With a focus on community involvement, he spends his time volunteering and exploring local culture."
fr_0056,male,75,65+,manager_intellectual_profession,Auvergne-Rhône-Alpes,urban_unit_under_20k,"At 75 years old, he has dedicated his career to managing local educational initiatives in his urban community of under 20,000 residents. Residing in Auvergne-Rhône-Alpes, he continues to mentor young professionals, sharing his extensive knowledge and experience."
fr_0057,female,85,65+,retired,Grand Est,paris_urban_unit,"An 85-year-old retired woman resides in the Paris urban unit within the Grand Est region. She enjoys her life in the vibrant community, surrounded by family and friends."
fr_0058,female,59,50-64,retired,Auvergne-Rhône-Alpes,urban_unit_under_20k,"At 59 years old, she enjoys her retirement in a small urban community in Auvergne-Rhône-Alpes. With a passion for gardening and local culture, she actively participates in community events and volunteer activities."
fr_0059,male,37,35-49,retired,Nouvelle-Aquitaine,urban_unit_20k_to_99k,"At 37 years old, he enjoys a peaceful retirement in an urban area of Nouvelle-Aquitaine with a population between 20,000 and 99,000. His days are filled with leisure activities and community involvement, embracing a slower pace of life."
fr_0060,female,62,50-64,craft_trader_business_owner,Auvergne-Rhône-Alpes,paris_urban_unit,"At 62, she owns a thriving craft business in the vibrant Paris urban unit of Auvergne-Rhône-Alpes. Her passion for handmade goods has established her as a respected trader in the local artisan community."
fr_0061,female,77,65+,craft_trader_business_owner,Nouvelle-Aquitaine,rural_outside_urban_unit,"At 77 years old, she runs a successful craft trading business in the serene rural landscapes of Nouvelle-Aquitaine. Her passion for traditional craftsmanship has become a cornerstone of the local community, attracting visitors from neighboring towns."
fr_0062,male,38,35-49,retired,Occitanie,urban_unit_100k_to_1_999_999,"At 38 years old, he retired early and now enjoys a leisurely lifestyle in an urban area of Occitanie. His days are filled with exploring local culture and engaging in community activities."
fr_0063,female,42,35-49,worker,Grand Est,rural_outside_urban_unit,"At 42 years old, she balances her work as a factory operator with the tranquility of rural life in the Grand Est region. Living outside urban units, she enjoys nature and community while raising her two children."
fr_0064,male,85,65+,employee,Auvergne-Rhône-Alpes,paris_urban_unit,"At 85 years old, he is a long-time employee residing in the Auvergne-Rhône-Alpes region. Living in the Paris urban unit, he enjoys the vibrant culture and community of the area."
fr_0065,female,49,35-49,employee,Bourgogne-Franche-Comté,urban_unit_20k_to_99k,"A 49-year-old employee resides in an urban area of Bourgogne-Franche-Comté, contributing to the local economy. She enjoys the vibrant community life and cultural heritage of her city while balancing work and family responsibilities."
fr_0066,female,38,35-49,retired,Grand Est,urban_unit_100k_to_1_999_999,"At 38 years old, she enjoys her retirement in the vibrant urban environment of Grand Est, where cultural diversity thrives. Her days are filled with community activities and exploring local art, enhancing her love for the city she calls home."
fr_0067,female,86,65+,retired,Guadeloupe,paris_urban_unit,"At 86 years old, she enjoys her retirement in the vibrant urban setting of Guadeloupe. Her days are filled with local community activities and cherished family gatherings."
fr_0068,male,59,50-64,retired,Nouvelle-Aquitaine,rural_outside_urban_unit,"At 59 years old, he enjoys his retirement in the tranquil rural landscapes of Nouvelle-Aquitaine. Embracing a slower pace of life, he spends his days gardening and exploring the natural beauty of his surroundings."
fr_0069,male,59,50-64,intermediate_profession,Nouvelle-Aquitaine,rural_outside_urban_unit,"At 59, he works as a skilled tradesman in the serene rural outskirts of Nouvelle-Aquitaine. His life is marked by a deep connection to the land and community, reflecting the values of his intermediate profession."
fr_0070,male,21,18-24,retired,Occitanie,urban_unit_100k_to_1_999_999,"At 21 years old, he is a retired athlete living in the urban area of Occitanie. His early retirement has allowed him to pursue interests in coaching and community engagement."
fr_0071,female,31,25-34,employee,Bretagne,paris_urban_unit,"At 31 years old, she works as an employee in a bustling urban environment in Bretagne. Her life is shaped by the vibrant culture and community of the Paris urban unit."
fr_0072,female,36,35-49,craft_trader_business_owner,Île-de-France,paris_urban_unit,"At 36 years old, she runs a successful craft trading business in the bustling urban unit of Île-de-France. Passionate about sustainability, she offers handmade goods that reflect the vibrant culture of Paris."
fr_0073,female,43,35-49,other_inactive,Hauts-de-France,urban_unit_under_20k,"At 43 years old, she resides in a small urban unit in Hauts-de-France, where she enjoys the vibrant local community. Classified as other_inactive, she dedicates her time to volunteer work and personal interests."
fr_0074,male,60,50-64,other_inactive,Île-de-France,urban_unit_20k_to_99k,"At 60 years old, he resides in an urban area of Île-de-France with a population between 20,000 and 99,000. Currently classified as other_inactive, he enjoys a slower pace of life in the bustling city environment."
fr_0075,female,72,65+,retired,Provence-Alpes-Côte d'Azur,urban_unit_100k_to_1_999_999,"At 72 years old, she enjoys her retirement in the vibrant urban setting of Provence-Alpes-Côte d'Azur. Her days are filled with leisurely pursuits, reflecting on a life well-lived in a culturally rich environment."
fr_0076,female,52,50-64,intermediate_profession,Nouvelle-Aquitaine,rural_outside_urban_unit,"At 52 years old, she works as a teacher in a rural community in Nouvelle-Aquitaine, balancing her professional life with the tranquility of nature. Living outside the urban unit, she enjoys her weekends gardening and exploring local markets."
fr_0077,male,44,35-49,employee,Île-de-France,rural_outside_urban_unit,"At 44 years old, he works as an employee in a small manufacturing company located in the Île-de-France region. He enjoys the tranquility of rural life, which offers him a break from the hustle and bustle of urban environments."
fr_0078,female,80,65+,employee,Pays de la Loire,rural_outside_urban_unit,"At 80 years old, she has dedicated her life to working as a seamstress in a small workshop nestled in the rural landscapes of Pays de la Loire. Living outside urban units, she enjoys the tranquility of her surroundings, often spending her time tending to her garden."
fr_0079,female,24,18-24,retired,Occitanie,paris_urban_unit,"At 24 years old, she has retired early and enjoys her newfound leisure in Occitanie. Living in a Paris urban unit, she explores art and culture while engaging in community activities."
fr_0080,female,54,50-64,manager_intellectual_profession,Bourgogne-Franche-Comté,paris_urban_unit,"At 54, she excels as a manager in a prestigious intellectual firm in the Bourgogne-Franche-Comté region. Residing in a vibrant urban area near Paris, she balances her professional and personal life with a keen interest in the arts and community development."
fr_0081,male,78,65+,other_inactive,Martinique,urban_unit_20k_to_99k,"At 78 years old, he enjoys a quiet retirement in an urban area of Martinique with a population between 20,000 and 99,000. Classified as other_inactive, he spends his days exploring local culture and engaging with his community."
fr_0082,female,65,65+,other_inactive,Bretagne,paris_urban_unit,"At 65 years old, she enjoys the serene coastal life in Bretagne, surrounded by lush landscapes and historical sites. As an inactive resident in a Paris urban unit, she cherishes her quiet days filled with reading and local culture."
fr_0083,female,63,50-64,other_inactive,Provence-Alpes-Côte d'Azur,rural_outside_urban_unit,"At 63 years old, she enjoys a peaceful life in the rural landscapes of Provence-Alpes-Côte d'Azur. Embracing her role as an active community member, she participates in local events and promotes regional culture."
fr_0084,female,19,18-24,retired,Occitanie,rural_outside_urban_unit,"At 19 years old, she enjoys a unique retirement in the tranquil countryside of Occitanie, where she spends her days exploring nature. Living in a rural area outside urban centers, she embraces the peaceful lifestyle and the beauty of her surroundings."
fr_0085,male,23,18-24,worker,Provence-Alpes-Côte d'Azur,paris_urban_unit,"At 23 years old, he works in a local factory in the bustling urban area of Paris. Residing in the scenic region of Provence-Alpes-Côte d'Azur, he balances his labor with the beauty of his surroundings."
fr_0086,female,32,25-34,retired,Auvergne-Rhône-Alpes,urban_unit_100k_to_1_999_999,"At 32 years old, she enjoys her retirement in a bustling urban area of Auvergne-Rhône-Alpes. Her days are filled with community activities and exploring local culture in a vibrant city environment."
fr_0087,female,59,50-64,manager_intellectual_profession,Nouvelle-Aquitaine,paris_urban_unit,"At 59, she excels as a manager in a prestigious intellectual profession in Nouvelle-Aquitaine. Residing in the vibrant Paris urban unit, she navigates the complexities of her role while engaging with the cultural richness of the city."
fr_0088,male,60,50-64,manager_intellectual_profession,Île-de-France,urban_unit_100k_to_1_999_999,"At 60 years old, he manages a team of professionals in a bustling tech firm in the heart of Île-de-France. Living in an urban area with a population of over 100,000, he enjoys the vibrant culture and diversity of city life."
fr_0089,male,61,50-64,other_inactive,Bourgogne-Franche-Comté,urban_unit_under_20k,"At 61, he resides in a quaint urban unit in Bourgogne-Franche-Comté with a population under 20,000. Classified as other_inactive, he enjoys the slower pace of life and the rich cultural heritage of his region."
fr_0090,female,30,25-34,worker,Bretagne,paris_urban_unit,"At 30 years old, she works in a local bakery in Bretagne, blending traditional recipes with modern techniques. Living in the vibrant Paris urban unit, she enjoys the rich cultural tapestry of the city while maintaining her roots in the countryside."
fr_0091,male,63,50-64,farmer,Île-de-France,urban_unit_100k_to_1_999_999,"At 63, he has spent his life cultivating vegetables on the outskirts of Paris, balancing urban demands with sustainable farming practices. Living in a bustling urban area, he advocates for local food production and community-supported agriculture."
fr_0092,female,19,18-24,other_inactive,Bretagne,paris_urban_unit,"A 19-year-old woman resides in the urban area of Paris, Bretagne. Identified as other_inactive, she is currently exploring her interests while navigating the complexities of young adulthood."
fr_0093,female,34,25-34,other_inactive,Île-de-France,urban_unit_under_20k,"At 34 years old, she resides in an urban area of Île-de-France with a population under 20,000. Classified as other_inactive, she spends her time engaging in community activities and exploring local culture."
fr_0094,male,93,65+,other_inactive,Nouvelle-Aquitaine,rural_outside_urban_unit,"At 93 years old, he enjoys a quiet life in rural Nouvelle-Aquitaine, surrounded by scenic landscapes and nature. Classified as other_inactive, he spends his days tending to his garden and reminiscing about the past."
fr_0095,male,37,35-49,craft_trader_business_owner,Hauts-de-France,urban_unit_100k_to_1_999_999,"At 37 years old, he runs a successful craft trading business in an urban area of Hauts-de-France. His entrepreneurial spirit thrives in a vibrant community of nearly 500,000 residents."
fr_0096,female,27,25-34,craft_trader_business_owner,Hauts-de-France,urban_unit_100k_to_1_999_999,"At 27 years old, she runs a successful craft trading business in the bustling urban environment of Hauts-de-France. Her entrepreneurial spirit thrives in a vibrant community of over 100,000 residents, where creativity and commerce intersect."
fr_0097,male,39,35-49,employee,Occitanie,urban_unit_100k_to_1_999_999,"At 39 years old, he works as an employee in an urban area of Occitanie with a population between 100,000 and 1,000,000. His life in this vibrant setting shapes his interests in culture and community engagement."
fr_0098,female,23,18-24,other_inactive,Île-de-France,paris_urban_unit,"At 23 years old, she resides in the vibrant urban unit of Paris, where the cultural pulse of Île-de-France surrounds her. Currently classified as inactive, she spends her time exploring local art scenes and engaging in community activities."
fr_0099,female,46,35-49,employee,Bretagne,urban_unit_100k_to_1_999_999,"At 46 years old, she works as an employee in a bustling urban area of Bretagne. Her life in this vibrant city is marked by a blend of professional dedication and community engagement."
fr_0100,female,18,18-24,worker,Île-de-France,paris_urban_unit,"Eighteen years old, she works part-time in a café in the bustling heart of Paris. Living in the Île-de-France region, she dreams of pursuing a career in the arts while navigating the vibrant urban life around her."
fr_0101,female,61,50-64,worker,Île-de-France,paris_urban_unit,"At 61 years old, she has dedicated her career to the retail sector, working in a bustling shop in the heart of Paris. Living in the Île-de-France region, she enjoys the vibrant culture and community of the urban unit surrounding her."
fr_0102,female,26,25-34,employee,Île-de-France,urban_unit_under_20k,"At 26 years old, she works as an employee in a dynamic urban area of Île-de-France with a population under 20,000. Balancing her career and personal life, she enjoys the vibrant culture and community of her surroundings."
fr_0103,male,67,65+,retired,Pays de la Loire,urban_unit_100k_to_1_999_999,"At 67 years old, he enjoys a peaceful retirement in an urban area of Pays de la Loire. His days are filled with leisurely walks and community engagement, embracing the vibrant culture around him."
fr_0104,male,64,50-64,manager_intellectual_profession,Île-de-France,rural_outside_urban_unit,"At 64 years old, he serves as a manager in a consulting firm while residing in a rural area of Île-de-France. His intellectual pursuits include reading philosophy and engaging in community educational programs."
fr_0105,female,62,50-64,manager_intellectual_profession,Île-de-France,rural_outside_urban_unit,"At 62, she manages a team of researchers in a rural area of Île-de-France, contributing to innovative projects in her field. Her passion for intellectual pursuits drives her commitment to fostering growth and collaboration among her colleagues."
fr_0106,male,36,35-49,retired,Occitanie,urban_unit_20k_to_99k,"At 36 years old, he enjoys a leisurely retirement in an urban area of Occitanie with a population between 20,000 and 99,000. His days are filled with exploring local culture and indulging in his passion for painting."
fr_0107,male,38,35-49,intermediate_profession,Bourgogne-Franche-Comté,paris_urban_unit,"At 38 years old, he works as a project manager in a small tech firm located in the Paris urban unit. Residing in Bourgogne-Franche-Comté, he balances his professional life with a passion for local wines and cycling through the scenic countryside."
fr_0108,female,85,65+,employee,Île-de-France,urban_unit_100k_to_1_999_999,"At 85 years old, she has dedicated her life to her career as an employee in the bustling urban environment of Île-de-France. Residing in a vibrant community with a population between 100,000 and 1 million, she enjoys the rich culture and amenities the city offers."
fr_0109,male,33,25-34,manager_intellectual_profession,Guyane,paris_urban_unit,"At 33 years old, he manages a team in a growing tech firm in Guyane, leveraging his intellectual skills to drive innovation. Residing in the Paris urban unit, he enjoys the vibrant cultural scene and diverse community."
fr_0110,male,55,50-64,employee,Auvergne-Rhône-Alpes,urban_unit_under_20k,"At 55 years old, he works as an employee in a small urban unit in Auvergne-Rhône-Alpes with a population under 20,000. He enjoys the blend of rural charm and urban convenience, contributing to his close-knit community."
fr_0111,female,81,65+,other_inactive,Pays de la Loire,rural_outside_urban_unit,"At 81 years old, she enjoys the tranquility of rural life in Pays de la Loire, where she finds joy in gardening and birdwatching. Embracing her status as other_inactive, she cherishes time spent with family and friends in her tight-knit community."
fr_0112,male,87,65+,intermediate_profession,Nouvelle-Aquitaine,urban_unit_100k_to_1_999_999,"At 87 years old, he has spent his life as an intermediate professional in the bustling urban environment of Nouvelle-Aquitaine. He enjoys the vibrant culture and community of his city, engaging in local events and activities."
fr_0113,female,86,65+,other_inactive,Occitanie,urban_unit_20k_to_99k,"An 86-year-old woman resides in an urban unit of Occitanie with a population between 20,000 and 99,000. Classified as other_inactive, she enjoys her retirement in a vibrant community filled with local culture."
fr_0114,male,77,65+,manager_intellectual_profession,Grand Est,urban_unit_under_20k,"At 77 years old, he has dedicated his career to managing projects in the cultural sector, fostering intellectual engagement within his community. Residing in a small urban area of Grand Est, he remains actively involved in local initiatives aimed at enhancing educational opportunities."
fr_0115,female,74,65+,other_inactive,Pays de la Loire,urban_unit_under_20k,"At 74 years old, she enjoys a quiet life in a small urban unit in Pays de la Loire, spending her days gardening and reading. Classified as inactive, she cherishes her close-knit community and the peaceful environment."
fr_0116,female,70,65+,retired,Grand Est,paris_urban_unit,"At 70 years old, she enjoys her retirement in the picturesque region of Grand Est, within the Paris urban unit. Embracing her golden years, she spends her time volunteering and exploring local culture."
fr_0117,male,41,35-49,worker,Hauts-de-France,rural_outside_urban_unit,"At 41 years old, he works as a factory technician in the Hauts-de-France region. Living in a rural area outside the urban unit, he enjoys the tranquility of his countryside surroundings."
fr_0118,female,29,25-34,retired,Bourgogne-Franche-Comté,urban_unit_100k_to_1_999_999,"At 29 years old, she is a retired professional living in an urban area of Bourgogne-Franche-Comté. Her early retirement allows her to engage in community activities and explore local culture."
fr_0119,female,57,50-64,craft_trader_business_owner,Auvergne-Rhône-Alpes,urban_unit_under_20k,"A 57-year-old craft trader and business owner thrives in an urban unit of under 20,000 residents in Auvergne-Rhône-Alpes. She passionately promotes local artisanship while contributing to her community's economic vitality."
fr_0120,male,62,50-64,worker,Bretagne,urban_unit_100k_to_1_999_999,"At 62, he has spent decades working in the bustling urban environment of a mid-sized city in Bretagne. His life has been shaped by the vibrant culture and community that characterizes urban living in this historic region."
fr_0121,female,30,25-34,employee,Martinique,urban_unit_100k_to_1_999_999,"At 30 years old, she works as an administrative assistant in an urban area of Martinique. Balancing her career and personal life, she enjoys exploring the vibrant culture and natural beauty of her island home."
fr_0122,female,33,25-34,other_inactive,Nouvelle-Aquitaine,urban_unit_20k_to_99k,"At 33 years old, she resides in an urban area of Nouvelle-Aquitaine with a population between 20,000 and 99,000. Classified as other_inactive, she enjoys a lifestyle that allows for exploration of her interests outside traditional employment."
fr_0123,male,77,65+,worker,Bourgogne-Franche-Comté,urban_unit_100k_to_1_999_999,"At 77 years old, he has spent decades working in the bustling urban centers of Bourgogne-Franche-Comté. Now retired, he enjoys the vibrant culture and community life that his city offers."
fr_0124,female,24,18-24,employee,Provence-Alpes-Côte d'Azur,rural_outside_urban_unit,A 24-year-old woman works as an administrative assistant in a small local business in Provence-Alpes-Côte d'Azur. She enjoys the tranquility of rural life while exploring the scenic landscapes and vibrant culture of her region.
fr_0125,female,41,35-49,intermediate_profession,Auvergne-Rhône-Alpes,rural_outside_urban_unit,"At 41 years old, she has developed a successful career as an administrative manager in the rural community of Auvergne-Rhône-Alpes. Balancing her professional life, she enjoys the tranquility of nature and the close-knit relationships found in her rural surroundings."
fr_0126,male,56,50-64,other_inactive,Auvergne-Rhône-Alpes,urban_unit_100k_to_1_999_999,"At 56 years old, he resides in an urban unit of Auvergne-Rhône-Alpes, where he enjoys a quieter lifestyle. Classified as other_inactive, he spends his time exploring local culture and community events."
fr_0127,male,25,25-34,intermediate_profession,Pays de la Loire,rural_outside_urban_unit,"At 25 years old, he works as a technician in a rural area of Pays de la Loire. He enjoys the tranquility of country life while contributing to the local economy."
fr_0128,male,80,65+,intermediate_profession,Hauts-de-France,urban_unit_20k_to_99k,"An 80-year-old man from Hauts-de-France has spent his life working in an intermediate profession, contributing to the local economy. Residing in an urban area with a population between 20,000 and 99,000, he enjoys the vibrant community and culture around him."
fr_0129,female,43,35-49,intermediate_profession,Nouvelle-Aquitaine,paris_urban_unit,A 43-year-old woman from Nouvelle-Aquitaine works in an intermediate profession within the Paris urban unit. She balances her career with a passion for local culture and community engagement.
fr_0130,male,92,65+,farmer,Occitanie,urban_unit_100k_to_1_999_999,"At 92 years old, he has spent a lifetime cultivating the fertile lands of Occitanie as a dedicated farmer. Residing in a vibrant urban area with a population between 100,000 and 999,999, he continues to contribute to the local agricultural community."
fr_0131,female,22,18-24,other_inactive,Normandie,urban_unit_20k_to_99k,"At 22 years old, she resides in a vibrant urban area of Normandie with a population between 20,000 and 99,000. Currently classified as inactive, she spends her time exploring local culture and engaging with her community."
fr_0132,male,25,25-34,other_inactive,Île-de-France,urban_unit_20k_to_99k,"At 25 years old, he resides in an urban area of Île-de-France with a population between 20,000 and 99,000. Currently classified as other_inactive, he spends his time exploring local culture and community initiatives."
fr_0133,female,72,65+,other_inactive,Île-de-France,rural_outside_urban_unit,"At 72 years old, she enjoys a quiet life in the rural outskirts of Île-de-France, engaging in gardening and local community events. Classified as other_inactive, she cherishes her time spent with family and friends in the serene countryside."
fr_0134,male,63,50-64,retired,Nouvelle-Aquitaine,urban_unit_100k_to_1_999_999,"At 63 years old, he enjoys his retirement in an urban area of Nouvelle-Aquitaine. His days are filled with leisurely pursuits and exploring the vibrant culture of his city."
fr_0135,female,31,25-34,intermediate_profession,Occitanie,urban_unit_20k_to_99k,"At 31 years old, she works in an intermediate profession in an urban area of Occitanie with a population between 20,000 and 99,000. She enjoys the vibrant culture and community life that her city offers."
fr_0136,male,32,25-34,employee,Bourgogne-Franche-Comté,rural_outside_urban_unit,"At 32 years old, he works as an employee in a small agricultural firm in the Bourgogne-Franche-Comté region. Residing in a rural area outside of urban centers, he enjoys the tranquility and close-knit community life."
fr_0137,male,71,65+,retired,Normandie,rural_outside_urban_unit,"At 71 years old, he enjoys a peaceful retirement in the rural outskirts of Normandie. His days are filled with gardening and community gatherings, reflecting a life well-lived in a serene environment."
fr_0138,female,69,65+,intermediate_profession,Nouvelle-Aquitaine,urban_unit_100k_to_1_999_999,"At 69, she has spent decades as a skilled technician in the bustling urban landscape of Nouvelle-Aquitaine. Her experience and knowledge contribute to the vibrant community, where she enjoys the blend of city life and local culture."
fr_0139,male,52,50-64,retired,Île-de-France,paris_urban_unit,"At 52 years old, he enjoys a peaceful retirement in the bustling urban environment of Île-de-France. His days are filled with leisurely strolls through Parisian parks and exploring local culture."
fr_0140,male,44,35-49,employee,Bourgogne-Franche-Comté,paris_urban_unit,"At 44 years old, he works as an employee in the Bourgogne-Franche-Comté region. Residing in the Paris urban unit, he enjoys the blend of rural charm and urban convenience."
fr_0141,male,26,25-34,intermediate_profession,Auvergne-Rhône-Alpes,paris_urban_unit,"At 26, he works in an intermediate profession and resides in the vibrant urban landscape of Auvergne-Rhône-Alpes. His work-life balance reflects the dynamic culture of the Paris urban unit, where he enjoys both professional growth and leisure activities."
fr_0142,male,68,65+,manager_intellectual_profession,Île-de-France,rural_outside_urban_unit,"At 68, he is a retired manager who spent decades in strategic planning for a multinational corporation. Now residing in rural Île-de-France, he enjoys mentoring local startups and engaging in community development initiatives."
fr_0143,female,64,50-64,employee,Provence-Alpes-Côte d'Azur,urban_unit_under_20k,"At 64 years old, she is an employee residing in a small urban unit in Provence-Alpes-Côte d'Azur. Her life is characterized by the charm of the region and the vibrant community within her close-knit neighborhood."
fr_0144,male,27,25-34,employee,Occitanie,urban_unit_100k_to_1_999_999,"At 27 years old, he works as an employee in an urban area of Occitanie, contributing to the region's vibrant economy. His life in a bustling city allows him to enjoy a mix of culture, work opportunities, and social activities."
fr_0145,male,93,65+,worker,Grand Est,urban_unit_under_20k,"At 93 years old, he has spent his life as a dedicated worker in the vibrant urban landscape of Grand Est. Living in a small community of under 20,000 residents, he cherishes the connections forged over decades in his close-knit neighborhood."
fr_0146,male,84,65+,other_inactive,Bretagne,rural_outside_urban_unit,"At 84 years old, he enjoys the serene landscape of rural Bretagne, where he has spent most of his life. Embracing a slower pace in his retirement, he finds joy in gardening and birdwatching in his quiet surroundings."
fr_0147,male,75,65+,retired,Auvergne-Rhône-Alpes,urban_unit_20k_to_99k,"At 75, he enjoys a peaceful retirement in a vibrant urban area of Auvergne-Rhône-Alpes. His days are filled with leisurely walks in the park and engaging with the local community."
fr_0148,male,81,65+,worker,Île-de-France,urban_unit_under_20k,"At 81 years old, he has spent decades working in the bustling industries of Île-de-France. Residing in a small urban unit with fewer than 20,000 residents, he values the close-knit community where he has built his life."
fr_0149,male,87,65+,intermediate_profession,La Réunion,paris_urban_unit,"At 87 years old, he has spent his life working in various intermediate professions in La Réunion. Now residing in the Paris urban unit, he enjoys reflecting on his rich experiences amidst the vibrant culture."
fr_0150,female,44,35-49,craft_trader_business_owner,Nouvelle-Aquitaine,rural_outside_urban_unit,"At 44 years old, she owns a successful craft trading business in the picturesque rural region of Nouvelle-Aquitaine. Her passion for handmade goods has fostered a strong connection with the local community and beyond."
fr_0151,female,34,25-34,other_inactive,Occitanie,paris_urban_unit,"At 34 years old, she resides in the vibrant urban landscape of Paris within the Occitanie region. Currently classified as other_inactive, she dedicates her time to personal projects and community engagement."
fr_0152,female,65,65+,retired,Occitanie,urban_unit_20k_to_99k,"At 65 years old, she enjoys her retirement in a vibrant urban area of Occitanie with a population between 20,000 and 99,000. Embracing her newfound leisure, she actively participates in community activities and local cultural events."
fr_0153,male,32,25-34,employee,Pays de la Loire,rural_outside_urban_unit,"At 32 years old, he works as an employee in a small agricultural firm in Pays de la Loire. He enjoys the tranquility of rural life, surrounded by the scenic landscapes of his countryside home."
fr_0154,male,24,18-24,worker,Hauts-de-France,paris_urban_unit,"At 24 years old, he works in a manufacturing job in Hauts-de-France. Living in the Paris urban unit, he navigates the challenges of urban life while pursuing his career."
fr_0155,female,86,65+,craft_trader_business_owner,Île-de-France,urban_unit_100k_to_1_999_999,An 86-year-old craft trader and business owner thrives in the bustling urban landscape of Île-de-France. Her lifelong dedication to handmade artistry has fostered a vibrant community of creativity and entrepreneurship.
fr_0156,male,22,18-24,worker,Île-de-France,urban_unit_100k_to_1_999_999,"At 22 years old, he works in a bustling urban area of Île-de-France, navigating the challenges of city life. Balancing his job and social activities, he embraces the vibrant culture and diversity of his surroundings."
fr_0157,male,80,65+,employee,Centre-Val de Loire,urban_unit_20k_to_99k,"An 80-year-old man lives in an urban area of Centre-Val de Loire, where he has worked as an employee for most of his life. He enjoys the vibrant community and cultural activities that his city offers at this stage of his life."
fr_0158,female,66,65+,employee,Grand Est,urban_unit_20k_to_99k,"At 66 years old, she has spent decades working as an administrative assistant in an urban area of Grand Est. Living in a community with a population between 20,000 and 99,000, she enjoys the vibrancy of city life while planning her upcoming retirement."
fr_0159,female,88,65+,intermediate_profession,Normandie,paris_urban_unit,"An 88-year-old woman from Normandie works in an intermediate profession, contributing her skills to the local community. Residing in the Paris urban unit, she enjoys the vibrant culture and accessibility of the city."
fr_0160,female,70,65+,other_inactive,Provence-Alpes-Côte d'Azur,paris_urban_unit,"At 70 years old, she enjoys a peaceful retirement in the picturesque setting of Provence-Alpes-Côte d'Azur. Residing in an urban unit of Paris, she finds joy in gardening and local art exhibitions while embracing an inactive lifestyle."
fr_0161,male,38,35-49,employee,Hauts-de-France,rural_outside_urban_unit,"At 38 years old, he works as an employee in a local manufacturing company in Hauts-de-France. Residing in a rural area outside the urban unit, he enjoys a quieter life surrounded by nature."
fr_0162,female,40,35-49,intermediate_profession,Auvergne-Rhône-Alpes,rural_outside_urban_unit,"At 40 years old, she works in an intermediate profession, balancing her career with the demands of rural life in Auvergne-Rhône-Alpes. Living outside urban units, she enjoys the tranquility of nature while contributing to her local community."
fr_0163,male,44,35-49,retired,Auvergne-Rhône-Alpes,urban_unit_under_20k,"At 44 years old, he enjoys his retirement in a small urban area of Auvergne-Rhône-Alpes. Embracing leisure, he spends his time exploring local culture and engaging with the community."
fr_0164,female,54,50-64,manager_intellectual_profession,Occitanie,urban_unit_100k_to_1_999_999,"A 54-year-old manager in an intellectual profession, she navigates the complexities of urban life in Occitanie. Her role involves strategic decision-making and fostering innovation in her company, contributing to the region's economic growth."
fr_0165,male,51,50-64,other_inactive,Île-de-France,urban_unit_under_20k,"At 51 years old, he resides in a small urban unit in Île-de-France, where he embraces a quieter lifestyle. Classified as inactive, he enjoys local community activities and spends time exploring the cultural offerings of the region."
fr_0166,male,18,18-24,other_inactive,Bourgogne-Franche-Comté,urban_unit_100k_to_1_999_999,"At 18 years old, he resides in an urban area of Bourgogne-Franche-Comté with a population between 100,000 and 1,000,000. Classified as other_inactive, he spends his time exploring local culture and community activities."
fr_0167,male,61,50-64,retired,Île-de-France,urban_unit_under_20k,"At 61 years old, he enjoys his retirement in a small urban community in Île-de-France. His days are filled with leisurely strolls through the city and engaging in local cultural events."
fr_0168,male,27,25-34,worker,Auvergne-Rhône-Alpes,urban_unit_100k_to_1_999_999,"At 27 years old, he works in a manufacturing job in an urban area of Auvergne-Rhône-Alpes. He enjoys exploring local hiking trails and participating in community events during his free time."
fr_0169,female,64,50-64,employee,Bourgogne-Franche-Comté,urban_unit_100k_to_1_999_999,"At 64 years old, she works as an administrative employee in an urban area of Bourgogne-Franche-Comté. Her vibrant city life is enriched by local cultural events and community activities."
fr_0170,female,66,65+,retired,Normandie,paris_urban_unit,"At 66 years old, she enjoys her retirement in a charming village in Normandie, near the bustling urban unit of Paris. Embracing her newfound freedom, she spends her days exploring local markets and indulging in her passion for gardening."
fr_0171,male,42,35-49,other_inactive,Occitanie,urban_unit_under_20k,"At 42 years old, he resides in a small urban unit in Occitanie, where he leads a quieter, inactive lifestyle. His daily routine often revolves around community events and local culture, enjoying the charm of his close-knit neighborhood."
fr_0172,male,37,35-49,other_inactive,Provence-Alpes-Côte d'Azur,urban_unit_20k_to_99k,"At 37 years old, he resides in an urban area of Provence-Alpes-Côte d'Azur with a population between 20,000 and 99,000. Classified as other_inactive, he engages in community activities while enjoying the vibrant local culture."
fr_0173,male,42,35-49,intermediate_profession,Auvergne-Rhône-Alpes,urban_unit_under_20k,"At 42 years old, he works in an intermediate profession in a small urban unit in Auvergne-Rhône-Alpes. He enjoys the balance of city life while being close to the region's beautiful natural landscapes."
fr_0174,male,43,35-49,worker,Auvergne-Rhône-Alpes,rural_outside_urban_unit,"At 43 years old, he works as a carpenter in a small rural village in Auvergne-Rhône-Alpes. His life is shaped by the rhythms of nature and the close-knit community around him."
fr_0175,male,49,35-49,worker,Île-de-France,rural_outside_urban_unit,"At 49 years old, he works as a skilled tradesman in the rural outskirts of Île-de-France. His life is marked by a strong connection to the local community and a deep appreciation for the natural landscape surrounding him."
fr_0176,male,38,35-49,employee,Provence-Alpes-Côte d'Azur,paris_urban_unit,"At 38 years old, he works as an employee in the vibrant region of Provence-Alpes-Côte d'Azur. Residing in a bustling area classified as a Paris urban unit, he enjoys the blend of urban life and natural beauty."
fr_0177,male,44,35-49,retired,Centre-Val de Loire,urban_unit_under_20k,"At 44 years old, he enjoys his retirement in a small urban community in Centre-Val de Loire. He spends his days exploring local parks and volunteering at community events."
fr_0178,male,41,35-49,retired,Île-de-France,paris_urban_unit,"At 41, he enjoys his retirement in the vibrant urban unit of Paris, having stepped away from a decade-long career in finance. Embracing the cultural richness of Île-de-France, he spends his days exploring art galleries and local cuisine."
fr_0179,male,20,18-24,manager_intellectual_profession,Provence-Alpes-Côte d'Azur,rural_outside_urban_unit,"At 20 years old, he manages a local agricultural cooperative in the picturesque countryside of Provence-Alpes-Côte d'Azur. Balancing his intellectual pursuits with hands-on leadership, he is committed to sustainable farming practices in his rural community."
fr_0180,male,18,18-24,worker,Auvergne-Rhône-Alpes,urban_unit_100k_to_1_999_999,An 18-year-old male from the urban area of Auvergne-Rhône-Alpes works in a local manufacturing plant. He enjoys exploring the vibrant city life while balancing his job and social activities with friends.
fr_0181,female,48,35-49,worker,Hauts-de-France,rural_outside_urban_unit,A 48-year-old woman from rural Hauts-de-France balances her work as a factory operator with the tranquility of country life. She enjoys the close-knit community and natural beauty of her surroundings while managing her daily responsibilities.
fr_0182,female,53,50-64,intermediate_profession,Provence-Alpes-Côte d'Azur,rural_outside_urban_unit,"At 53 years old, she works in an intermediate profession and enjoys a tranquil life in the picturesque countryside of Provence-Alpes-Côte d'Azur. This rural area offers her a deep connection to nature and a slower pace away from urban distractions."
fr_0183,female,69,65+,worker,Nouvelle-Aquitaine,urban_unit_under_20k,"At 69 years old, she has spent her life working in various local industries in Nouvelle-Aquitaine. Residing in a small urban area with fewer than 20,000 residents, she enjoys the close-knit community and vibrant local culture."
fr_0184,male,26,25-34,retired,Île-de-France,urban_unit_20k_to_99k,"At 26 years old, he retired early after a successful career in tech startups and now resides in an urban area of Île-de-France. Embracing a leisurely lifestyle, he enjoys exploring local culture and engaging in community volunteer work."
fr_0185,female,63,50-64,employee,Grand Est,urban_unit_100k_to_1_999_999,"At 63 years old, she has spent over four decades as an employee in the vibrant urban center of Grand Est. Her life reflects a blend of experience and commitment to her community within a bustling population of nearly a million."
fr_0186,female,81,65+,manager_intellectual_profession,Île-de-France,urban_unit_under_20k,"An 81-year-old manager in an intellectual profession, she has dedicated her life to fostering education and community development in urban Île-de-France. Residing in a small urban unit, she continues to inspire others with her passion for lifelong learning and mentorship."
fr_0187,male,83,65+,employee,Guyane,urban_unit_100k_to_1_999_999,"At 83 years old, he has spent his life working as an employee in the bustling urban environment of Guyane. He continues to engage with his community, contributing to local initiatives that support the elderly."
fr_0188,female,75,65+,manager_intellectual_profession,Auvergne-Rhône-Alpes,urban_unit_100k_to_1_999_999,"At 75, she has dedicated her career to managing urban development projects in the vibrant Auvergne-Rhône-Alpes region. Living in a bustling city of over 100,000 residents, she remains an active advocate for sustainable urban planning and community engagement."
fr_0189,female,18,18-24,retired,Provence-Alpes-Côte d'Azur,urban_unit_20k_to_99k,"At 18 years old, she enjoys a unique retirement life in an urban area of Provence-Alpes-Côte d'Azur. Her days are filled with exploring local culture and engaging in community activities."
fr_0190,male,72,65+,other_inactive,Nouvelle-Aquitaine,rural_outside_urban_unit,"At 72 years old, he enjoys a quiet life in rural Nouvelle-Aquitaine, surrounded by the tranquility of nature. As an other_inactive individual, he spends his days tending to his garden and exploring local landscapes."
fr_0191,male,87,65+,employee,Normandie,paris_urban_unit,"At 87 years old, he has spent decades as a dedicated employee in the bustling Paris urban unit of Normandie. Now enjoying retirement, he reflects on his life amidst the charm of the Normandy landscape."
fr_0192,male,43,35-49,other_inactive,Guadeloupe,paris_urban_unit,"At 43 years old, he resides in an urban area of Guadeloupe, enjoying the vibrant culture and community life. Classified as other_inactive, he spends his time exploring local art scenes and engaging with nature."
fr_0193,female,18,18-24,intermediate_profession,Auvergne-Rhône-Alpes,paris_urban_unit,"At 18 years old, she navigates life in the vibrant urban environment of the Paris urban unit while pursuing her career in an intermediate profession. Growing up in Auvergne-Rhône-Alpes, she blends her regional roots with the dynamic opportunities of city life."
fr_0194,female,62,50-64,intermediate_profession,Auvergne-Rhône-Alpes,urban_unit_under_20k,"At 62 years old, she works as an office manager in a small urban unit in Auvergne-Rhône-Alpes. Balancing her career and community involvement, she enjoys the vibrant local culture and close-knit relationships of her town."
fr_0195,male,58,50-64,retired,Pays de la Loire,paris_urban_unit,"At 58 years old, he enjoys a peaceful retirement in the vibrant urban environment of Pays de la Loire. His daily routine includes exploring local parks and engaging with the community around him."
fr_0196,male,36,35-49,retired,Île-de-France,urban_unit_under_20k,"At 36 years old, he enjoys a peaceful retirement in a small urban unit in Île-de-France. His days are now filled with leisurely pursuits and exploring the local culture."
fr_0197,male,19,18-24,employee,Île-de-France,urban_unit_under_20k,"At 19 years old, he works as a part-time employee in a bustling urban area of Île-de-France. Living in a vibrant community with less than 20,000 residents, he balances work and his social life amid the city's fast pace."
fr_0198,male,26,25-34,retired,Île-de-France,urban_unit_100k_to_1_999_999,"At 26 years old, he enjoys a rare retirement in the bustling urban landscapes of Île-de-France. Embracing his newfound freedom, he spends his days exploring the vibrant culture and opportunities of his lively city."
fr_0199,female,94,65+,other_inactive,Bretagne,urban_unit_20k_to_99k,"At 94 years old, she enjoys the vibrant culture and community of her urban Bretagne neighborhood. Classified as other_inactive, she spends her days reminiscing and connecting with her family and friends."
fr_0200,female,75,65+,other_inactive,Hauts-de-France,urban_unit_20k_to_99k,"At 75 years old, she enjoys a quiet life in an urban unit of Hauts-de-France, surrounded by the vibrant culture of her community. Classified as other_inactive, she spends her days volunteering at local charities and nurturing her passion for gardening."
fr_0201,female,32,25-34,intermediate_profession,Bretagne,rural_outside_urban_unit,"At 32 years old, she works as an environmental consultant in a rural area of Bretagne. Balancing her professional life with a passion for sustainable agriculture, she enjoys the tranquility of her countryside surroundings."
fr_0202,female,57,50-64,manager_intellectual_profession,Centre-Val de Loire,urban_unit_under_20k,"At 57, she successfully manages a small urban consulting firm in Centre-Val de Loire, where she applies her intellectual acumen to solve complex business challenges. A dedicated advocate for local economic development, she actively mentors young professionals in her community."
fr_0203,male,48,35-49,intermediate_profession,Occitanie,urban_unit_100k_to_1_999_999,"At 48 years old, he resides in an urban area of Occitanie with a population between 100,000 and 1,000,000. Employed in an intermediate profession, he balances his career with family life in the vibrant community."
fr_0204,male,31,25-34,intermediate_profession,Île-de-France,urban_unit_100k_to_1_999_999,"At 31 years old, he navigates the vibrant urban landscape of Île-de-France, balancing his role in an intermediate profession with the dynamic pace of city life. Residing in a bustling area with a population between 100,000 and 1,000,000, he thrives on the diverse opportunities and cultural experiences that his environment offers."
fr_0205,female,48,35-49,retired,Grand Est,urban_unit_under_20k,"At 48 years old, she enjoys her retirement in a small urban unit in Grand Est, where she has lived for most of her life. She spends her days volunteering at local community centers and exploring her passion for gardening."
fr_0206,female,46,35-49,other_inactive,Hauts-de-France,urban_unit_20k_to_99k,"At 46 years old, she resides in an urban area of Hauts-de-France with a population between 20,000 and 99,000. Currently classified as other_inactive, she engages in community activities while supporting local initiatives."
fr_0207,male,40,35-49,craft_trader_business_owner,Île-de-France,urban_unit_under_20k,"At 40 years old, he runs a successful craft trading business in an urban area of Île-de-France with a population under 20,000. His passion for handmade goods and local artistry drives him to connect with his community and support fellow artisans."
fr_0208,male,93,65+,retired,Auvergne-Rhône-Alpes,rural_outside_urban_unit,"At 93 years old, he enjoys the tranquility of rural life in Auvergne-Rhône-Alpes, where he has retired after a long career. Embracing the slower pace, he spends his days tending to his garden and reminiscing about the past."
fr_0209,male,42,35-49,employee,Hauts-de-France,urban_unit_20k_to_99k,"At 42 years old, he works as an employee in an urban area of Hauts-de-France with a population between 20,000 and 99,000. He enjoys the vibrant culture and community life that urban living offers while balancing his career and personal interests."
fr_0210,female,30,25-34,retired,Nouvelle-Aquitaine,urban_unit_100k_to_1_999_999,"At 30 years old, she enjoys an early retirement in urban Nouvelle-Aquitaine. She spends her time exploring local art galleries and volunteering in community initiatives."
fr_0211,male,55,50-64,employee,Provence-Alpes-Côte d'Azur,paris_urban_unit,"At 55 years old, he has built a stable career as an employee in the vibrant region of Provence-Alpes-Côte d'Azur. Residing in an area classified as a Paris urban unit, he enjoys the blend of urban life and stunning natural landscapes."
fr_0212,male,37,35-49,retired,Provence-Alpes-Côte d'Azur,paris_urban_unit,"At 37 years old, he enjoys a quiet retirement in the picturesque region of Provence-Alpes-Côte d'Azur, having stepped back from a bustling career in urban Paris. Embracing the slower pace of life, he spends his days exploring the natural beauty and cultural heritage of his surroundings."
fr_0213,female,58,50-64,retired,Provence-Alpes-Côte d'Azur,urban_unit_20k_to_99k,"At 58 years old, she enjoys her retirement in an urban area of Provence-Alpes-Côte d'Azur, surrounded by the region's beautiful landscapes. Her days are filled with exploring local art galleries and participating in community events."
fr_0214,male,48,35-49,intermediate_profession,Hauts-de-France,urban_unit_20k_to_99k,"At 48 years old, he works as a project coordinator in the urban area of Hauts-de-France, balancing professional responsibilities with family life. He enjoys exploring the local culture and participating in community events during his free time."
fr_0215,female,35,35-49,other_inactive,Normandie,urban_unit_20k_to_99k,"A 35-year-old woman resides in an urban area of Normandie with a population between 20,000 and 99,000. Currently classified as inactive, she engages in community activities and local volunteer work."
fr_0216,female,23,18-24,intermediate_profession,Auvergne-Rhône-Alpes,urban_unit_100k_to_1_999_999,"At 23 years old, she works as an administrative assistant in the vibrant urban center of Auvergne-Rhône-Alpes. Living in a city with a population between 100,000 and 1,000,000, she enjoys the dynamic lifestyle and opportunities that urban living offers."
fr_0217,female,30,25-34,intermediate_profession,Pays de la Loire,urban_unit_100k_to_1_999_999,"A 30-year-old woman living in an urban area of Pays de la Loire works in an intermediate profession, contributing to the local economy. She enjoys the vibrant culture and community events that her city offers, enhancing her urban lifestyle."
fr_0218,female,25,25-34,intermediate_profession,Île-de-France,urban_unit_20k_to_99k,"At 25, she works as a marketing coordinator in a bustling urban area of Île-de-France, balancing creativity and strategy. Living in a vibrant community with a population between 20,000 and 99,000, she enjoys the dynamic city life and cultural diversity."
fr_0219,female,91,65+,retired,Bourgogne-Franche-Comté,rural_outside_urban_unit,"At 91 years old, she enjoys a peaceful retirement in the serene countryside of Bourgogne-Franche-Comté. Living outside the urban unit, she cherishes her days tending to her garden and savoring the beauty of rural life."
fr_0220,female,30,25-34,retired,Martinique,urban_unit_under_20k,"At 30 years old, she enjoys a peaceful retirement in an urban area of Martinique with a population under 20,000. Her days are filled with community activities and exploring the island's vibrant culture."
fr_0221,female,18,18-24,retired,Île-de-France,paris_urban_unit,"At 18 years old, she enjoys a unique retirement in the vibrant Paris urban unit of Île-de-France. Embracing her newfound freedom, she spends her days exploring art, culture, and the city's rich history."
fr_0222,male,94,65+,employee,Île-de-France,urban_unit_under_20k,"At 94 years old, he has spent a lifetime working as an employee in the bustling urban environment of Île-de-France. Residing in a small urban unit with under 20,000 residents, he enjoys the close-knit community that has shaped his long life."
fr_0223,female,44,35-49,other_inactive,Auvergne-Rhône-Alpes,paris_urban_unit,"At 44 years old, she resides in the Auvergne-Rhône-Alpes region, navigating life as an other_inactive individual. Living in a Paris urban unit, she finds herself amidst the vibrant culture and energy of the city."
fr_0224,female,73,65+,manager_intellectual_profession,Nouvelle-Aquitaine,paris_urban_unit,"At 73 years old, she has spent decades managing teams in the cultural sector, contributing to the intellectual landscape of Nouvelle-Aquitaine. Residing in the Paris urban unit, she enjoys engaging with local art and literature communities."
fr_0225,female,75,65+,other_inactive,Provence-Alpes-Côte d'Azur,urban_unit_20k_to_99k,"At 75 years old, she enjoys a quiet life in an urban area of Provence-Alpes-Côte d'Azur, where she participates in community activities. Classified as other_inactive, she spends her days exploring local markets and enjoying the vibrant culture around her."
fr_0226,male,54,50-64,manager_intellectual_profession,Centre-Val de Loire,urban_unit_100k_to_1_999_999,"At 54 years old, he is a seasoned manager in the urbanized Centre-Val de Loire region, guiding teams in a dynamic work environment. His intellectual pursuits and leadership skills have earned him respect in the local business community."
fr_0227,female,53,50-64,intermediate_profession,Île-de-France,urban_unit_100k_to_1_999_999,"At 53 years old, she works as an administrative manager in a bustling urban area of Île-de-France. Balancing her career and personal life, she enjoys exploring local culture and connecting with her community."
fr_0228,male,45,35-49,employee,La Réunion,urban_unit_20k_to_99k,"At 45 years old, he works as an employee in the vibrant urban community of La Réunion. His life is shaped by the diverse culture and natural beauty of the island, enriching his daily experiences."
fr_0229,female,75,65+,employee,Bretagne,urban_unit_100k_to_1_999_999,"At 75 years old, she has spent her career as a dedicated employee in a retail store in an urban area of Bretagne. Now enjoying her retirement, she remains active in her community, participating in local events and activities."
fr_0230,female,72,65+,intermediate_profession,Normandie,urban_unit_100k_to_1_999_999,"At 72 years old, she has spent her life working as a local librarian in an urban area of Normandie. Now retired, she enjoys gardening and volunteering at community events in her vibrant city."
fr_0231,female,56,50-64,other_inactive,Grand Est,urban_unit_100k_to_1_999_999,"At 56, she navigates life in an urban area of Grand Est, finding fulfillment in community engagement rather than traditional employment. Embracing her status as other_inactive, she dedicates her time to local volunteer initiatives and cultural activities."
fr_0232,female,71,65+,other_inactive,Pays de la Loire,urban_unit_20k_to_99k,"At 71 years old, she enjoys the vibrant culture of her urban community in Pays de la Loire. As an inactive member of the workforce, she dedicates her time to volunteering and exploring local art exhibitions."
fr_0233,male,54,50-64,employee,Pays de la Loire,rural_outside_urban_unit,A 54-year-old employee resides in the rural outskirts of Pays de la Loire. He enjoys the tranquility of country life while balancing his work commitments in a nearby town.
fr_0234,female,71,65+,retired,Occitanie,urban_unit_under_20k,"At 71 years old, she enjoys her retirement in a quaint urban area of Occitanie with a population under 20,000. Her days are filled with leisurely walks through local parks and engaging with her close-knit community."
fr_0235,female,28,25-34,retired,Nouvelle-Aquitaine,urban_unit_20k_to_99k,"At 28, she enjoys an early retirement in a vibrant urban area of Nouvelle-Aquitaine. Embracing her newfound freedom, she engages in community projects and local art initiatives."
fr_0236,female,30,25-34,manager_intellectual_profession,Centre-Val de Loire,urban_unit_20k_to_99k,"At 30 years old, she manages a team in an urban Centre-Val de Loire firm, leveraging her analytical skills. Residing in a vibrant community of 20,000 to 99,000 residents, she balances her professional life with a passion for local culture."
fr_0237,female,58,50-64,intermediate_profession,Hauts-de-France,urban_unit_100k_to_1_999_999,"At 58 years old, she works as an administrative coordinator in an urban area of Hauts-de-France. Balancing her career and family life, she enjoys the vibrant culture and community of her bustling city."
fr_0238,male,90,65+,retired,Nouvelle-Aquitaine,paris_urban_unit,"At 90 years old, he enjoys his retirement in the vibrant urban landscape of Nouvelle-Aquitaine. Residing in a Paris urban unit, he cherishes the cultural richness and community connections that come with city life."
fr_0239,female,46,35-49,retired,Provence-Alpes-Côte d'Azur,urban_unit_20k_to_99k,"At 46, she enjoys a peaceful retirement in a vibrant urban community in Provence-Alpes-Côte d'Azur. Her days are filled with exploring local culture and indulging in the region's renowned cuisine."
fr_0240,female,63,50-64,employee,Occitanie,rural_outside_urban_unit,"At 63 years old, she works as an employee in a small local business in the rural region of Occitanie. She enjoys the tranquility of her countryside home, surrounded by nature and close-knit community life."
fr_0241,male,25,25-34,employee,Bretagne,urban_unit_100k_to_1_999_999,"At 25 years old, he works as a marketing associate in an urban area of Bretagne. He enjoys the vibrant culture and community life that city living offers."
fr_0242,female,57,50-64,retired,Auvergne-Rhône-Alpes,paris_urban_unit,"At 57 years old, she enjoys her retirement in the picturesque region of Auvergne-Rhône-Alpes, known for its stunning landscapes. Living in the Paris urban unit, she embraces a vibrant lifestyle enriched by cultural experiences and community activities."
fr_0243,male,19,18-24,manager_intellectual_profession,Grand Est,paris_urban_unit,"At 19 years old, he is a promising manager in a tech startup located in the vibrant urban unit of Paris. His keen intellectual ability and innovative approach are shaping the future of digital solutions in the Grand Est region."
fr_0244,female,40,35-49,worker,Auvergne-Rhône-Alpes,urban_unit_100k_to_1_999_999,A 40-year-old woman working in a local manufacturing plant resides in the urban areas of Auvergne-Rhône-Alpes. She enjoys the vibrant culture and community activities available in her city while balancing her career and family life.
fr_0245,female,45,35-49,other_inactive,Pays de la Loire,urban_unit_100k_to_1_999_999,"At 45 years old, she resides in an urban area of Pays de la Loire, surrounded by a vibrant community. Currently classified as other_inactive, she enjoys exploring local culture and supporting small businesses."
fr_0246,female,77,65+,retired,Nouvelle-Aquitaine,paris_urban_unit,"At 77 years old, she enjoys a peaceful retirement in the vibrant urban environment of Nouvelle-Aquitaine. With a lifetime of experiences, she finds joy in exploring local culture and spending time with her family."
fr_0247,male,78,65+,retired,Île-de-France,rural_outside_urban_unit,"At 78 years old, he enjoys the tranquility of rural Île-de-France after a fulfilling career in education. Now retired, he spends his days gardening and volunteering at the local community center."
fr_0248,male,86,65+,worker,Grand Est,urban_unit_20k_to_99k,"At 86 years old, he has spent his life as a dedicated worker in the vibrant urban environment of Grand Est. Living in a city with a population between 20,000 and 99,000, he enjoys the dynamic community around him."
fr_0249,male,42,35-49,retired,Nouvelle-Aquitaine,rural_outside_urban_unit,"At 42 years old, he enjoys a peaceful retirement in the rural landscapes of Nouvelle-Aquitaine. Embracing the tranquility of country life, he spends his days gardening and exploring local nature trails."
fr_0250,female,37,35-49,other_inactive,Provence-Alpes-Côte d'Azur,rural_outside_urban_unit,"At 37, she enjoys a tranquil life in the picturesque countryside of Provence-Alpes-Côte d'Azur. Classified as inactive, she spends her days exploring local markets and cultivating her garden."
fr_0251,male,69,65+,retired,Centre-Val de Loire,paris_urban_unit,"At 69 years old, he enjoys a peaceful retirement in the picturesque Centre-Val de Loire region. Living within the Paris urban unit, he often visits the city for cultural events and family gatherings."
fr_0252,male,89,65+,retired,Nouvelle-Aquitaine,rural_outside_urban_unit,"At 89 years old, he enjoys a peaceful retirement in the rural landscapes of Nouvelle-Aquitaine. His days are filled with gardening and reminiscing about the rich history of his region."
fr_0253,male,83,65+,manager_intellectual_profession,Corse,urban_unit_100k_to_1_999_999,"At 83 years old, he has spent decades managing teams in various intellectual pursuits, contributing to urban development in Corse. Living in a bustling area with a population between 100,000 and 1,000,000, he remains an influential figure in local cultural initiatives."
fr_0254,male,67,65+,intermediate_profession,Nouvelle-Aquitaine,urban_unit_20k_to_99k,A 67-year-old man residing in an urban area of Nouvelle-Aquitaine works in an intermediate profession. He enjoys the vibrant community life and cultural offerings of his city.
fr_0255,female,29,25-34,retired,Hauts-de-France,paris_urban_unit,"At 29 years old, she enjoys her retirement in the vibrant urban setting of Hauts-de-France. Living in the Paris urban unit allows her to explore cultural activities and maintain an active social life."
fr_0256,male,23,18-24,other_inactive,Île-de-France,urban_unit_under_20k,"At 23 years old, he resides in a small urban unit in Île-de-France, where the vibrant city life surrounds him. Currently classified as other_inactive, he spends his time exploring local culture and community activities."
fr_0257,female,23,18-24,other_inactive,Grand Est,rural_outside_urban_unit,"At 23 years old, she resides in the rural outskirts of Grand Est, where the pace of life is slow and serene. Classified as other_inactive, she enjoys exploring her surroundings and engaging with the local community in her own way."
fr_0258,female,82,65+,retired,Bourgogne-Franche-Comté,paris_urban_unit,"At 82 years old, she enjoys her retirement in the picturesque Bourgogne-Franche-Comté region. Living in the Paris urban unit, she cherishes the vibrant culture and community around her."
fr_0259,female,61,50-64,worker,Pays de la Loire,urban_unit_100k_to_1_999_999,"At 61 years old, she has spent her career working in a local manufacturing plant in the vibrant urban center of Pays de la Loire. Living in an area with a population between 100,000 and a million, she enjoys the convenience and amenities of city life."
fr_0260,female,60,50-64,retired,Pays de la Loire,paris_urban_unit,A 60-year-old retired woman resides in the Pays de la Loire region within the Paris urban unit. She enjoys gardening and exploring local art galleries in her leisure time.
fr_0261,male,71,65+,intermediate_profession,Occitanie,paris_urban_unit,"At 71 years old, he has dedicated his life to working as an intermediate professional in the vibrant urban landscape of Occitanie. Residing in a dynamic area classified as a Paris urban unit, he enjoys the blend of culture and community around him."
fr_0262,male,24,18-24,other_inactive,Bretagne,urban_unit_100k_to_1_999_999,"At 24 years old, he resides in an urban area of Bretagne with a population between 100,000 and 1,000,000. Currently classified as other_inactive, he spends his time exploring local culture and nature."
fr_0263,female,37,35-49,retired,Grand Est,urban_unit_20k_to_99k,"At 37, she enjoys her retirement in an urban area of Grand Est, surrounded by a vibrant community. Her days are filled with exploring local culture and engaging in volunteer activities."
fr_0264,male,77,65+,retired,Île-de-France,urban_unit_20k_to_99k,"At 77 years old, he enjoys his retirement in an urban area of Île-de-France with a population between 20,000 and 99,000. He spends his days exploring local parks and engaging with community events."
fr_0265,male,47,35-49,worker,Hauts-de-France,urban_unit_under_20k,"A 47-year-old worker resides in an urban area of Hauts-de-France with a population under 20,000. He balances his daily responsibilities while being an active member of his tight-knit community."
fr_0266,female,62,50-64,retired,Normandie,paris_urban_unit,"At 62 years old, she enjoys her retirement in the picturesque region of Normandie, nestled within the Paris urban unit. Embracing a quieter life, she spends her days exploring local art and indulging in her passion for gardening."
fr_0267,female,40,35-49,intermediate_profession,Auvergne-Rhône-Alpes,urban_unit_under_20k,"A 40-year-old woman from an urban unit under 20,000 in Auvergne-Rhône-Alpes works in an intermediate profession. She balances her career with community involvement and enjoys the cultural offerings of her vibrant local area."
fr_0268,male,43,35-49,intermediate_profession,Île-de-France,urban_unit_100k_to_1_999_999,A 43-year-old man from Île-de-France works in an intermediate profession in a vibrant urban area. He enjoys the cultural diversity and dynamic lifestyle that comes with living in a densely populated city.
fr_0269,male,20,18-24,intermediate_profession,Bretagne,urban_unit_100k_to_1_999_999,"At 20 years old, he is an aspiring graphic designer living in a vibrant urban area of Bretagne. Balancing his studies with part-time work, he is eager to make his mark in the creative industry."
fr_0270,female,25,25-34,intermediate_profession,Provence-Alpes-Côte d'Azur,rural_outside_urban_unit,"At 25 years old, she works as an agricultural technician in a rural area of Provence-Alpes-Côte d'Azur. Her job involves improving sustainable farming practices while enjoying the region's scenic landscapes."
fr_0271,male,57,50-64,retired,Hauts-de-France,urban_unit_100k_to_1_999_999,"At 57 years old, he enjoys a peaceful retirement in an urban area of Hauts-de-France with a population between 100,000 and 1,000,000. He spends his days exploring local culture and engaging with the community around him."
fr_0272,female,37,35-49,other_inactive,Guadeloupe,rural_outside_urban_unit,"At 37 years old, she enjoys the tranquil lifestyle of rural Guadeloupe, embracing its natural beauty. As an inactive member of the community, she spends her time engaging in local traditions and family activities."
fr_0273,female,61,50-64,intermediate_profession,Grand Est,rural_outside_urban_unit,"At 61 years old, she has built a career in education, teaching at a local primary school in rural Grand Est. Living outside urban centers, she enjoys the tranquility of the countryside and is actively involved in community events."
fr_0274,female,51,50-64,intermediate_profession,Occitanie,urban_unit_under_20k,"At 51 years old, she is an intermediate professional living in a small urban unit in Occitanie. Her career has allowed her to engage actively with the local community while balancing family life in a vibrant city."
fr_0275,female,53,50-64,worker,Nouvelle-Aquitaine,rural_outside_urban_unit,"At 53 years old, she works in a local agricultural cooperative in rural Nouvelle-Aquitaine. Balancing her job with her passion for gardening, she enjoys the tranquility and natural beauty of her surroundings."
fr_0276,male,29,25-34,intermediate_profession,Bourgogne-Franche-Comté,urban_unit_100k_to_1_999_999,"At 29 years old, he works as a project coordinator in an urban center of Bourgogne-Franche-Comté. His role in intermediate profession allows him to engage with diverse teams and contribute to local development initiatives."
fr_0277,female,54,50-64,worker,Occitanie,rural_outside_urban_unit,"At 54 years old, she has spent over three decades working in the local agricultural sector of rural Occitanie. Living outside the urban unit, she enjoys the tranquility of countryside life while contributing to her community's economy."
fr_0278,female,24,18-24,manager_intellectual_profession,Provence-Alpes-Côte d'Azur,paris_urban_unit,"At 24, she manages a team in a tech startup in the vibrant urban landscape of Paris. Passionate about innovation, she balances her professional life with exploring the scenic beauty of Provence-Alpes-Côte d'Azur on weekends."
fr_0279,female,76,65+,worker,Hauts-de-France,urban_unit_20k_to_99k,"At 76 years old, she has spent her life working in a local textile factory in the urban area of Hauts-de-France. Now retired, she enjoys volunteering at community centers and sharing stories of her experiences with younger generations."
fr_0280,female,21,18-24,other_inactive,Auvergne-Rhône-Alpes,urban_unit_20k_to_99k,"A 21-year-old woman resides in an urban area of Auvergne-Rhône-Alpes, characterized by a population between 20,000 and 99,000. Currently classified as other_inactive, she explores various interests while navigating her early adulthood."
fr_0281,male,80,65+,other_inactive,Bretagne,urban_unit_100k_to_1_999_999,"At 80 years old, he enjoys a quiet retirement in an urban area of Bretagne, surrounded by vibrant community life. Classified as other_inactive, he spends his time engaging in local history and leisurely strolls along the coastal paths."
fr_0282,female,45,35-49,craft_trader_business_owner,Occitanie,rural_outside_urban_unit,"At 45 years old, she owns a successful craft trading business in the rural outskirts of Occitanie. Her passion for handmade goods has fostered a strong community connection and local entrepreneurship."
fr_0283,female,91,65+,retired,Bretagne,rural_outside_urban_unit,"At 91 years old, she enjoys the serene landscapes of rural Bretagne, where she has spent her retirement years. Embracing her solitude, she often reflects on a life rich with memories and the beauty of nature surrounding her."
fr_0284,male,42,35-49,manager_intellectual_profession,Provence-Alpes-Côte d'Azur,urban_unit_under_20k,"At 42, he manages a small team in a software development firm in the urban area of Provence-Alpes-Côte d'Azur. With a passion for innovative solutions, he balances work with enjoying the region's rich culture and natural beauty."
fr_0285,male,47,35-49,employee,Auvergne-Rhône-Alpes,urban_unit_100k_to_1_999_999,"At 47 years old, he works as an employee in a bustling urban area of Auvergne-Rhône-Alpes. His life is shaped by the vibrant culture and community of a city with a population between 100,000 and 1,000,000 residents."
fr_0286,female,73,65+,worker,Île-de-France,urban_unit_20k_to_99k,"At 73, she has spent her life working as a nurse in a bustling urban community in Île-de-France. Now retired, she enjoys volunteering at local health clinics and engaging with her vibrant neighborhood."
fr_0287,female,37,35-49,intermediate_profession,Hauts-de-France,urban_unit_20k_to_99k,"At 37 years old, she works as a marketing coordinator in an urban area of Hauts-de-France. Balancing her career and family life, she enjoys exploring the local arts scene in her vibrant community."
fr_0288,female,18,18-24,retired,Pays de la Loire,urban_unit_100k_to_1_999_999,"At 18 years old, she enjoys an early retirement in the urban area of Pays de la Loire. Her unique situation allows her to explore various hobbies and engage with her community actively."
fr_0289,female,44,35-49,employee,Occitanie,urban_unit_under_20k,"At 44 years old, she balances her career as an employee while navigating life in a small urban community in Occitanie. Her experiences reflect the unique blend of rural charm and vibrant city life that characterizes her environment."
fr_0290,male,49,35-49,other_inactive,Pays de la Loire,paris_urban_unit,"At 49 years old, he lives in the vibrant urban environment of Pays de la Loire. Classified as other_inactive, he enjoys a quieter lifestyle away from the traditional workforce."
fr_0291,female,34,25-34,retired,Occitanie,paris_urban_unit,"At 34 years old, she has recently retired and enjoys the tranquility of life in Occitanie. Living in a Paris urban unit, she embraces new hobbies and community activities."
fr_0292,female,29,25-34,retired,Occitanie,urban_unit_under_20k,"At 29, she enjoys an early retirement in a small urban unit in Occitanie, where she spends her days exploring local art and culture. Living in a community of under 20,000 people, she finds joy in connecting with her neighbors and embracing a slower pace of life."
fr_0293,female,68,65+,retired,Occitanie,rural_outside_urban_unit,"At 68, she enjoys her retirement in the tranquil rural landscapes of Occitanie, where she spends her days gardening and volunteering at the local community center. Embracing a slower pace of life, she finds joy in the simplicity of nature and the company of her neighbors."
fr_0294,female,25,25-34,intermediate_profession,Hauts-de-France,urban_unit_under_20k,"At 25 years old, she works in an intermediate profession while living in an urban area of Hauts-de-France with fewer than 20,000 residents. Her community offers a blend of local culture and modern amenities, contributing to her vibrant lifestyle."
fr_0295,male,27,25-34,retired,Provence-Alpes-Côte d'Azur,urban_unit_20k_to_99k,"At 27 years old, he enjoys an early retirement in the vibrant urban environment of Provence-Alpes-Côte d'Azur. His days are spent exploring local culture and indulging in the region's renowned culinary delights."
fr_0296,male,40,35-49,other_inactive,Normandie,paris_urban_unit,"At 40 years old, he resides in a Paris urban unit in Normandie, navigating a life marked by inactivity and introspection. His days are filled with quiet reflection and local exploration, embracing the tranquility of his surroundings."
fr_0297,male,32,25-34,retired,Pays de la Loire,paris_urban_unit,"At 32 years old, he enjoys a peaceful retirement in the vibrant region of Pays de la Loire. Living in a Paris urban unit, he spends his days exploring local culture and connecting with the community."
fr_0298,female,40,35-49,retired,Auvergne-Rhône-Alpes,urban_unit_20k_to_99k,"At 40 years old, she enjoys a peaceful retirement in an urban area of Auvergne-Rhône-Alpes. Embracing her newfound free time, she explores local arts and culture while engaging with her community."
fr_0299,female,83,65+,retired,Grand Est,urban_unit_100k_to_1_999_999,"At 83 years old, she enjoys her retirement in a vibrant urban area of Grand Est, surrounded by the rich culture of the city. She spends her days volunteering at local charities and nurturing her passion for gardening."
fr_0300,female,57,50-64,farmer,Île-de-France,urban_unit_under_20k,"At 57 years old, she has cultivated a small urban farm in Île-de-France, providing fresh produce to her local community. Balancing traditional farming techniques with modern urban agricultural practices, she contributes to sustainable living in her neighborhood."
fr_0301,female,67,65+,worker,Pays de la Loire,paris_urban_unit,"At 67 years old, she has spent her life working in the manufacturing sector in Pays de la Loire. Residing in the Paris urban unit, she enjoys the vibrancy of urban life while reflecting on her decades of hard work."
fr_0302,male,24,18-24,craft_trader_business_owner,Grand Est,urban_unit_100k_to_1_999_999,"At 24 years old, he runs a successful craft trading business in an urban area of Grand Est. His entrepreneurial spirit thrives in a city with a population between 100,000 and 1,000,000 residents."
fr_0303,female,53,50-64,employee,Provence-Alpes-Côte d'Azur,rural_outside_urban_unit,"At 53 years old, she works as an employee in a local cooperative in the scenic countryside of Provence-Alpes-Côte d'Azur. Embracing rural life, she enjoys the tranquility and natural beauty of her surroundings while contributing to her community."
fr_0304,female,69,65+,craft_trader_business_owner,Nouvelle-Aquitaine,rural_outside_urban_unit,"At 69, she runs a successful craft trading business in the picturesque rural landscapes of Nouvelle-Aquitaine. Her passion for handmade goods has established her as a beloved figure in the local artisan community."
fr_0305,female,55,50-64,craft_trader_business_owner,Normandie,rural_outside_urban_unit,"At 55, she owns a thriving craft trade business in rural Normandie, specializing in handmade artisanal goods. Her work reflects the rich cultural heritage of the region, attracting both locals and tourists seeking unique creations."
fr_0306,male,26,25-34,other_inactive,Auvergne-Rhône-Alpes,paris_urban_unit,"At 26 years old, he resides in the vibrant Paris urban unit of Auvergne-Rhône-Alpes. Classified as other_inactive, he spends his time exploring local culture and enjoying the region's natural beauty."
fr_0307,male,20,18-24,retired,Hauts-de-France,urban_unit_20k_to_99k,"At 20 years old, he enjoys a unique retirement lifestyle in an urban area of Hauts-de-France. His days are filled with exploring local culture and engaging in community activities."
fr_0308,male,39,35-49,retired,Hauts-de-France,urban_unit_under_20k,"At 39 years old, he has recently retired from a career in local government in Hauts-de-France. He enjoys exploring the cultural offerings of his small urban community while volunteering at a local charity."
fr_0309,male,48,35-49,employee,Nouvelle-Aquitaine,urban_unit_20k_to_99k,"At 48 years old, he works as an employee in a bustling urban area of Nouvelle-Aquitaine. His life is shaped by the vibrant culture and community found in a city with a population between 20,000 and 99,000 residents."
fr_0310,male,33,25-34,other_inactive,Provence-Alpes-Côte d'Azur,urban_unit_under_20k,"At 33 years old, he resides in a small urban unit in Provence-Alpes-Côte d'Azur. Currently classified as other_inactive, he spends his time exploring local culture and nature."
fr_0311,male,37,35-49,worker,La Réunion,urban_unit_under_20k,"At 37 years old, he works in the construction industry and resides in a small urban community in La Réunion. His life revolves around balancing work commitments and enjoying the vibrant local culture of his island home."
fr_0312,male,65,65+,retired,Grand Est,urban_unit_under_20k,"At 65, he enjoys a peaceful retirement in a small urban community in Grand Est. He spends his days volunteering at local charities and gardening in his modest backyard."
fr_0313,male,40,35-49,employee,Guadeloupe,urban_unit_100k_to_1_999_999,"At 40 years old, he works as a project manager in the bustling urban area of Guadeloupe. His role in a large company reflects the vibrant economy of the island's growing population."
fr_0314,male,76,65+,retired,Normandie,rural_outside_urban_unit,"At 76 years old, he enjoys a peaceful retirement in the rural landscapes of Normandie. Embracing a slower pace of life, he spends his days tending to his garden and exploring the countryside."
fr_0315,female,36,35-49,retired,Occitanie,urban_unit_under_20k,"At 36 years old, she enjoys a peaceful retirement in a small urban community in Occitanie. Her days are filled with hobbies and local volunteer work, contributing to the vibrant life of her neighborhood."
fr_0316,female,37,35-49,employee,Grand Est,rural_outside_urban_unit,"At 37 years old, she works as an administrative assistant in a small local company in the Grand Est region. Residing in a rural area outside the urban unit, she enjoys the tranquility of countryside life while balancing her career."
fr_0317,male,54,50-64,intermediate_profession,Normandie,urban_unit_20k_to_99k,"At 54 years old, he works as a project manager in the thriving urban center of Normandie. Balancing his professional life, he enjoys exploring the local art scene and participating in community events."
fr_0318,male,51,50-64,intermediate_profession,Occitanie,rural_outside_urban_unit,"At 51 years old, he works as an intermediate professional in a rural area of Occitanie. He enjoys the tranquility of countryside life while balancing his career and family responsibilities."
fr_0319,female,35,35-49,retired,Bourgogne-Franche-Comté,rural_outside_urban_unit,"At 35, she enjoys retirement in the tranquil countryside of Bourgogne-Franche-Comté, far from urban hustle. Her days are filled with gardening and exploring the scenic landscapes of her rural surroundings."
fr_0320,female,24,18-24,intermediate_profession,Île-de-France,urban_unit_100k_to_1_999_999,"At 24 years old, she navigates the vibrant urban landscape of Île-de-France, working in an intermediate profession that engages her creativity. Living in a dynamic area with a population between 100,000 and 1,000,000, she thrives in the diverse cultural environment of the region."
fr_0321,female,90,65+,manager_intellectual_profession,Hauts-de-France,urban_unit_under_20k,"At 90 years old, she is a retired manager who spent decades leading teams in the administrative sector. Now residing in a small urban area of Hauts-de-France, she enjoys sharing her knowledge with local community groups."
fr_0322,female,90,65+,retired,Nouvelle-Aquitaine,rural_outside_urban_unit,A 90-year-old retired woman enjoys her peaceful life in the rural landscapes of Nouvelle-Aquitaine. She spends her days tending to her garden and reminiscing about her vibrant past.
fr_0323,female,18,18-24,intermediate_profession,Centre-Val de Loire,urban_unit_under_20k,"At 18 years old, she works in the hospitality sector in a small urban area of Centre-Val de Loire. Balancing her job and studies, she aspires to advance her career while enjoying the charm of her close-knit community."
fr_0324,female,73,65+,retired,Île-de-France,rural_outside_urban_unit,"At 73 years old, she enjoys a peaceful retirement in the rural outskirts of Île-de-France, surrounded by nature. Her days are filled with gardening and volunteering at the local community center."
fr_0325,female,76,65+,manager_intellectual_profession,Bourgogne-Franche-Comté,rural_outside_urban_unit,"At 76, she has dedicated her career to leading educational initiatives in Bourgogne-Franche-Comté, fostering community engagement in rural settings. Now retired, she enjoys mentoring young professionals while embracing the tranquility of her countryside home."
fr_0326,male,27,25-34,retired,Auvergne-Rhône-Alpes,urban_unit_100k_to_1_999_999,"At 27 years old, he enjoys a retired lifestyle in the vibrant urban environment of Auvergne-Rhône-Alpes. His early retirement allows him the freedom to explore passions and hobbies within the bustling city."
fr_0327,female,32,25-34,manager_intellectual_profession,Occitanie,rural_outside_urban_unit,"At 32, she manages a rural consulting firm in Occitanie, leveraging her intellectual skills to drive sustainable development projects. Living outside urban centers, she embraces the tranquility of countryside life while promoting community engagement."
fr_0328,male,93,65+,worker,Auvergne-Rhône-Alpes,urban_unit_100k_to_1_999_999,"At 93 years old, he has spent his life as a dedicated worker in the bustling urban area of Auvergne-Rhône-Alpes. Now retired, he enjoys the vibrant community and rich culture of his city while reflecting on decades of hard work."
fr_0329,male,57,50-64,worker,Provence-Alpes-Côte d'Azur,urban_unit_100k_to_1_999_999,"At 57 years old, he works in a manufacturing job in an urban area of Provence-Alpes-Côte d'Azur. He enjoys the vibrant culture and scenic landscapes that surround his bustling city life."
fr_0330,female,84,65+,employee,Bourgogne-Franche-Comté,paris_urban_unit,"At 84, she has dedicated her life to working in local administrative roles within Bourgogne-Franche-Comté. Living in the Paris urban unit, she enjoys the vibrancy of city life while cherishing her rural roots."
fr_0331,female,94,65+,craft_trader_business_owner,Pays de la Loire,urban_unit_under_20k,"At 94 years old, she runs a successful craft trading business in a small urban unit in Pays de la Loire. Her passion for handmade goods has fostered a tight-knit community of local artisans and customers."
fr_0332,male,41,35-49,retired,Hauts-de-France,urban_unit_100k_to_1_999_999,"At 41 years old, he enjoys a peaceful retirement in an urban area of Hauts-de-France. His days are filled with community involvement and exploring the cultural offerings of the vibrant city."
fr_0333,female,60,50-64,retired,Hauts-de-France,urban_unit_100k_to_1_999_999,"At 60 years old, she enjoys her retirement in a bustling urban area of Hauts-de-France. Embracing her newfound free time, she spends her days volunteering and exploring local art galleries."
fr_0334,male,38,35-49,other_inactive,Pays de la Loire,rural_outside_urban_unit,"At 38 years old, he resides in a rural area of Pays de la Loire, enjoying the tranquility of the countryside. Currently classified as inactive, he spends his time engaging in local community activities and exploring the natural beauty around him."
fr_0335,male,82,65+,craft_trader_business_owner,Île-de-France,paris_urban_unit,"At 82 years old, he runs a successful craft trading business in the bustling urban unit of Paris, where he has built a loyal customer base over decades. His expertise in handmade goods has made him a respected figure in the local artisan community."
fr_0336,female,21,18-24,manager_intellectual_profession,Île-de-France,urban_unit_100k_to_1_999_999,"At 21 years old, she is a rising manager in a tech firm based in the bustling urban environment of Île-de-France. Her role involves strategic planning and team leadership, reflecting her intellectual pursuits in a fast-paced industry."
fr_0337,male,30,25-34,other_inactive,Pays de la Loire,urban_unit_100k_to_1_999_999,"At 30 years old, he resides in an urban area of Pays de la Loire with a population between 100,000 and 1 million. Currently classified as other_inactive, he explores various interests while enjoying the vibrant culture of his city."
fr_0338,female,93,65+,intermediate_profession,Hauts-de-France,urban_unit_100k_to_1_999_999,"At 93, she has witnessed the transformation of Hauts-de-France into a vibrant urban hub, contributing to the community through her work in local administration. Living in an area with a population over 100,000, she enjoys the rich cultural tapestry that urban life offers, from art exhibitions to bustling markets."
fr_0339,female,51,50-64,craft_trader_business_owner,Auvergne-Rhône-Alpes,urban_unit_100k_to_1_999_999,"A 51-year-old craft trader and business owner, she operates a successful handmade goods shop in an urban area of Auvergne-Rhône-Alpes. Passionate about promoting local artisans, she actively participates in community markets and workshops."
fr_0340,female,23,18-24,employee,Pays de la Loire,urban_unit_under_20k,"At 23 years old, she works as an employee in a small urban area of Pays de la Loire. Her vibrant city life is enriched by the culture and community around her."
fr_0341,female,83,65+,retired,Occitanie,urban_unit_under_20k,"An 83-year-old retired woman resides in a small urban area of Occitanie with a population under 20,000. She enjoys spending her time gardening and participating in local community activities."
fr_0342,female,18,18-24,retired,Île-de-France,rural_outside_urban_unit,"At just 18 years old, she enjoys a unique retirement in the serene countryside of Île-de-France. Living outside the urban unit, she spends her days exploring nature and engaging in community activities."
fr_0343,male,47,35-49,other_inactive,Occitanie,rural_outside_urban_unit,"At 47 years old, he resides in a rural area of Occitanie, reflecting a tranquil lifestyle away from urban distractions. Classified as other_inactive, he embraces local culture and nature while contributing to his community in informal ways."
fr_0344,female,57,50-64,employee,Centre-Val de Loire,urban_unit_20k_to_99k,"At 57 years old, she works as an employee in a vibrant urban center of Centre-Val de Loire. Her life in this bustling environment reflects her commitment to community and professional growth."
fr_0345,male,94,65+,employee,Grand Est,urban_unit_100k_to_1_999_999,"At 94 years old, he has dedicated his life to working as an employee in the bustling urban area of Grand Est. His resilience and experience have made him a respected figure in the community."
fr_0346,female,95,65+,manager_intellectual_profession,Auvergne-Rhône-Alpes,paris_urban_unit,"At 95 years old, she has dedicated her life to managing educational programs in Auvergne-Rhône-Alpes, shaping the future of countless students. Now residing in the Paris urban unit, she remains an influential figure in her community, advocating for lifelong learning."
fr_0347,male,31,25-34,retired,Grand Est,rural_outside_urban_unit,"At 31 years old, he has retired early to pursue his passions in the tranquil rural landscape of Grand Est. Embracing a slower pace of life, he focuses on local community projects and personal hobbies."
fr_0348,female,40,35-49,retired,Nouvelle-Aquitaine,urban_unit_100k_to_1_999_999,"At 40 years old, she enjoys her retirement in an urban area of Nouvelle-Aquitaine, where she engages in community activities. With a vibrant atmosphere around her, she embraces a fulfilling lifestyle surrounded by culture and nature."
fr_0349,male,45,35-49,employee,Bretagne,urban_unit_20k_to_99k,"At 45 years old, he works as an employee in an urban area of Bretagne with a population between 20,000 and 99,000. His life is shaped by the vibrant culture and community of his city, where he balances work and leisure."
fr_0350,female,66,65+,retired,Île-de-France,rural_outside_urban_unit,"At 66 years old, she enjoys her retirement in the tranquil rural outskirts of Île-de-France. She spends her days gardening and volunteering at the local community center, fostering connections with her neighbors."
fr_0351,male,33,25-34,manager_intellectual_profession,Nouvelle-Aquitaine,urban_unit_100k_to_1_999_999,"At 33 years old, he serves as a manager in a bustling urban center of Nouvelle-Aquitaine, balancing strategy and innovation in his role. His intellectual profession thrives in a dynamic environment, contributing to the region's vibrant economy."
fr_0352,female,88,65+,other_inactive,Hauts-de-France,urban_unit_under_20k,"An 88-year-old woman residing in an urban unit with under 20,000 inhabitants in Hauts-de-France enjoys the tranquility of her community. Classified as other_inactive, she spends her days engaging in local activities and cherishing time with her family."
fr_0353,female,60,50-64,manager_intellectual_profession,Grand Est,urban_unit_100k_to_1_999_999,"At 60 years old, she has dedicated her career to managing innovative projects in the urban landscape of Grand Est. Her leadership in intellectual professions has significantly contributed to the region's economic development."
fr_0354,female,31,25-34,worker,Normandie,rural_outside_urban_unit,"At 31 years old, she works in a local bakery, contributing to the rural economy of her small Normandie community. Living outside the urban unit, she enjoys the tranquility of nature and the close-knit relationships typical of rural life."
fr_0355,female,42,35-49,manager_intellectual_profession,Île-de-France,rural_outside_urban_unit,"At 42, she is a skilled manager in a consulting firm, balancing her professional ambitions with her rural lifestyle in Île-de-France. Living outside the urban unit, she enjoys the tranquility of nature while navigating the complexities of intellectual challenges."
fr_0356,female,74,65+,employee,Hauts-de-France,urban_unit_100k_to_1_999_999,"At 74 years old, she has dedicated her life to working as an administrative assistant in a bustling urban center in Hauts-de-France. As a long-time resident of the area, she enjoys the vibrant culture and community of her city."
fr_0357,female,82,65+,retired,Bretagne,urban_unit_under_20k,"At 82 years old, she enjoys her retirement in a quaint urban area of Bretagne with a population under 20,000. Her days are filled with leisurely walks along the coast and gatherings with friends at local cafés."
fr_0358,female,36,35-49,retired,Hauts-de-France,rural_outside_urban_unit,"At 36 years old, she enjoys a peaceful retirement in the rural landscapes of Hauts-de-France. Embracing the tranquility of her surroundings, she spends her days gardening and exploring the local countryside."
fr_0359,female,50,50-64,retired,Pays de la Loire,urban_unit_under_20k,"At 50 years old, she enjoys her retirement in a small urban unit of Pays de la Loire. Her days are filled with exploring local culture and volunteering in community initiatives."
fr_0360,male,25,25-34,retired,Île-de-France,paris_urban_unit,"At 25, he has retired from a successful career in professional sports, allowing him to enjoy the vibrant culture of Île-de-France. Living in the Paris urban unit, he spends his time exploring art galleries and attending local events."
fr_0361,male,64,50-64,retired,Île-de-France,rural_outside_urban_unit,"At 64 years old, he enjoys a peaceful retirement in the rural outskirts of Île-de-France, where he spends his time gardening and volunteering at the local community center. The tranquility of the countryside allows him to pursue his passion for nature and connect with neighbors."
fr_0362,female,56,50-64,worker,Occitanie,rural_outside_urban_unit,"At 56, she has dedicated her life to working in agriculture, contributing to the local economy in rural Occitanie. Living outside urban areas, she enjoys the tranquility and natural beauty of her surroundings."
fr_0363,female,55,50-64,craft_trader_business_owner,Provence-Alpes-Côte d'Azur,urban_unit_100k_to_1_999_999,"At 55, she owns a successful craft business in the vibrant urban center of Provence-Alpes-Côte d'Azur, where she specializes in handmade textiles. Her entrepreneurial spirit reflects the rich cultural heritage of the region, attracting both locals and tourists alike."
fr_0364,female,42,35-49,intermediate_profession,Occitanie,paris_urban_unit,"At 42 years old, she is an intermediate professional residing in the vibrant urban area of Occitanie. Her career reflects a blend of expertise and community engagement, contributing to the dynamic culture of her Parisian surroundings."
fr_0365,female,65,65+,other_inactive,Occitanie,rural_outside_urban_unit,"At 65, she enjoys a peaceful life in the rural landscapes of Occitanie, embracing the tranquility of nature. Classified as other_inactive, she dedicates her time to gardening and community volunteering."
fr_0366,male,44,35-49,manager_intellectual_profession,Hauts-de-France,rural_outside_urban_unit,"At 44, he holds a managerial position in a regional agricultural cooperative in rural Hauts-de-France. His intellectual approach to leadership focuses on sustainable farming practices and community development."
fr_0367,male,94,65+,intermediate_profession,Bourgogne-Franche-Comté,urban_unit_under_20k,"At 94, he enjoys a quiet life in a Bourgogne-Franche-Comté urban area with a population under 20,000. Having worked in an intermediate profession, he values community connections and local traditions."
fr_0368,male,52,50-64,employee,Auvergne-Rhône-Alpes,urban_unit_20k_to_99k,"At 52 years old, he works as an employee in a bustling urban area of Auvergne-Rhône-Alpes. His life revolves around the vibrant community and the dynamic pace of city living."
fr_0369,female,64,50-64,other_inactive,Bretagne,urban_unit_100k_to_1_999_999,"At 64 years old, she enjoys the vibrant culture and coastal beauty of urban Bretagne. Classified as other_inactive, she spends her days exploring local art and community events."
fr_0370,female,25,25-34,worker,Occitanie,rural_outside_urban_unit,"A 25-year-old woman from rural Occitanie works as a local artisan, crafting handmade goods that reflect the region's cultural heritage. She enjoys the tranquility of her surroundings while actively participating in community events and markets."
fr_0371,male,24,18-24,other_inactive,Grand Est,urban_unit_under_20k,"At 24 years old, he resides in an urban area of Grand Est with a population under 20,000. Currently classified as other_inactive, he is exploring various interests while seeking new opportunities."
fr_0372,male,21,18-24,retired,Normandie,urban_unit_20k_to_99k,"At 21 years old, he enjoys retirement in an urban area of Normandie with a population between 20,000 and 99,000. His early retirement allows him to explore personal interests and contribute to local community projects."
fr_0373,male,23,18-24,other_inactive,Bretagne,rural_outside_urban_unit,"At 23 years old, he resides in a rural area of Bretagne, embracing the tranquility of country life. Classified as other_inactive, he spends his time exploring local landscapes and engaging with nature."
fr_0374,female,47,35-49,retired,Pays de la Loire,urban_unit_100k_to_1_999_999,"At 47 years old, she enjoys her retirement in the vibrant urban area of Pays de la Loire. Embracing a slower pace of life, she engages in community activities and cherishes time spent with family and friends."
fr_0375,male,56,50-64,retired,Auvergne-Rhône-Alpes,paris_urban_unit,"At 56 years old, he enjoys a peaceful retirement in the scenic Auvergne-Rhône-Alpes region. Living in a Paris urban unit, he spends his days exploring local culture and nature."
fr_0376,male,90,65+,manager_intellectual_profession,Nouvelle-Aquitaine,urban_unit_100k_to_1_999_999,"At 90 years old, he is a retired manager and intellectual who spent his career shaping policies in Nouvelle-Aquitaine. Residing in an urban area with a population between 100,000 and 1,000,000, he continues to engage in community discussions and local initiatives."
fr_0377,male,61,50-64,manager_intellectual_profession,Centre-Val de Loire,urban_unit_under_20k,"At 61 years old, he is a seasoned manager in an intellectual profession, navigating the complexities of urban life in Centre-Val de Loire. Residing in a small urban unit with under 20,000 residents, he balances his career with a passion for community engagement and local culture."
fr_0378,male,26,25-34,worker,Auvergne-Rhône-Alpes,rural_outside_urban_unit,"At 26 years old, he works in a local manufacturing plant in the Auvergne-Rhône-Alpes region. Living in a rural area outside an urban unit, he enjoys the tranquility of countryside life while contributing to the local economy."
fr_0379,male,23,18-24,manager_intellectual_profession,Hauts-de-France,urban_unit_100k_to_1_999_999,"At 23 years old, he manages a team in a tech startup in the urban center of Hauts-de-France. His role requires him to blend strategic planning with innovative problem-solving in a fast-paced environment."
fr_0380,female,47,35-49,retired,Bourgogne-Franche-Comté,urban_unit_100k_to_1_999_999,"At 47 years old, she enjoys her retirement in an urban area of Bourgogne-Franche-Comté, surrounded by vibrant city life. Embracing her newfound freedom, she spends her time volunteering and exploring local culture."
fr_0381,female,57,50-64,employee,Grand Est,paris_urban_unit,"At 57 years old, she is an employee living in the vibrant urban environment of Grand Est's Paris urban unit. Her career reflects her dedication to her work, contributing to the dynamic economy of the region."
fr_0382,female,77,65+,retired,Normandie,urban_unit_100k_to_1_999_999,"At 77, she enjoys a peaceful retirement in an urban area of Normandie, where vibrant city life meets scenic coastal views. Embracing her golden years, she actively participates in local community events and cherishes time with her family."
fr_0383,male,67,65+,other_inactive,Hauts-de-France,paris_urban_unit,"At 67 years old, he enjoys a quiet retirement in Hauts-de-France, surrounded by the vibrant culture of the Paris urban unit. Classified as other_inactive, he spends his days engaging in local community activities and leisure pursuits."
fr_0384,female,89,65+,manager_intellectual_profession,Centre-Val de Loire,urban_unit_100k_to_1_999_999,"At 89, she has dedicated her life to fostering community development as a manager in an urban centre of Centre-Val de Loire. With a wealth of experience, she remains an influential figure in promoting education and cultural initiatives in her city."
fr_0385,female,44,35-49,employee,Centre-Val de Loire,paris_urban_unit,"At 44 years old, she is an employee residing in the picturesque Centre-Val de Loire region. Living in an area classified as the Paris urban unit, she enjoys the vibrant blend of rural charm and urban convenience."
fr_0386,male,22,18-24,retired,Île-de-France,urban_unit_100k_to_1_999_999,"At 22 years old, he has retired from a successful career in competitive gaming. Residing in an urban area of Île-de-France, he now focuses on community initiatives and personal development."
fr_0387,female,31,25-34,manager_intellectual_profession,Île-de-France,rural_outside_urban_unit,"A 31-year-old manager in a consulting firm, she thrives in the intellectual challenges of her role. Residing in a rural area of Île-de-France, she appreciates the tranquility and natural beauty outside the bustling urban centers."
fr_0388,female,91,65+,other_inactive,Auvergne-Rhône-Alpes,rural_outside_urban_unit,"At 91 years old, she enjoys the tranquility of her rural home in Auvergne-Rhône-Alpes, surrounded by nature. Classified as other_inactive, she spends her time indulging in hobbies like gardening and birdwatching."
fr_0389,male,23,18-24,other_inactive,Normandie,urban_unit_100k_to_1_999_999,"At 23 years old, he lives in an urban area of Normandie with a population between 100,000 and 1,000,000. Classified as other_inactive, he spends his time exploring local culture and engaging in community activities."
fr_0390,female,26,25-34,retired,Nouvelle-Aquitaine,urban_unit_100k_to_1_999_999,"At 26, she has already retired from her successful career in competitive sports. Now residing in an urban area of Nouvelle-Aquitaine, she enjoys exploring her passion for art and community service."
fr_0391,male,24,18-24,manager_intellectual_profession,Île-de-France,urban_unit_under_20k,"At 24, he manages a team in a tech startup in the urban outskirts of Île-de-France, where innovation thrives. He balances his professional ambitions with a passion for literature, often found at local cafés reading and networking."
fr_0392,male,58,50-64,worker,Île-de-France,paris_urban_unit,"At 58 years old, he has dedicated his life to working in the manufacturing sector in Île-de-France. Residing in the bustling Paris urban unit, he enjoys the vibrancy and cultural richness of the city."
fr_0393,male,67,65+,manager_intellectual_profession,Grand Est,urban_unit_100k_to_1_999_999,"At 67 years old, he has spent decades managing teams in the technology sector, fostering innovation and collaboration in an urban environment. Residing in Grand Est, he enjoys the vibrant culture and intellectual stimulation of his bustling city."
fr_0394,male,72,65+,retired,Bretagne,paris_urban_unit,"At 72 years old, he enjoys a peaceful retirement in the picturesque region of Bretagne, surrounded by its coastal beauty. Living in a Paris urban unit, he embraces the vibrant culture and history of the nearby city while savoring the tranquility of his seaside home."
fr_0395,male,53,50-64,retired,Pays de la Loire,urban_unit_under_20k,"At 53 years old, he enjoys a peaceful retirement in an urban area of Pays de la Loire with a population under 20,000. His days are filled with exploring local culture and spending time with family and friends."
fr_0396,male,31,25-34,retired,Occitanie,rural_outside_urban_unit,"At 31 years old, he enjoys a peaceful retirement in the rural landscapes of Occitanie. Having left the workforce early, he spends his days engaging with nature and local community activities."
fr_0397,male,52,50-64,other_inactive,Bretagne,paris_urban_unit,"At 52 years old, he resides in the urban area of Paris, enjoying the scenic beauty of Bretagne. Classified as other_inactive, he spends his time exploring local culture and nature."
fr_0398,female,49,35-49,intermediate_profession,Île-de-France,urban_unit_under_20k,"At 49, she navigates the complexities of urban life in a small Île-de-France community. Employed in an intermediate profession, she balances her career aspirations with the demands of family and local activities."
fr_0399,female,39,35-49,retired,Île-de-France,rural_outside_urban_unit,"At 39 years old, she enjoys a peaceful retirement in the rural outskirts of Île-de-France. Embracing the tranquility of her surroundings, she spends her days gardening and volunteering in the local community."
fr_0400,male,34,25-34,other_inactive,Provence-Alpes-Côte d'Azur,urban_unit_100k_to_1_999_999,"At 34 years old, he resides in an urban area of Provence-Alpes-Côte d'Azur with a population between 100,000 and 1 million. Currently classified as other_inactive, he explores various interests outside of traditional employment."
fr_0401,female,46,35-49,worker,Auvergne-Rhône-Alpes,urban_unit_under_20k,"At 46 years old, she works in a local factory in an urban unit with a population under 20,000 in Auvergne-Rhône-Alpes. Her daily routine is shaped by the rhythms of both her job and the close-knit community around her."
fr_0402,male,50,50-64,intermediate_profession,Bretagne,urban_unit_100k_to_1_999_999,"At 50 years old, he works as a project manager in an urban area of Bretagne, balancing his career with family life. He enjoys exploring local culture and the vibrant arts scene that his city offers."
fr_0403,male,55,50-64,intermediate_profession,Nouvelle-Aquitaine,rural_outside_urban_unit,"At 55 years old, he works as a skilled tradesman in a small village in Nouvelle-Aquitaine. Residing in a rural area outside the urban unit, he enjoys the tranquility of countryside life."
fr_0404,female,35,35-49,intermediate_profession,Nouvelle-Aquitaine,urban_unit_under_20k,"At 35 years old, she navigates her career as an intermediate professional in the bustling urban unit of Nouvelle-Aquitaine. Balancing work and life in a vibrant community under 20,000 residents, she embraces the charm of her surroundings."
fr_0405,male,62,50-64,retired,Grand Est,urban_unit_under_20k,"At 62 years old, he enjoys a peaceful retirement in a small urban unit in the Grand Est region. He spends his days gardening and volunteering at the local community center."
fr_0406,male,57,50-64,worker,Pays de la Loire,urban_unit_100k_to_1_999_999,"At 57 years old, he has spent his life as a dedicated worker in the vibrant urban environment of Pays de la Loire. Living in a bustling city with a population between 100,000 and 1,000,000, he enjoys the dynamic lifestyle that comes with it."
fr_0407,female,32,25-34,other_inactive,Île-de-France,paris_urban_unit,"At 32 years old, she resides in the vibrant urban unit of Paris, where she enjoys the cultural richness of Île-de-France. Currently classified as other inactive, she explores her interests and engages in community activities outside of traditional employment."
fr_0408,female,64,50-64,intermediate_profession,Bretagne,rural_outside_urban_unit,"At 64 years old, she works as a skilled artisan in a small workshop nestled in rural Bretagne. Living outside the urban unit, she enjoys the tranquility of nature and the close-knit community surrounding her."
fr_0409,male,76,65+,intermediate_profession,Auvergne-Rhône-Alpes,paris_urban_unit,"At 76 years old, he has spent much of his life working in an intermediate profession, contributing to the local economy of Auvergne-Rhône-Alpes. Residing in a vibrant area of the Paris urban unit, he enjoys the blend of rural charm and urban amenities."
fr_0410,female,43,35-49,retired,Bretagne,rural_outside_urban_unit,"At 43, she enjoys a peaceful retirement in the serene countryside of Bretagne. Embracing rural life, she spends her days gardening and exploring the natural beauty surrounding her home."
fr_0411,female,54,50-64,employee,Occitanie,paris_urban_unit,"At 54 years old, she has spent over three decades working as an employee in a bustling urban environment. Residing in Occitanie within the Paris urban unit, she experiences the blend of regional culture and metropolitan life."
fr_0412,female,38,35-49,worker,Bretagne,urban_unit_100k_to_1_999_999,"At 38 years old, she navigates the vibrant urban life of a city in Bretagne, balancing her career as a dedicated worker. Her community thrives with diverse cultures and opportunities, shaping her daily experiences and aspirations."
fr_0413,female,72,65+,retired,Occitanie,urban_unit_under_20k,"At 72, she enjoys her retirement in a small urban community in Occitanie, where she engages in local cultural activities. With a lifetime of experiences, she cherishes the tranquility and close-knit atmosphere of her neighborhood."
fr_0414,female,47,35-49,retired,Pays de la Loire,paris_urban_unit,"At 47 years old, she enjoys her retirement in the Pays de la Loire region. Living in a Paris urban unit, she embraces the vibrant culture and community around her."
fr_0415,female,31,25-34,retired,Centre-Val de Loire,urban_unit_100k_to_1_999_999,"At 31 years old, she has retired early and now enjoys her leisure time in the vibrant urban environment of Centre-Val de Loire. Embracing her newfound freedom, she explores local culture and engages with her community."
fr_0416,female,55,50-64,worker,Provence-Alpes-Côte d'Azur,urban_unit_20k_to_99k,"At 55, she works in a bustling urban center in Provence-Alpes-Côte d'Azur, contributing to the local economy. Living in a vibrant community, she enjoys the blend of city life and the region's natural beauty."
fr_0417,female,56,50-64,employee,Occitanie,urban_unit_100k_to_1_999_999,"At 56 years old, she is a dedicated employee in the vibrant urban center of Occitanie. Living in a city with a population between 100,000 and 1,000,000, she enjoys the dynamic atmosphere and diverse community."
fr_0418,male,28,25-34,employee,Centre-Val de Loire,urban_unit_under_20k,"At 28 years old, he works as an employee in a small urban unit in Centre-Val de Loire. His life revolves around the vibrant community, where he enjoys local events and a close-knit social circle."
fr_0419,male,93,65+,worker,Normandie,urban_unit_under_20k,"At 93 years old, he has spent his life as a dedicated worker in the bustling urban landscape of Normandie. Residing in a quaint community of fewer than 20,000 residents, he continues to share his wealth of experience with those around him."
fr_0420,male,37,35-49,intermediate_profession,Bretagne,paris_urban_unit,"At 37 years old, he works as a project manager in an intermediate profession in the bustling Paris urban unit. Residing in Bretagne, he balances his career with a passion for the coastal lifestyle and local culture."
fr_0421,female,88,65+,worker,Grand Est,urban_unit_20k_to_99k,"At 88 years old, she has spent her life contributing to the textile industry in the urban center of Grand Est. Now retired, she enjoys sharing stories from her work with her grandchildren and neighbors."
fr_0422,male,56,50-64,manager_intellectual_profession,Île-de-France,urban_unit_20k_to_99k,"At 56 years old, he manages a team in a technology firm in the bustling urban area of Île-de-France, where innovation thrives. With a background in engineering and a passion for mentoring, he actively contributes to the development of young professionals in his field."
fr_0423,female,29,25-34,worker,Occitanie,urban_unit_under_20k,"A 29-year-old worker resides in an urban area of Occitanie with a population under 20,000. She navigates the challenges of city life while balancing her career and personal aspirations."
fr_0424,female,35,35-49,intermediate_profession,Occitanie,urban_unit_under_20k,"At 35 years old, she works as a marketing specialist in an urban unit with a population under 20,000 in Occitanie. She enjoys exploring local culture and participating in community events in her vibrant city."
fr_0425,male,87,65+,retired,Occitanie,urban_unit_under_20k,"At 87 years old, he enjoys a quiet retirement in a charming urban unit in Occitanie with a population under 20,000. He spends his days reminiscing about his past while connecting with the close-knit community around him."
fr_0426,female,70,65+,retired,Grand Est,urban_unit_100k_to_1_999_999,"At 70 years old, she enjoys her retirement in an urban area of Grand Est, where she spends her days volunteering at local charities. Her active lifestyle includes participating in community events and exploring the cultural offerings of her vibrant city."
fr_0427,female,18,18-24,worker,Île-de-France,urban_unit_100k_to_1_999_999,An 18-year-old woman from Île-de-France navigates her life as a dedicated worker in a bustling urban area. She balances her ambitions with the vibrant culture and challenges of living in a densely populated region.
fr_0428,male,44,35-49,retired,Auvergne-Rhône-Alpes,rural_outside_urban_unit,"At 44 years old, he enjoys a peaceful retirement in the rural landscapes of Auvergne-Rhône-Alpes. Embracing his newfound freedom, he spends his days hiking and exploring the natural beauty surrounding his home."
fr_0429,female,52,50-64,other_inactive,Centre-Val de Loire,paris_urban_unit,"At 52 years old, she enjoys the tranquility of rural life in Centre-Val de Loire while being classified as inactive. Living in a Paris urban unit, she appreciates the cultural vibrancy nearby while focusing on personal interests and community activities."
fr_0430,female,34,25-34,other_inactive,Auvergne-Rhône-Alpes,urban_unit_100k_to_1_999_999,"At 34 years old, she resides in an urban area of Auvergne-Rhône-Alpes, characterized by a population between 100,000 and 1 million. Currently classified as other_inactive, she engages with her community in various volunteer activities while exploring her passions."
fr_0431,female,41,35-49,employee,Provence-Alpes-Côte d'Azur,urban_unit_under_20k,"At 41, she works as an administrative assistant in a small urban community in Provence-Alpes-Côte d'Azur. Her life revolves around her career and the vibrant local culture in a picturesque setting."
fr_0432,female,86,65+,manager_intellectual_profession,Provence-Alpes-Côte d'Azur,urban_unit_under_20k,"At 86 years old, she has spent decades managing a local cultural center in her urban community in Provence-Alpes-Côte d'Azur. Her passion for literature and the arts has fostered a vibrant cultural scene, enriching the lives of those around her."
fr_0433,female,51,50-64,employee,Pays de la Loire,urban_unit_20k_to_99k,"At 51 years old, she works as an employee in the vibrant urban environment of Pays de la Loire. Living in a city with a population between 20,000 and 99,000, she enjoys the blend of culture and community in her daily life."
fr_0434,male,32,25-34,retired,Nouvelle-Aquitaine,urban_unit_100k_to_1_999_999,"At 32 years old, he enjoys an early retirement in the vibrant urban setting of Nouvelle-Aquitaine. His days are filled with exploration and leisure in a city bustling with opportunities."
fr_0435,female,20,18-24,worker,Nouvelle-Aquitaine,urban_unit_100k_to_1_999_999,A 20-year-old woman from Nouvelle-Aquitaine works in the bustling service industry of her urban area. She navigates the vibrant city life while balancing her job and aspirations for further education.
fr_0436,female,44,35-49,retired,La Réunion,urban_unit_under_20k,"At 44 years old, she enjoys her retirement in a small urban community in La Réunion. Her days are filled with local cultural activities and exploring the island's natural beauty."
fr_0437,male,76,65+,retired,Occitanie,urban_unit_20k_to_99k,"At 76 years old, he enjoys retirement in an urban area of Occitanie with a population between 20,000 and 99,000. He spends his days engaging in community activities and cherishing time with his family."
fr_0438,male,56,50-64,other_inactive,Bretagne,urban_unit_20k_to_99k,"At 56 years old, he resides in an urban area of Bretagne with a population between 20,000 and 99,000. Currently classified as other_inactive, he spends his days exploring local art and culture."
fr_0439,male,56,50-64,employee,Centre-Val de Loire,rural_outside_urban_unit,"At 56 years old, he works as an employee in a local manufacturing plant in Centre-Val de Loire. Residing in a rural area outside the urban unit, he enjoys the tranquility of country life and the community spirit it fosters."
fr_0440,female,48,35-49,other_inactive,Île-de-France,urban_unit_under_20k,"At 48 years old, she resides in a small urban unit in Île-de-France, where she enjoys the tranquility of her surroundings. Classified as other inactive, she dedicates her time to community volunteering and personal hobbies."
fr_0441,male,77,65+,other_inactive,Occitanie,urban_unit_100k_to_1_999_999,"At 77 years old, he enjoys a quiet retirement in an urban area of Occitanie with a population between 100,000 and 999,999. Classified as other_inactive, he spends his days engaging in local community activities and exploring his vibrant surroundings."
fr_0442,male,28,25-34,retired,Auvergne-Rhône-Alpes,urban_unit_20k_to_99k,"At 28, he enjoys a relaxed retirement in an urban center of Auvergne-Rhône-Alpes. His days are filled with exploring local culture and engaging in community activities."
fr_0443,female,35,35-49,other_inactive,Bourgogne-Franche-Comté,urban_unit_100k_to_1_999_999,"A 35-year-old woman resides in an urban area of Bourgogne-Franche-Comté, where she enjoys a lifestyle outside of traditional employment. Engaged in her community, she focuses on local initiatives and personal projects."
fr_0444,male,20,18-24,intermediate_profession,Nouvelle-Aquitaine,urban_unit_20k_to_99k,"At 20 years old, he works in an intermediate profession in the urban area of Nouvelle-Aquitaine. Embracing the vibrant city life, he balances his career ambitions with a passion for local culture and community events."
fr_0445,female,57,50-64,intermediate_profession,Occitanie,rural_outside_urban_unit,"At 57, she has built a career in the healthcare sector, balancing her work with the demands of rural life in Occitanie. Living outside urban centers, she enjoys the tranquility of her surroundings while contributing to her local community."
fr_0446,male,37,35-49,retired,Hauts-de-France,rural_outside_urban_unit,"At 37, he enjoys a peaceful retirement in the rural landscapes of Hauts-de-France, embracing a slower pace of life. With ample time for hobbies, he spends his days gardening and exploring the natural beauty surrounding his home."
fr_0447,female,39,35-49,employee,Bourgogne-Franche-Comté,urban_unit_100k_to_1_999_999,"At 39 years old, she works as an employee in a bustling urban center of Bourgogne-Franche-Comté. Her life is shaped by the vibrant culture and community of the city, where she balances her career and personal interests."
fr_0448,female,45,35-49,worker,Île-de-France,urban_unit_100k_to_1_999_999,"At 45 years old, she works as a project manager in a bustling urban area of Île-de-France. Balancing her career and family, she enjoys the vibrant culture and diverse community of her city."
fr_0449,female,72,65+,retired,Nouvelle-Aquitaine,urban_unit_20k_to_99k,"At 72 years old, she enjoys her retirement in an urban area of Nouvelle-Aquitaine with a population between 20,000 and 99,000. Her days are filled with community activities and leisurely strolls through the city's parks."
fr_0450,female,56,50-64,manager_intellectual_profession,Bretagne,urban_unit_100k_to_1_999_999,"At 56 years old, she is a seasoned manager in an intellectual profession, navigating the complexities of urban life in Bretagne. Her role involves fostering innovation and collaboration within a thriving community of over 100,000 residents."
fr_0451,female,21,18-24,other_inactive,Auvergne-Rhône-Alpes,urban_unit_100k_to_1_999_999,"At 21 years old, she resides in an urban area of Auvergne-Rhône-Alpes with a population between 100,000 and 999,999. Currently classified as other_inactive, she is exploring her interests while navigating the vibrant city life around her."
fr_0452,male,91,65+,worker,Provence-Alpes-Côte d'Azur,paris_urban_unit,"At 91 years old, he has spent his life as a dedicated worker in the vibrant region of Provence-Alpes-Côte d'Azur. Residing in a Paris urban unit, he enjoys the blend of urban life and the scenic beauty of southern France."
fr_0453,female,79,65+,employee,Occitanie,urban_unit_100k_to_1_999_999,"At 79 years old, she has spent her career as an employee in the vibrant urban area of Occitanie. Residing in a city with a population between 100,000 and 1,000,000, she enjoys the cultural richness and community life around her."
fr_0454,female,75,65+,other_inactive,Île-de-France,urban_unit_20k_to_99k,"At 75, she enjoys a quiet life in an urban area of Île-de-France, where the community thrives around her. Classified as inactive, she spends her days exploring local parks and attending neighborhood events."
fr_0455,female,64,50-64,intermediate_profession,Île-de-France,rural_outside_urban_unit,"At 64 years old, she enjoys a quiet life in a rural area of Île-de-France, balancing her time between work and nature. As an intermediate professional, she contributes to her community while embracing the tranquility of her surroundings."
fr_0456,female,32,25-34,retired,Île-de-France,urban_unit_under_20k,"At 32 years old, she has retired early and enjoys a quiet life in a small urban community in Île-de-France. She spends her days exploring local culture and volunteering in neighborhood initiatives."
fr_0457,female,38,35-49,other_inactive,Auvergne-Rhône-Alpes,urban_unit_100k_to_1_999_999,A 38-year-old woman residing in an urban area of Auvergne-Rhône-Alpes enjoys a quiet life away from the workforce. She spends her time engaging in community activities and exploring local culture while embracing her role in the vibrant city.
fr_0458,female,68,65+,retired,Île-de-France,rural_outside_urban_unit,"At 68 years old, she enjoys a peaceful retirement in the rural outskirts of Île-de-France. Her days are filled with gardening and volunteering at the local community center."
fr_0459,female,95,65+,retired,Auvergne-Rhône-Alpes,urban_unit_under_20k,"At 95 years old, she enjoys her retirement in a peaceful urban community of under 20,000 residents in Auvergne-Rhône-Alpes. Her days are filled with cherished memories and a strong connection to her local neighborhood."
fr_0460,male,38,35-49,other_inactive,Île-de-France,urban_unit_under_20k,"At 38 years old, he resides in an urban unit of under 20,000 people in Île-de-France. Currently classified as other_inactive, he spends his time exploring local culture and community activities."
fr_0461,male,31,25-34,worker,Île-de-France,urban_unit_100k_to_1_999_999,"At 31 years old, he navigates the bustling urban landscape of Île-de-France, working diligently in a local manufacturing plant. His life in a vibrant city of over 100,000 residents is marked by a strong sense of community and a commitment to his craft."
fr_0462,female,30,25-34,retired,Auvergne-Rhône-Alpes,urban_unit_100k_to_1_999_999,"At 30 years old, she enjoys a peaceful retirement in an urban area of Auvergne-Rhône-Alpes. Embracing her new lifestyle, she explores local culture and engages in community activities."
fr_0463,male,30,25-34,retired,Île-de-France,urban_unit_under_20k,"At 30 years old, he retired early and now enjoys a leisurely lifestyle in an urban area of Île-de-France with a population under 20,000. He spends his days exploring local culture and engaging in community events."
fr_0464,female,50,50-64,other_inactive,Normandie,urban_unit_100k_to_1_999_999,"At 50 years old, she resides in a vibrant urban area of Normandie, where the population ranges between 100,000 and nearly 1 million. Classified as other_inactive, she enjoys a leisurely lifestyle, engaging with local community activities and exploring the cultural richness of her city."
fr_0465,female,55,50-64,manager_intellectual_profession,Occitanie,paris_urban_unit,"At 55, she manages a team of professionals in a leading firm in Occitanie, driving innovation and strategic growth. Residing in a vibrant Paris urban unit, she balances her career with a passion for cultural events and local art initiatives."
fr_0466,male,24,18-24,worker,Bourgogne-Franche-Comté,paris_urban_unit,"At 24 years old, he works as a skilled laborer in the Bourgogne-Franche-Comté region, navigating the dynamics of urban life. His residence in the Paris urban unit offers a blend of rural charm and metropolitan opportunities."
fr_0467,female,82,65+,manager_intellectual_profession,Grand Est,urban_unit_100k_to_1_999_999,"At 82 years old, she has dedicated her life to managing educational initiatives in the vibrant urban landscape of Grand Est. Her intellectual contributions have significantly influenced local community development and lifelong learning programs."
fr_0468,female,26,25-34,retired,Centre-Val de Loire,urban_unit_100k_to_1_999_999,"At 26 years old, she has retired early and now enjoys a leisurely lifestyle in the urban heart of Centre-Val de Loire. Embracing her newfound freedom, she explores local culture and engages in community activities."
fr_0469,male,61,50-64,intermediate_profession,Île-de-France,urban_unit_100k_to_1_999_999,"At 61 years old, he has spent over three decades as a skilled technician in a thriving urban area of Île-de-France. Balancing work with his passion for gardening, he enjoys the vibrant community life in his bustling city."
fr_0470,male,29,25-34,retired,Provence-Alpes-Côte d'Azur,urban_unit_100k_to_1_999_999,"At 29 years old, he enjoys an early retirement in the vibrant urban setting of Provence-Alpes-Côte d'Azur. His days are filled with exploring local culture and engaging in community activities."
fr_0471,female,31,25-34,manager_intellectual_profession,Bourgogne-Franche-Comté,urban_unit_100k_to_1_999_999,"At 31 years old, she excels as a manager in an urban area of Bourgogne-Franche-Comté, balancing her professional ambitions with a passion for local culture. Her intellectual pursuits drive her commitment to fostering innovation and collaboration within her team."
fr_0472,female,56,50-64,other_inactive,Provence-Alpes-Côte d'Azur,rural_outside_urban_unit,"At 56, she enjoys a quiet life in the rural landscapes of Provence-Alpes-Côte d'Azur, where she spends her days gardening and painting. Classified as inactive, she cherishes the tranquility and natural beauty of her surroundings."
fr_0473,female,42,35-49,intermediate_profession,Hauts-de-France,urban_unit_100k_to_1_999_999,"At 42 years old, she thrives in the urban landscape of Hauts-de-France, balancing her career in an intermediate profession with her passion for community engagement. Her vibrant city life offers a blend of cultural experiences and opportunities for personal growth."
fr_0474,female,90,65+,retired,Hauts-de-France,paris_urban_unit,A 90-year-old retired woman resides in the urban unit of Paris in Hauts-de-France. She enjoys her golden years surrounded by the vibrant culture and history of the region.
fr_0475,female,27,25-34,retired,Nouvelle-Aquitaine,urban_unit_100k_to_1_999_999,"At 27 years old, she enjoys early retirement in the vibrant urban setting of Nouvelle-Aquitaine. Her days are filled with exploring local culture and enjoying the lively community around her."
fr_0476,female,33,25-34,manager_intellectual_profession,Nouvelle-Aquitaine,urban_unit_100k_to_1_999_999,"At 33 years old, she manages a team of researchers in the thriving urban center of Nouvelle-Aquitaine. Her role in the intellectual profession has propelled her career while contributing to local advancements in technology and innovation."
fr_0477,female,57,50-64,employee,La Réunion,urban_unit_20k_to_99k,"At 57 years old, she works as an employee in the bustling urban area of La Réunion, with a population between 20,000 and 99,000. Her life is shaped by the vibrant culture and diverse community of this island region in the Indian Ocean."
fr_0478,female,79,65+,other_inactive,Auvergne-Rhône-Alpes,rural_outside_urban_unit,"At 79 years old, she enjoys a peaceful life in the rural landscapes of Auvergne-Rhône-Alpes, engaging with nature and her community. Classified as inactive, she spends her time gardening and volunteering at local events, fostering connections with her neighbors."
fr_0479,male,58,50-64,retired,Normandie,urban_unit_20k_to_99k,"At 58, he enjoys his retirement in an urban area of Normandie, surrounded by vibrant culture and community. He spends his days exploring local art galleries and volunteering at neighborhood events."
fr_0480,female,64,50-64,other_inactive,Île-de-France,rural_outside_urban_unit,"At 64 years old, she enjoys a peaceful life in the rural outskirts of Île-de-France, where she engages in gardening and local community activities. Classified as other_inactive, she cherishes her time spent with family and friends in the serene countryside."
fr_0481,male,56,50-64,retired,Bretagne,urban_unit_100k_to_1_999_999,"At 56 years old, he enjoys his retirement in an urban area of Bretagne with a vibrant community. His days are filled with leisure activities and exploring local culture."
fr_0482,male,44,35-49,employee,Provence-Alpes-Côte d'Azur,urban_unit_under_20k,"At 44, he works as an employee in the vibrant urban area of Provence-Alpes-Côte d'Azur. Balancing his professional life with the charm of a small urban community, he enjoys the region's rich culture and scenic beauty."
fr_0483,female,61,50-64,worker,Île-de-France,urban_unit_100k_to_1_999_999,"At 61 years old, she has spent her career working in a bustling urban center of Île-de-France. Living in a vibrant community of over 100,000 residents, she embraces the diverse culture and opportunities of city life."
fr_0484,female,65,65+,worker,Provence-Alpes-Côte d'Azur,rural_outside_urban_unit,"At 65 years old, she has dedicated her life to working in local agriculture, contributing to the rich traditions of rural Provence-Alpes-Côte d'Azur. Living outside the urban unit, she enjoys a tranquil lifestyle surrounded by picturesque landscapes and close-knit community ties."
fr_0485,female,41,35-49,retired,Île-de-France,urban_unit_100k_to_1_999_999,"At 41 years old, she enjoys her retirement in the bustling urban landscape of Île-de-France. Embracing her newfound freedom, she spends her days exploring art galleries and local cafes."
fr_0486,female,18,18-24,employee,Normandie,paris_urban_unit,An 18-year-old woman from Normandie works as an employee in the bustling Paris urban unit. She enjoys the vibrant culture and diverse opportunities that city life offers.
fr_0487,female,39,35-49,retired,Auvergne-Rhône-Alpes,urban_unit_under_20k,"At 39, she has embraced retirement in a vibrant urban community within Auvergne-Rhône-Alpes. Living in a town with under 20,000 residents, she enjoys the tranquility and close-knit atmosphere of her surroundings."
fr_0488,female,43,35-49,retired,Auvergne-Rhône-Alpes,rural_outside_urban_unit,"At 43 years old, she enjoys her retirement in the tranquil rural landscapes of Auvergne-Rhône-Alpes. Embracing the slower pace of life, she spends her days gardening and exploring the natural beauty of her surroundings."
fr_0489,female,80,65+,worker,Île-de-France,urban_unit_under_20k,"At 80 years old, she has spent her life working in various roles within the urban community of Île-de-France. Residing in a small urban unit with a population under 20,000, she enjoys the close-knit connections of her neighborhood."
fr_0490,female,81,65+,retired,Provence-Alpes-Côte d'Azur,paris_urban_unit,"At 81 years old, she enjoys her retirement in the picturesque region of Provence-Alpes-Côte d'Azur. Living in an urban area, she embraces the vibrant culture and community of her surroundings."
fr_0491,male,63,50-64,worker,Nouvelle-Aquitaine,urban_unit_100k_to_1_999_999,"At 63 years old, he has spent most of his life working in the bustling urban environment of Nouvelle-Aquitaine. His experiences as a dedicated worker reflect the resilience and spirit of the vibrant community around him."
fr_0492,male,40,35-49,retired,Guyane,urban_unit_under_20k,"At 40 years old, he enjoys a peaceful retirement in an urban area of Guyane with a population under 20,000. Embracing his newfound free time, he explores local culture and community activities."
fr_0493,female,53,50-64,retired,Hauts-de-France,urban_unit_20k_to_99k,"At 53 years old, she enjoys her retirement in a vibrant urban area of Hauts-de-France. Embracing her newfound freedom, she spends her days exploring local culture and connecting with the community."
fr_0494,male,68,65+,retired,Provence-Alpes-Côte d'Azur,urban_unit_20k_to_99k,"At 68 years old, he enjoys a peaceful retirement in the vibrant urban setting of Provence-Alpes-Côte d'Azur. Surrounded by the beauty of the region, he spends his days exploring local markets and indulging in the rich culture."
fr_0495,female,43,35-49,manager_intellectual_profession,Normandie,rural_outside_urban_unit,"At 43 years old, she manages a small team of researchers in a rural Normandie town, focusing on sustainable agricultural practices. Her intellectual approach to management emphasizes collaboration and innovation, contributing to the local community's development."
fr_0496,female,51,50-64,retired,Auvergne-Rhône-Alpes,urban_unit_20k_to_99k,"At 51, she enjoys a peaceful retired life in an urban area of Auvergne-Rhône-Alpes, where the vibrant community keeps her engaged. With a passion for gardening and local arts, she embraces her newfound freedom and the beauty of her surroundings."
fr_0497,male,42,35-49,employee,Centre-Val de Loire,urban_unit_100k_to_1_999_999,"At 42 years old, he works as an employee in a bustling urban area of Centre-Val de Loire. He enjoys the vibrant community and cultural experiences that city life offers."
fr_0498,male,57,50-64,other_inactive,Île-de-France,urban_unit_20k_to_99k,"A 57-year-old man from an urban area in Île-de-France leads a quiet life after stepping back from his career. He enjoys exploring local parks and participating in community events, contributing to his neighborhood's vibrancy."
fr_0499,male,30,25-34,intermediate_profession,Normandie,urban_unit_20k_to_99k,"At 30 years old, he works as a project manager in an urban area of Normandie with a population between 20,000 and 99,000. His intermediate profession allows him to engage with diverse teams while balancing his passion for local culture and community events."
fr_0500,male,79,65+,worker,Auvergne-Rhône-Alpes,urban_unit_100k_to_1_999_999,"At 79 years old, he has spent his life as a dedicated worker in the bustling urban heart of Auvergne-Rhône-Alpes. Now retired, he enjoys the vibrant culture and community of the region while reflecting on his years of service."
fr_0501,female,42,35-49,employee,Bretagne,urban_unit_100k_to_1_999_999,"At 42 years old, she works as an employee in a vibrant urban area of Bretagne. Her life is shaped by the cultural richness and community spirit of the city."
fr_0502,female,23,18-24,intermediate_profession,Île-de-France,urban_unit_100k_to_1_999_999,"At 23 years old, she works as a marketing coordinator in a bustling urban area of Île-de-France. Balancing her career and social life, she enjoys exploring the vibrant culture and diverse cuisine of her city."
fr_0503,female,76,65+,employee,Occitanie,rural_outside_urban_unit,"At 76 years old, she has dedicated her life to her work as an employee in a rural setting in Occitanie. Living outside urban units, she enjoys the simplicity and tranquility of her countryside surroundings."
fr_0504,female,24,18-24,intermediate_profession,Auvergne-Rhône-Alpes,rural_outside_urban_unit,"At 24 years old, she works as an intermediate professional in a small engineering firm located in the picturesque Auvergne-Rhône-Alpes region. Residing in a rural area outside the urban unit, she enjoys the tranquility of nature while commuting to her job."
fr_0505,male,72,65+,retired,Occitanie,urban_unit_under_20k,"At 72 years old, he enjoys his retirement in a quaint urban area of under 20,000 residents in Occitanie. With a wealth of experience, he often shares stories of his life and the changes he has witnessed in his community."
fr_0506,male,80,65+,manager_intellectual_profession,La Réunion,urban_unit_100k_to_1_999_999,"At 80 years old, he has spent his career as a manager in the vibrant urban landscape of La Réunion, guiding teams in various intellectual pursuits. Residing in an area with a population of over 100,000, he enjoys the rich cultural diversity that the island offers."
fr_0507,male,28,25-34,other_inactive,Grand Est,rural_outside_urban_unit,"At 28 years old, he resides in a rural area of Grand Est, enjoying the tranquility of country life. Classified as other_inactive, he engages in various hobbies while embracing a slower-paced lifestyle."
fr_0508,female,32,25-34,retired,Nouvelle-Aquitaine,paris_urban_unit,"At 32 years old, she enjoys a peaceful retirement in the urban environment of Nouvelle-Aquitaine. Living in the Paris urban unit, she spends her days exploring local art and culture."
fr_0509,female,21,18-24,employee,Grand Est,rural_outside_urban_unit,"At 21 years old, she works as an administrative assistant in a local company in the Grand Est region. Living in a rural area outside the urban unit, she enjoys the tranquility of countryside life while pursuing her career."
fr_0510,male,84,65+,manager_intellectual_profession,Normandie,urban_unit_20k_to_99k,"At 84 years old, he has spent decades managing teams in various intellectual fields, contributing to the growth of urban businesses in Normandie. Residing in a thriving urban area with a population between 20,000 and 99,000, he enjoys the vibrant culture and community around him."
fr_0511,male,43,35-49,employee,Occitanie,urban_unit_under_20k,"At 43 years old, he works as an employee in a small urban unit in Occitanie. His life is shaped by the vibrant community and local culture of his city, which has a population under 20,000."
fr_0512,male,79,65+,retired,Île-de-France,urban_unit_100k_to_1_999_999,"At 79 years old, he enjoys his retirement in the bustling urban landscape of Île-de-France. His days are filled with leisure activities and time spent with family in the vibrant city life."
fr_0513,female,29,25-34,manager_intellectual_profession,Île-de-France,urban_unit_under_20k,"At 29 years old, she is a dedicated manager in a prestigious firm located in Île-de-France. Residing in a small urban unit with under 20,000 residents, she balances her professional ambitions with a close-knit community lifestyle."
fr_0514,male,52,50-64,craft_trader_business_owner,Provence-Alpes-Côte d'Azur,urban_unit_under_20k,"At 52 years old, he runs a successful artisan shop in a charming urban unit in Provence-Alpes-Côte d'Azur. His expertise in traditional crafts has made him a beloved figure in the local community."
fr_0515,female,64,50-64,employee,Occitanie,paris_urban_unit,"At 64, she is an employee residing in the vibrant urban area of Occitanie, which is part of the Paris urban unit. Her life reflects the blend of traditional values and modern influences characteristic of her dynamic environment."
fr_0516,male,47,35-49,craft_trader_business_owner,Provence-Alpes-Côte d'Azur,urban_unit_100k_to_1_999_999,"At 47 years old, he runs a successful craft trading business in the vibrant urban center of Provence-Alpes-Côte d'Azur. His entrepreneurial spirit reflects the rich artistic culture of the region, attracting both locals and tourists alike."
fr_0517,female,18,18-24,retired,Provence-Alpes-Côte d'Azur,urban_unit_100k_to_1_999_999,"At 18 years old, she enjoys a unique retirement lifestyle in the vibrant urban environment of Provence-Alpes-Côte d'Azur. Embracing her newfound freedom, she spends her days exploring the local culture and connecting with her community."
fr_0518,male,29,25-34,other_inactive,Provence-Alpes-Côte d'Azur,rural_outside_urban_unit,"At 29 years old, he resides in the picturesque rural landscapes of Provence-Alpes-Côte d'Azur. Classified as other_inactive, he enjoys a peaceful lifestyle away from the hustle of urban life."
fr_0519,male,92,65+,employee,Occitanie,paris_urban_unit,"At 92 years old, he is a long-time employee who has dedicated his life to the local community in Occitanie. Residing in the Paris urban unit, he enjoys the vibrant culture and connections of city life even in his later years."
fr_0520,male,38,35-49,intermediate_profession,Normandie,paris_urban_unit,"At 38 years old, he works as an intermediate professional in the vibrant urban landscape of the Paris urban unit. Residing in Normandie, he balances his career with a passion for local culture and community engagement."
fr_0521,male,86,65+,employee,Hauts-de-France,paris_urban_unit,"An 86-year-old man residing in Hauts-de-France has dedicated his life to his work as an employee in the bustling Paris urban unit. Despite his age, he remains actively engaged in his community, contributing to local initiatives and events."
fr_0522,male,20,18-24,employee,Normandie,urban_unit_under_20k,"At 20 years old, he works as an employee in an urban area of Normandie with a population under 20,000. He enjoys the vibrant local culture while balancing work and his studies at a nearby community college."
fr_0523,male,83,65+,employee,Grand Est,urban_unit_20k_to_99k,"An 83-year-old man resides in an urban area of Grand Est, where he has spent his life working as an employee. He enjoys the vibrant community around him while reflecting on decades of experiences in the region."
fr_0524,female,85,65+,other_inactive,Hauts-de-France,urban_unit_20k_to_99k,"At 85 years old, she enjoys her retirement in an urban unit of Hauts-de-France, where the community thrives with a population between 20,000 and 99,000. Classified as other inactive, she spends her days engaging in local events and enjoying the vibrant culture of her city."
fr_0525,male,21,18-24,manager_intellectual_profession,Provence-Alpes-Côte d'Azur,rural_outside_urban_unit,"At 21 years old, he manages a local cooperative in the picturesque countryside of Provence-Alpes-Côte d'Azur. His intellectual pursuits often lead him to host community workshops focused on sustainable agriculture and rural development."
fr_0526,female,32,25-34,retired,Guadeloupe,urban_unit_20k_to_99k,"At 32 years old, she enjoys a leisurely life in an urban area of Guadeloupe after retiring early from her career. Embracing her newfound freedom, she spends her days exploring local culture and engaging in community activities."
fr_0527,male,41,35-49,worker,Hauts-de-France,urban_unit_100k_to_1_999_999,"At 41, he works as a technician in an urban area of Hauts-de-France, balancing his career with family life. He enjoys exploring local culture and participating in community events in the bustling city."
fr_0528,male,56,50-64,retired,Normandie,urban_unit_100k_to_1_999_999,"At 56 years old, he enjoys a peaceful retirement in an urban area of Normandie, where he spends his days exploring local culture and nature. He values community involvement and often participates in neighborhood events."
fr_0529,male,63,50-64,employee,Occitanie,urban_unit_under_20k,"At 63, he has dedicated his career to working as an employee in a small urban unit in Occitanie. Living in a community of under 20,000 residents, he values the close-knit relationships formed in his vibrant surroundings."
fr_0530,female,64,50-64,intermediate_profession,Hauts-de-France,paris_urban_unit,"A 64-year-old woman from Hauts-de-France works in an intermediate profession and has spent her career supporting local businesses. Residing in the Paris urban unit, she enjoys the vibrant culture and proximity to the capital."
fr_0531,female,69,65+,other_inactive,Île-de-France,urban_unit_20k_to_99k,"At 69 years old, she enjoys a quiet retirement in an urban area of Île-de-France with a population between 20,000 and 99,000. Classified as other_inactive, she spends her time volunteering and engaging with her local community."
fr_0532,female,24,18-24,worker,Île-de-France,urban_unit_100k_to_1_999_999,"A 24-year-old woman from Île-de-France works in a bustling urban environment with a population between 100,000 and 1,000,000. She is navigating her early career while enjoying the vibrant culture and opportunities of the city."
fr_0533,female,46,35-49,other_inactive,Auvergne-Rhône-Alpes,urban_unit_100k_to_1_999_999,"At 46 years old, she resides in an urban area of Auvergne-Rhône-Alpes with a population between 100,000 and 1,000,000. Classified as other_inactive, she enjoys the vibrant culture and community resources available in her city."
fr_0534,female,83,65+,retired,Occitanie,urban_unit_20k_to_99k,"At 83 years old, she enjoys her retirement in a vibrant urban area of Occitanie, where she has lived for many years. Her days are filled with leisurely strolls through the city's parks and engaging with the local community."
fr_0535,male,26,25-34,retired,Provence-Alpes-Côte d'Azur,rural_outside_urban_unit,"At 26 years old, he enjoys a quiet life in the rural expanses of Provence-Alpes-Côte d'Azur after retiring early from a successful career in technology. Embracing the serene countryside, he spends his days gardening and exploring the natural beauty of his surroundings."
fr_0536,female,40,35-49,employee,Normandie,urban_unit_20k_to_99k,"At 40 years old, she works as an employee in an urban area of Normandie with a population between 20,000 and 99,000. Balancing her career and personal life, she enjoys the vibrant culture and community of her city."
fr_0537,male,59,50-64,retired,Île-de-France,urban_unit_100k_to_1_999_999,"At 59 years old, he enjoys retirement in the bustling urban environment of Île-de-France. After a fulfilling career, he now spends his time exploring local culture and volunteering in his community."
fr_0538,male,30,25-34,manager_intellectual_profession,Île-de-France,paris_urban_unit,"At 30 years old, he works as a project manager in a leading consulting firm in Paris. He enjoys the vibrant urban culture of Île-de-France while engaging in intellectual discussions with peers."
fr_0539,female,38,35-49,employee,Bourgogne-Franche-Comté,urban_unit_under_20k,"At 38 years old, she works as an administrative assistant in a small urban area of Bourgogne-Franche-Comté. Balancing her career and family life, she enjoys the charm of her community while contributing to the local economy."
fr_0540,male,60,50-64,other_inactive,Bretagne,urban_unit_20k_to_99k,"At 60 years old, he resides in a vibrant urban area of Bretagne with a population between 20,000 and 99,000. Classified as other_inactive, he spends his time exploring local culture and enjoying leisurely activities."
fr_0541,female,83,65+,other_inactive,Auvergne-Rhône-Alpes,urban_unit_100k_to_1_999_999,"An 83-year-old woman resides in an urban area of Auvergne-Rhône-Alpes, where she enjoys the vibrant community life. Classified as other_inactive, she participates in local cultural events and connects with neighbors regularly."
fr_0542,male,19,18-24,manager_intellectual_profession,Grand Est,urban_unit_20k_to_99k,"At 19, he is an emerging manager in a tech startup, navigating the complexities of leadership in the bustling urban landscape of Grand Est. His intellectual pursuits complement his professional responsibilities, driving innovation and collaboration within his team."
fr_0543,female,48,35-49,manager_intellectual_profession,Grand Est,rural_outside_urban_unit,"At 48, she expertly navigates her role as a manager in a rural Grand Est community, balancing professional responsibilities with a deep connection to her surroundings. Her intellectual pursuits often lead her to engage with local initiatives that promote education and sustainable development."
fr_0544,female,60,50-64,worker,Île-de-France,rural_outside_urban_unit,"At 60 years old, she has spent decades working in a local textile factory in rural Île-de-France. Living outside the urban unit, she enjoys the tranquility of the countryside while remaining dedicated to her community."
fr_0545,male,66,65+,intermediate_profession,Île-de-France,urban_unit_100k_to_1_999_999,"At 66 years old, he has spent his career as an intermediate professional in the bustling urban environment of Île-de-France. Now enjoying retirement, he remains actively engaged in his community and local cultural events."
fr_0546,male,33,25-34,retired,Auvergne-Rhône-Alpes,rural_outside_urban_unit,"At 33 years old, he enjoys a peaceful retirement in the rural landscapes of Auvergne-Rhône-Alpes. Embracing a slower pace of life, he spends his days exploring nature and indulging in local traditions."
fr_0547,female,80,65+,worker,Auvergne-Rhône-Alpes,urban_unit_20k_to_99k,"An 80-year-old woman from the urban area of Auvergne-Rhône-Alpes has spent her life working in local manufacturing. Now retired, she enjoys her days exploring the vibrant community and reminiscing about her years of service."
fr_0548,male,53,50-64,retired,Auvergne-Rhône-Alpes,urban_unit_100k_to_1_999_999,"At 53 years old, he enjoys a peaceful retirement in the vibrant urban environment of Auvergne-Rhône-Alpes. He spends his days exploring local culture and volunteering in community projects."
fr_0549,male,40,35-49,other_inactive,Grand Est,urban_unit_20k_to_99k,"At 40 years old, he resides in an urban area of Grand Est with a population between 20,000 and 99,000. Currently classified as inactive, he spends his time engaging in local community activities and enjoying the cultural offerings of his city."
fr_0550,male,50,50-64,other_inactive,Île-de-France,paris_urban_unit,"At 50 years old, he resides in the vibrant urban unit of Paris, where he enjoys the cultural richness of the city. Classified as other_inactive, he spends his time exploring local art galleries and participating in community events."
fr_0551,male,23,18-24,worker,Île-de-France,urban_unit_20k_to_99k,"At 23 years old, he works in a bustling urban area of Île-de-France, contributing to the local economy. His life in a community of 20,000 to 99,000 residents offers a vibrant mix of opportunities and challenges."
fr_0552,female,52,50-64,manager_intellectual_profession,Centre-Val de Loire,rural_outside_urban_unit,"At 52, she excels as a manager in a regional consulting firm, leveraging her expertise to drive local development projects. Residing in the serene countryside of Centre-Val de Loire, she balances her professional life with a passion for nature and community engagement."
fr_0553,male,91,65+,manager_intellectual_profession,Provence-Alpes-Côte d'Azur,rural_outside_urban_unit,"At 91, he has spent decades managing educational programs in rural Provence-Alpes-Côte d'Azur, fostering community development. His intellectual pursuits and dedication to local culture have made him a respected figure in the area."
fr_0554,male,43,35-49,other_inactive,Île-de-France,rural_outside_urban_unit,"At 43 years old, he resides in a rural area of Île-de-France, embracing a quiet lifestyle away from urban hustle. Classified as other_inactive, he spends his time engaging in local community activities and enjoying nature."
fr_0555,male,38,35-49,manager_intellectual_profession,Grand Est,urban_unit_under_20k,"At 38 years old, he is a manager in a technology firm located in the Grand Est region of France. Residing in a small urban community with fewer than 20,000 residents, he balances his professional life with a passion for local culture and education."
fr_0556,male,89,65+,worker,Auvergne-Rhône-Alpes,urban_unit_20k_to_99k,"At 89 years old, he has spent his life working in the manufacturing sector in an urban area of Auvergne-Rhône-Alpes. Now retired, he enjoys the vibrancy of city life while reflecting on decades of hard work and community."
fr_0557,female,53,50-64,intermediate_profession,Occitanie,urban_unit_100k_to_1_999_999,"At 53 years old, she works as an administrative manager in a bustling urban center of Occitanie. Living in a city with a population between 100,000 and 1,000,000, she balances her professional life with community engagement activities."
fr_0558,male,41,35-49,employee,Île-de-France,paris_urban_unit,"A 41-year-old employee resides in the bustling urban area of Île-de-France. He navigates the vibrant life of the Paris urban unit, balancing work and the rich cultural experiences the city offers."
fr_0559,female,50,50-64,manager_intellectual_profession,Île-de-France,paris_urban_unit,"At 50 years old, she manages a team of researchers in a prestigious Parisian think tank, contributing to innovative solutions in urban development. Living in the heart of Île-de-France, she balances her professional life with a passion for exploring the city's rich cultural heritage."
fr_0560,female,60,50-64,farmer,Île-de-France,rural_outside_urban_unit,"At 60 years old, she has dedicated her life to sustainable farming in the rural landscapes of Île-de-France. Living outside urban units, she cultivates local produce while promoting eco-friendly practices in her community."
fr_0561,female,25,25-34,intermediate_profession,Nouvelle-Aquitaine,urban_unit_20k_to_99k,"At 25 years old, she works as a marketing specialist in the vibrant urban center of Nouvelle-Aquitaine. Passionate about local culture, she enjoys exploring the city's art scene and culinary delights in her free time."
fr_0562,female,35,35-49,worker,Nouvelle-Aquitaine,rural_outside_urban_unit,"At 35 years old, she works in a local manufacturing plant while balancing her responsibilities on a family farm. Living in rural Nouvelle-Aquitaine, she enjoys the tranquility of the countryside and the close-knit community life."
fr_0563,female,39,35-49,employee,Auvergne-Rhône-Alpes,urban_unit_20k_to_99k,"A 39-year-old employee resides in an urban area of Auvergne-Rhône-Alpes with a population between 20,000 and 99,000. She enjoys the vibrant culture and community life that urban living offers while balancing her professional responsibilities."
fr_0564,female,59,50-64,other_inactive,Guadeloupe,urban_unit_100k_to_1_999_999,"A 59-year-old woman lives in an urban area of Guadeloupe with a population between 100,000 and 999,999. Currently classified as inactive, she enjoys the vibrant culture and natural beauty of her surroundings."
fr_0565,female,72,65+,retired,Centre-Val de Loire,urban_unit_20k_to_99k,"At 72 years old, she enjoys her retirement in the urban center of Centre-Val de Loire, where vibrant community life thrives. She spends her days exploring local cultural events and nurturing her passion for gardening in her small apartment balcony."
fr_0566,male,35,35-49,worker,Île-de-France,urban_unit_100k_to_1_999_999,"A 35-year-old worker residing in the urban area of Île-de-France, he navigates the bustling city life while balancing his career and personal interests. He enjoys the cultural diversity and vibrant atmosphere of living in a densely populated urban environment."
fr_0567,female,79,65+,manager_intellectual_profession,Île-de-France,urban_unit_under_20k,"At 79, she has dedicated her life to managing educational programs in urban Île-de-France, fostering intellectual growth in her community. Residing in a small urban unit, she continues to inspire others with her passion for learning and leadership."
fr_0568,female,52,50-64,manager_intellectual_profession,Provence-Alpes-Côte d'Azur,rural_outside_urban_unit,"At 52, she successfully manages a local educational initiative in the serene countryside of Provence-Alpes-Côte d'Azur. Her role combines her passion for knowledge with a commitment to enhancing rural community development."
fr_0569,female,82,65+,retired,Nouvelle-Aquitaine,urban_unit_under_20k,"An 82-year-old retired woman resides in an urban area of Nouvelle-Aquitaine with a population under 20,000. She enjoys spending her time volunteering at the local community center and gardening in her small yard."
fr_0570,female,70,65+,employee,Bretagne,paris_urban_unit,"At 70 years old, she has spent her career as a dedicated employee in a local business in Bretagne. Living in the Paris urban unit, she enjoys the vibrant culture and community of her surroundings."
fr_0571,male,60,50-64,intermediate_profession,Hauts-de-France,urban_unit_100k_to_1_999_999,"At 60 years old, he has spent his career as a skilled technician in the dynamic urban landscape of Hauts-de-France. Living in a vibrant city with a population between 100,000 and 1,000,000, he enjoys the blend of cultural activities and community engagement."
fr_0572,male,23,18-24,other_inactive,Bretagne,urban_unit_under_20k,"At 23 years old, he lives in an urban area of under 20,000 residents in Bretagne. Currently classified as other_inactive, he explores his interests while navigating the local culture."
fr_0573,male,52,50-64,manager_intellectual_profession,Hauts-de-France,rural_outside_urban_unit,"At 52 years old, he manages a team of researchers focused on sustainable agriculture in the rural landscapes of Hauts-de-France. His intellectual pursuits drive community initiatives aimed at fostering innovation in local farming practices."
fr_0574,female,44,35-49,intermediate_profession,Grand Est,urban_unit_under_20k,"At 44 years old, she works in an intermediate profession in a small urban unit in Grand Est. Balancing her career with community involvement, she contributes to local initiatives that support social development."
fr_0575,female,53,50-64,retired,Pays de la Loire,urban_unit_20k_to_99k,"At 53 years old, she enjoys her retirement in an urban area of Pays de la Loire, surrounded by a vibrant community. With a passion for gardening and local art, she actively participates in neighborhood events and workshops."
fr_0576,male,63,50-64,other_inactive,Occitanie,urban_unit_100k_to_1_999_999,"A 63-year-old man resides in an urban area of Occitanie, where he enjoys a peaceful lifestyle. Classified as other_inactive, he engages in community activities and local events."
fr_0577,female,52,50-64,retired,Île-de-France,urban_unit_under_20k,"At 52 years old, she enjoys her retirement in a small urban community in Île-de-France. Her days are filled with gardening, reading, and exploring local art galleries."
fr_0578,male,38,35-49,retired,Île-de-France,urban_unit_100k_to_1_999_999,"At 38 years old, he enjoys the freedom of retirement in the bustling urban landscape of Île-de-France. He spends his days exploring the cultural richness of the region and engaging with his local community."
fr_0579,female,20,18-24,craft_trader_business_owner,La Réunion,urban_unit_100k_to_1_999_999,"At 20 years old, she runs a thriving craft business in the bustling urban center of La Réunion. Her entrepreneurial spirit reflects the vibrant culture and creativity of her community."
fr_0580,female,74,65+,other_inactive,Île-de-France,urban_unit_under_20k,"At 74, she enjoys her retirement in a quaint urban area of Île-de-France with a population under 20,000. Despite being classified as other_inactive, she actively engages in community events and local social gatherings."
fr_0581,male,48,35-49,employee,Normandie,urban_unit_100k_to_1_999_999,"A 48-year-old male employee resides in an urban area of Normandie with a population between 100,000 and 1,000,000. He enjoys the vibrant culture and community life that city living offers."
fr_0582,male,43,35-49,craft_trader_business_owner,Centre-Val de Loire,paris_urban_unit,"At 43, he owns a successful craft trading business in the bustling urban unit of Centre-Val de Loire. His entrepreneurial spirit thrives amidst the vibrant arts scene and cultural heritage of the region."
fr_0583,female,55,50-64,manager_intellectual_profession,Nouvelle-Aquitaine,paris_urban_unit,"A 55-year-old manager in Nouvelle-Aquitaine, she excels in her intellectual profession, leading teams with strategic vision. Residing in a vibrant urban unit near Paris, she balances her career with a passion for cultural enrichment."
fr_0584,male,83,65+,employee,Île-de-France,rural_outside_urban_unit,"At 83 years old, he has spent his life working as an employee in a small manufacturing firm. Now residing in the rural outskirts of Île-de-France, he enjoys the tranquility of country living in his retirement."
fr_0585,female,63,50-64,retired,Hauts-de-France,urban_unit_under_20k,"At 63 years old, she enjoys her retirement in a small urban community in Hauts-de-France. Embracing her newfound free time, she participates in local art classes and community gardening projects."
fr_0586,female,38,35-49,worker,Normandie,urban_unit_100k_to_1_999_999,A 38-year-old woman from urban Normandie balances her career as a factory worker with her passion for community volunteering. She enjoys exploring local art galleries and participating in city events during her free time.
fr_0587,male,58,50-64,other_inactive,Normandie,urban_unit_under_20k,"At 58 years old, he resides in a small urban area of Normandie with a population under 20,000. Classified as other_inactive, he enjoys a quiet lifestyle focused on community involvement and local culture."
fr_0588,male,59,50-64,employee,Occitanie,urban_unit_100k_to_1_999_999,"At 59 years old, he works as an employee in the vibrant urban environment of Occitanie. Living in a city with a population between 100,000 and 1,000,000, he enjoys the cultural diversity and community engagement of his area."
fr_0589,female,42,35-49,retired,Normandie,urban_unit_100k_to_1_999_999,"At 42 years old, she enjoys a peaceful retirement in an urban area of Normandie. Embracing her newfound free time, she explores local art and culture while engaging with her community."
fr_0590,male,31,25-34,worker,Pays de la Loire,urban_unit_100k_to_1_999_999,"A 31-year-old worker resides in an urban area of Pays de la Loire, contributing to the local economy. He enjoys the vibrant culture and community life that comes with living in a city of over 100,000 residents."
fr_0591,male,66,65+,other_inactive,Île-de-France,urban_unit_under_20k,"At 66 years old, he enjoys a quiet retirement in a small urban unit in Île-de-France. Living a lifestyle marked by leisure, he engages in community activities and local events."
fr_0592,male,86,65+,worker,Grand Est,paris_urban_unit,"At 86 years old, he has spent his life as a dedicated worker in the vibrant Paris urban unit of Grand Est. Now enjoying his retirement, he reflects on a lifetime shaped by hard work and the dynamic culture of the region."
fr_0593,female,84,65+,intermediate_profession,Bretagne,urban_unit_20k_to_99k,"An 84-year-old woman residing in an urban area of Bretagne has dedicated her life to community service as an intermediate professional. She actively participates in local events, advocating for the needs of her neighborhood and fostering connections among residents."
fr_0594,male,32,25-34,intermediate_profession,Occitanie,paris_urban_unit,"At 32 years old, he works in an intermediate profession in the vibrant urban unit of Paris, contributing to the dynamic economy of the region. Residing in Occitanie, he enjoys the blend of rural charm and urban convenience that the area offers."
fr_0595,female,64,50-64,manager_intellectual_profession,Auvergne-Rhône-Alpes,paris_urban_unit,"At 64, she is a seasoned manager in a prominent intellectual firm based in the Auvergne-Rhône-Alpes region. Living in the Paris urban unit, she balances her professional life with a passion for local cultural events and community engagement."
fr_0596,female,63,50-64,other_inactive,Provence-Alpes-Côte d'Azur,paris_urban_unit,"At 63, she enjoys the serene landscapes of Provence-Alpes-Côte d'Azur, where she has embraced a quieter lifestyle. Living in a vibrant urban area, she finds joy in local culture and community despite being classified as inactive."
fr_0597,male,86,65+,worker,Occitanie,urban_unit_20k_to_99k,"At 86 years old, he has spent his life working in various local factories in the urban area of Occitanie. Now retired, he enjoys sharing stories of his experiences with the younger generations in his community."
fr_0598,male,37,35-49,other_inactive,Nouvelle-Aquitaine,urban_unit_100k_to_1_999_999,"At 37 years old, he resides in an urban area of Nouvelle-Aquitaine with a population between 100,000 and 1,000,000. Classified as other_inactive, he engages in various community activities while currently not participating in formal employment."
fr_0599,female,82,65+,other_inactive,Auvergne-Rhône-Alpes,urban_unit_100k_to_1_999_999,"An 82-year-old woman resides in an urban area of Auvergne-Rhône-Alpes, enjoying her retirement in a vibrant community. Classified as other_inactive, she engages in local activities that foster social connections and lifelong learning."
fr_0600,female,61,50-64,intermediate_profession,Île-de-France,urban_unit_20k_to_99k,"At 61, she navigates the bustling urban life of Île-de-France, balancing her role as an intermediate professional with her passion for community engagement. Living in a vibrant area with a population between 20,000 and 99,000, she finds joy in local culture and the diversity of her surroundings."
fr_0601,female,33,25-34,other_inactive,Normandie,rural_outside_urban_unit,"At 33 years old, she resides in a rural area of Normandie, enjoying the tranquility of country life. Classified as other_inactive, she dedicates her time to personal interests and community engagement outside of traditional employment."
fr_0602,female,61,50-64,intermediate_profession,Nouvelle-Aquitaine,urban_unit_100k_to_1_999_999,"At 61, she has built a successful career in the intermediate profession sector while navigating the vibrant urban life of Nouvelle-Aquitaine. Residing in a bustling city with a population between 100,000 and 1,000,000, she enjoys the cultural richness and opportunities the area offers."
fr_0603,male,34,25-34,retired,Île-de-France,urban_unit_20k_to_99k,"At 34 years old, he enjoys a relaxed lifestyle in urban Île-de-France after retiring early from a successful career. He spends his days exploring local art galleries and volunteering in community projects."
fr_0604,male,54,50-64,manager_intellectual_profession,Provence-Alpes-Côte d'Azur,urban_unit_100k_to_1_999_999,"At 54, he is a seasoned manager in an intellectual profession, navigating the complexities of urban life in Provence-Alpes-Côte d'Azur. Residing in a vibrant city with a population between 100,000 and 1,000,000, he embraces the cultural richness of the region."
fr_0605,male,59,50-64,retired,Martinique,urban_unit_under_20k,"At 59, he enjoys his retirement in a vibrant urban community of under 20,000 residents in Martinique. His days are filled with leisure activities that embrace the island's culture and scenic beauty."
fr_0606,female,49,35-49,farmer,Nouvelle-Aquitaine,urban_unit_under_20k,"At 49 years old, she manages a small organic farm in the picturesque urban unit of Nouvelle-Aquitaine, where community connections thrive. Her passion for sustainable agriculture fuels her commitment to enhancing local food systems."
fr_0607,female,67,65+,worker,Auvergne-Rhône-Alpes,urban_unit_100k_to_1_999_999,"At 67 years old, she has spent her life working in the bustling urban environment of Auvergne-Rhône-Alpes. Living in a city with a population between 100,000 and 1,000,000, she enjoys the vibrant culture and community around her."
fr_0608,female,55,50-64,manager_intellectual_profession,Occitanie,urban_unit_under_20k,"A 55-year-old manager in an intellectual profession, she thrives in the vibrant urban environment of a small Occitanie town. Balancing her career and community involvement, she is a respected figure among local professionals."
fr_0609,female,34,25-34,employee,Occitanie,urban_unit_100k_to_1_999_999,"At 34 years old, she works as an employee in a vibrant urban area of Occitanie. Her life is shaped by the dynamic environment and cultural richness of a city with a population between 100,000 and 1,000,000 residents."
fr_0610,female,32,25-34,retired,Nouvelle-Aquitaine,urban_unit_100k_to_1_999_999,"At 32 years old, she enjoys her early retirement in the vibrant urban environment of Nouvelle-Aquitaine. Embracing her newfound freedom, she spends her days exploring local culture and community events."
fr_0611,male,72,65+,intermediate_profession,Nouvelle-Aquitaine,urban_unit_100k_to_1_999_999,"At 72, he has spent most of his life working as a skilled tradesman in an urban center of Nouvelle-Aquitaine. Now retired, he enjoys exploring local markets and spending time with his grandchildren in a vibrant community."
fr_0612,female,51,50-64,employee,Nouvelle-Aquitaine,rural_outside_urban_unit,"At 51 years old, she works as an employee in a small rural community in Nouvelle-Aquitaine. Embracing the tranquility of her surroundings, she enjoys the slower pace of life outside the urban bustle."
fr_0613,male,60,50-64,other_inactive,Île-de-France,urban_unit_100k_to_1_999_999,"At 60 years old, he resides in an urban area of Île-de-France with a population between 100,000 and 1 million. Classified as other inactive, his daily routine revolves around community activities and local events."
fr_0614,male,51,50-64,worker,Pays de la Loire,urban_unit_under_20k,"A 51-year-old worker resides in an urban area of under 20,000 people in Pays de la Loire. He navigates the challenges of urban life while contributing to the local economy through his job."
fr_0615,male,30,25-34,manager_intellectual_profession,Nouvelle-Aquitaine,rural_outside_urban_unit,"At 30 years old, he works as a manager in a regional firm, utilizing his expertise in strategic planning and team leadership. Residing in a rural area of Nouvelle-Aquitaine, he enjoys the tranquility of countryside life while fostering professional growth."
fr_0616,female,94,65+,employee,Auvergne-Rhône-Alpes,urban_unit_100k_to_1_999_999,"At 94 years old, she continues to work part-time in a local shop in the vibrant urban center of Auvergne-Rhône-Alpes. Her long-standing commitment to her community has made her a beloved figure among residents."
fr_0617,male,58,50-64,manager_intellectual_profession,Auvergne-Rhône-Alpes,urban_unit_100k_to_1_999_999,"At 58 years old, he manages a team of professionals in a bustling urban center of Auvergne-Rhône-Alpes. With a focus on fostering innovation, he contributes to the intellectual growth of his community."
fr_0618,female,45,35-49,other_inactive,Pays de la Loire,urban_unit_100k_to_1_999_999,"At 45 years old, she resides in an urban area of Pays de la Loire, surrounded by a vibrant community. Currently classified as inactive, she enjoys exploring local art and culture in her dynamic city."
fr_0619,female,34,25-34,retired,Normandie,urban_unit_under_20k,"At 34 years old, she enjoys a peaceful retirement in a quaint urban area of Normandie with a population under 20,000. Her days are filled with leisure activities and community engagement in her close-knit neighborhood."
fr_0620,female,45,35-49,intermediate_profession,Occitanie,rural_outside_urban_unit,"At 45 years old, she works as an intermediate professional in a small rural community in Occitanie. Balancing her career with the tranquility of countryside living, she enjoys the close-knit relationships within her vibrant local network."
fr_0621,female,76,65+,worker,Hauts-de-France,urban_unit_100k_to_1_999_999,"At 76, she has dedicated her life to working in the textile industry in an urban area of Hauts-de-France. Now retired, she enjoys sharing her passion for knitting with her grandchildren while staying active in her community."
fr_0622,male,28,25-34,worker,Hauts-de-France,rural_outside_urban_unit,"At 28 years old, he works as a mechanic in a small workshop in rural Hauts-de-France. Living outside an urban unit, he enjoys the tranquility of the countryside while pursuing his passion for vintage cars."
fr_0623,male,20,18-24,manager_intellectual_profession,Provence-Alpes-Côte d'Azur,urban_unit_100k_to_1_999_999,"At 20 years old, he is a rising manager in a tech firm located in the bustling urban center of Provence-Alpes-Côte d'Azur. His passion for innovation and leadership drives him to seek out new challenges in the dynamic landscape of the region."
fr_0624,male,62,50-64,retired,Occitanie,urban_unit_100k_to_1_999_999,"A 62-year-old retired man resides in an urban unit of Occitanie, enjoying the vibrant culture and community of the region. He spends his days exploring local markets and engaging with fellow retirees in various social activities."
fr_0625,female,80,65+,retired,Nouvelle-Aquitaine,urban_unit_100k_to_1_999_999,"An 80-year-old retired woman resides in an urban area of Nouvelle-Aquitaine with a population between 100,000 and 1,000,000. She enjoys exploring local art galleries and participating in community events."
fr_0626,male,34,25-34,intermediate_profession,Occitanie,rural_outside_urban_unit,"At 34 years old, he works as an agricultural technician in the rural outskirts of Occitanie, where he applies his expertise to enhance local farming practices. Balancing his professional life with a deep appreciation for nature, he enjoys hiking and exploring the diverse landscapes of the region."
fr_0627,male,39,35-49,other_inactive,Auvergne-Rhône-Alpes,urban_unit_100k_to_1_999_999,"At 39 years old, he resides in an urban area of Auvergne-Rhône-Alpes with a population between 100,000 and 1,000,000. Currently classified as other_inactive, he enjoys exploring local culture and community events."
fr_0628,female,18,18-24,intermediate_profession,Nouvelle-Aquitaine,urban_unit_under_20k,"At 18 years old, she is an aspiring graphic designer working part-time in a local café in a small urban unit in Nouvelle-Aquitaine. Balancing her studies and job, she enjoys exploring the vibrant art scene in her community."
fr_0629,female,47,35-49,employee,Bretagne,urban_unit_under_20k,"At 47 years old, she is a dedicated employee living in an urban area of Bretagne with a population under 20,000. Balancing work and community involvement, she enjoys the unique culture and natural beauty of her surroundings."
fr_0630,female,23,18-24,intermediate_profession,Grand Est,urban_unit_under_20k,"At 23 years old, she works as an administrative assistant in a growing tech startup. Residing in an urban area with fewer than 20,000 residents in Grand Est, she enjoys the blend of city life and a close-knit community."
fr_0631,male,19,18-24,other_inactive,Provence-Alpes-Côte d'Azur,urban_unit_20k_to_99k,"At 19 years old, he resides in a vibrant urban area of Provence-Alpes-Côte d'Azur, where he enjoys the rich culture and scenic beauty of the region. Classified as other_inactive, he spends his time exploring local art and nature, seeking inspiration for his future endeavors."
fr_0632,female,63,50-64,other_inactive,Île-de-France,urban_unit_100k_to_1_999_999,"At 63 years old, she resides in an urban unit in Île-de-France, surrounded by the vibrancy of city life. Classified as other_inactive, she has embraced a leisurely lifestyle, enjoying local art and community events."
fr_0633,female,55,50-64,retired,Nouvelle-Aquitaine,rural_outside_urban_unit,"At 55, she enjoys her retirement in the serene countryside of Nouvelle-Aquitaine, surrounded by nature. Living in a rural area outside urban units, she finds joy in gardening and local community activities."
fr_0634,male,37,35-49,retired,Grand Est,paris_urban_unit,"At 37 years old, he enjoys a peaceful retirement in the vibrant Paris urban unit of Grand Est. Embracing a slower pace of life, he spends his days exploring local culture and connecting with the community."
fr_0635,male,60,50-64,retired,Bretagne,paris_urban_unit,"At 60 years old, he enjoys his retirement in the picturesque region of Bretagne, surrounded by its stunning coastlines and rich culture. Residing in a Paris urban unit, he often travels to the city to indulge in its vibrant arts scene and culinary delights."
fr_0636,female,93,65+,employee,Nouvelle-Aquitaine,paris_urban_unit,"At 93 years old, she has spent her life working as an employee in various roles throughout her career. Now residing in the vibrant urban unit of Paris, she cherishes her memories of Nouvelle-Aquitaine and its countryside."
fr_0637,female,48,35-49,retired,Provence-Alpes-Côte d'Azur,rural_outside_urban_unit,"At 48 years old, she enjoys a peaceful retirement in the picturesque countryside of Provence-Alpes-Côte d'Azur. Embracing rural life, she spends her days gardening and exploring the natural beauty of her surroundings."
fr_0638,male,56,50-64,intermediate_profession,Nouvelle-Aquitaine,urban_unit_100k_to_1_999_999,"At 56, he works as a project manager in a thriving urban center of Nouvelle-Aquitaine. Balancing his professional life with family, he enjoys the vibrant culture and community in the bustling city."
fr_0639,male,56,50-64,retired,Grand Est,urban_unit_100k_to_1_999_999,"At 56 years old, he enjoys his retirement in an urban area of Grand Est, surrounded by a vibrant community. He spends his days exploring local culture and engaging in volunteer activities that enrich the lives of those around him."
fr_0640,female,92,65+,employee,Provence-Alpes-Côte d'Azur,rural_outside_urban_unit,"At 92 years old, she has spent her life working as a dedicated employee in the tranquil landscapes of Provence-Alpes-Côte d'Azur. Living in a rural area outside the urban unit, she cherishes her connection to nature and the simplicity of country life."
fr_0641,female,94,65+,employee,Occitanie,urban_unit_20k_to_99k,"At 94 years old, she has dedicated her life to her work as an employee in the vibrant urban environment of Occitanie. Living in a city with a population between 20,000 and 99,000, she enjoys the rich culture and community around her."
fr_0642,female,62,50-64,retired,Île-de-France,urban_unit_under_20k,"At 62 years old, she enjoys her retirement in a small urban unit in Île-de-France. With a passion for gardening, she cultivates a vibrant community garden that brings neighbors together."
fr_0643,male,28,25-34,employee,Centre-Val de Loire,rural_outside_urban_unit,"At 28 years old, he works as an employee in a small manufacturing company in Centre-Val de Loire. Residing in a rural area outside the urban unit, he enjoys the tranquility of the countryside lifestyle."
fr_0644,male,64,50-64,retired,Île-de-France,paris_urban_unit,"At 64 years old, he enjoys his retirement in the vibrant urban landscape of Île-de-France. Living in the Paris urban unit, he spends his days exploring local culture and enjoying leisurely activities."
fr_0645,female,84,65+,retired,Grand Est,rural_outside_urban_unit,"At 84 years old, she enjoys a peaceful retirement in the rural outskirts of Grand Est. Surrounded by nature, she spends her days gardening and volunteering at the local community center."
fr_0646,female,76,65+,craft_trader_business_owner,Île-de-France,paris_urban_unit,"At 76 years old, she runs a successful craft trading business in the heart of Paris, showcasing local artisans. Living in the vibrant Île-de-France region, she is a cherished figure in her urban community."
fr_0647,female,23,18-24,other_inactive,Bourgogne-Franche-Comté,urban_unit_20k_to_99k,"At 23 years old, she resides in an urban area of Bourgogne-Franche-Comté, surrounded by a vibrant community. Currently classified as other_inactive, she explores her interests and passions while engaging with local culture."
fr_0648,male,39,35-49,retired,Auvergne-Rhône-Alpes,rural_outside_urban_unit,"At 39 years old, he has recently retired from a career in agriculture and now enjoys the tranquility of rural life in Auvergne-Rhône-Alpes. Embracing his newfound freedom, he spends his days exploring the surrounding nature and engaging with the local community."
fr_0649,female,43,35-49,manager_intellectual_profession,Nouvelle-Aquitaine,rural_outside_urban_unit,"At 43 years old, she manages a team of researchers in a rural community in Nouvelle-Aquitaine. With a focus on sustainable agriculture, she combines her intellectual expertise with local initiatives to foster environmental awareness."
fr_0650,female,93,65+,intermediate_profession,Grand Est,paris_urban_unit,"At 93 years old, she has witnessed the transformation of the Grand Est region throughout her lifetime. As a retired intermediate professional, she enjoys the vibrant culture of the Paris urban unit while reflecting on her rich experiences."
fr_0651,male,64,50-64,worker,Auvergne-Rhône-Alpes,urban_unit_under_20k,"At 64 years old, he has spent his life working in a local manufacturing plant in an urban unit with a population under 20,000 in Auvergne-Rhône-Alpes. He enjoys the close-knit community and the scenic landscapes that define his region."
fr_0652,male,54,50-64,worker,Centre-Val de Loire,urban_unit_20k_to_99k,"At 54 years old, he has dedicated his career to manufacturing in the urban area of Centre-Val de Loire, where he contributes to the local economy. Living in a vibrant community of 20,000 to 99,000 residents, he enjoys the blend of urban life and regional culture."
fr_0653,female,48,35-49,intermediate_profession,Bourgogne-Franche-Comté,urban_unit_100k_to_1_999_999,"A 48-year-old woman from Bourgogne-Franche-Comté works in an intermediate profession, balancing her career and family life in a vibrant urban environment. She enjoys the cultural richness of her city while actively participating in community events."
fr_0654,male,88,65+,other_inactive,Île-de-France,rural_outside_urban_unit,"At 88 years old, he enjoys a peaceful retirement in the rural outskirts of Île-de-France, surrounded by nature. Classified as other_inactive, he spends his days tending to his garden and reflecting on his long life."
fr_0655,female,73,65+,farmer,Bourgogne-Franche-Comté,urban_unit_under_20k,"At 73 years old, she has spent her life cultivating vineyards in a small urban community in Bourgogne-Franche-Comté. Her deep connection to the land and its traditions reflects the rich agricultural heritage of the region."
fr_0656,male,69,65+,manager_intellectual_profession,Auvergne-Rhône-Alpes,rural_outside_urban_unit,"At 69 years old, he is a seasoned manager with a career in intellectual professions, contributing to local economic development. Residing in the serene rural landscapes of Auvergne-Rhône-Alpes, he enjoys the tranquility and community of his surroundings."
fr_0657,male,40,35-49,retired,Auvergne-Rhône-Alpes,rural_outside_urban_unit,"At 40 years old, he enjoys the tranquility of rural life in Auvergne-Rhône-Alpes after retiring early from a career in agriculture. Embracing his newfound leisure, he spends his days hiking the scenic trails and engaging with the local community."
fr_0658,female,42,35-49,worker,Bourgogne-Franche-Comté,paris_urban_unit,"At 42 years old, she works as a dedicated factory operator in Bourgogne-Franche-Comté. Living in a Paris urban unit, she balances her demanding job with family life in a vibrant community."
fr_0659,female,28,25-34,retired,Hauts-de-France,urban_unit_100k_to_1_999_999,"At 28 years old, she is a retired professional living in an urban area of Hauts-de-France. Embracing her newfound free time, she enjoys exploring local art and culture."
fr_0660,female,66,65+,intermediate_profession,Normandie,urban_unit_under_20k,"At 66, she has spent decades working as a skilled artisan in the vibrant urban community of a small Normandie town. Her passion for local culture and craftsmanship continues to inspire her neighbors and enrich the community."
fr_0661,female,27,25-34,intermediate_profession,Nouvelle-Aquitaine,paris_urban_unit,"At 27 years old, she works as a marketing coordinator in a growing tech firm in Nouvelle-Aquitaine. Living in the vibrant Paris urban unit, she enjoys the blend of urban life and regional culture."
fr_0662,male,20,18-24,craft_trader_business_owner,Île-de-France,rural_outside_urban_unit,"At 20 years old, he runs a small craft trading business in the picturesque rural outskirts of Île-de-France. His passion for handmade goods has fostered a strong local clientele and a deep connection to his community."
fr_0663,male,59,50-64,worker,Grand Est,rural_outside_urban_unit,"At 59 years old, he has spent his life working in the agricultural sector of rural Grand Est. He enjoys the tranquility of his surroundings while contributing to the local community through various farming initiatives."
fr_0664,female,42,35-49,intermediate_profession,Centre-Val de Loire,urban_unit_20k_to_99k,"At 42 years old, she navigates her career as an intermediate professional in the vibrant urban center of Centre-Val de Loire. Living in a community of 20,000 to 99,000 residents, she enjoys the balance of city life and local culture."
fr_0665,male,36,35-49,retired,Île-de-France,urban_unit_under_20k,"At 36 years old, he enjoys retirement in a small urban community in Île-de-France. His days are filled with leisure activities and exploring the vibrant culture of his surroundings."
fr_0666,male,92,65+,intermediate_profession,Occitanie,urban_unit_100k_to_1_999_999,"At 92 years old, he resides in an urban area of Occitanie, navigating the vibrant life of a city with over 100,000 residents. As an intermediate professional, he reflects on a lifetime of contributions to his community while enjoying the company of family and friends."
fr_0667,male,84,65+,other_inactive,Grand Est,urban_unit_100k_to_1_999_999,"At 84 years old, he resides in an urban area of Grand Est, surrounded by a vibrant community. Classified as other_inactive, he enjoys spending his time exploring local culture and connecting with neighbors."
fr_0668,female,22,18-24,employee,Provence-Alpes-Côte d'Azur,urban_unit_100k_to_1_999_999,"At 22 years old, she is a dedicated employee living in the vibrant urban area of Provence-Alpes-Côte d'Azur. Her dynamic environment fuels her passion for art and culture, reflecting the lively spirit of the region."
fr_0669,female,88,65+,employee,Île-de-France,urban_unit_20k_to_99k,"At 88 years old, she has spent decades working in a local retail store in urban Île-de-France. Despite her age, she continues to engage with her community, fostering connections with both customers and neighbors."
fr_0670,female,70,65+,worker,Île-de-France,urban_unit_100k_to_1_999_999,"At 70 years old, she has spent her life working in the bustling urban environment of Île-de-France. Residing in a vibrant community of over 100,000 people, she cherishes the energy and diversity of city life."
fr_0671,female,27,25-34,employee,Hauts-de-France,paris_urban_unit,"At 27 years old, she works as an employee in the vibrant urban environment of Hauts-de-France. Living in the Paris urban unit, she is immersed in a dynamic blend of culture and opportunity."
fr_0672,female,84,65+,other_inactive,Hauts-de-France,urban_unit_100k_to_1_999_999,"At 84 years old, she enjoys the vibrant urban life of Hauts-de-France while navigating her retirement in a bustling community. Classified as other_inactive, she spends her days engaging in local cultural activities and connecting with fellow residents."
fr_0673,male,72,65+,retired,Auvergne-Rhône-Alpes,urban_unit_under_20k,"At 72, he enjoys his retirement in a quaint urban area of Auvergne-Rhône-Alpes with a population under 20,000. He spends his days exploring local parks and engaging with the community through various volunteer activities."
fr_0674,male,22,18-24,other_inactive,Provence-Alpes-Côte d'Azur,rural_outside_urban_unit,"At 22 years old, he enjoys a quiet life in the rural landscapes of Provence-Alpes-Côte d'Azur. Classified as other_inactive, he spends his time exploring nature and engaging in local community activities."
fr_0675,male,30,25-34,retired,Île-de-France,urban_unit_100k_to_1_999_999,"At 30 years old, he has retired early from a successful career in technology. He resides in an urban area of Île-de-France, where he enjoys exploring local culture and community activities."
fr_0676,male,44,35-49,retired,Grand Est,urban_unit_20k_to_99k,"At 44 years old, he enjoys retirement in an urban area of Grand Est, where he engages in community volunteering. His days are filled with exploring local culture and fostering connections with neighbors."
fr_0677,male,24,18-24,other_inactive,Bourgogne-Franche-Comté,urban_unit_100k_to_1_999_999,"At 24 years old, he resides in an urban area of Bourgogne-Franche-Comté, where he enjoys the vibrant local culture. Classified as other_inactive, he spends his time exploring his interests and engaging with his community."
fr_0678,female,91,65+,worker,Nouvelle-Aquitaine,urban_unit_under_20k,"At 91 years old, she has lived her entire life in an urban unit of under 20,000 people in Nouvelle-Aquitaine. As a retired worker, she enjoys sharing stories of her past with her neighbors and family."
fr_0679,female,53,50-64,employee,Nouvelle-Aquitaine,paris_urban_unit,"At 53 years old, she has spent over two decades working as a dedicated employee in the vibrant urban landscape of Paris. Residing in the Nouvelle-Aquitaine region, she enjoys the blend of urban excitement and natural beauty in her surroundings."
fr_0680,female,60,50-64,employee,Occitanie,urban_unit_20k_to_99k,"A 60-year-old woman lives in an urban area of Occitanie, where she works as an employee. She enjoys the vibrant community and cultural activities that her city has to offer."
fr_0681,male,18,18-24,other_inactive,Hauts-de-France,paris_urban_unit,An 18-year-old male residing in Hauts-de-France navigates life in the Paris urban unit while classified as other_inactive. His days are spent exploring local culture and socializing with peers in the vibrant city atmosphere.
fr_0682,male,19,18-24,worker,Provence-Alpes-Côte d'Azur,paris_urban_unit,"At 19, he works as a part-time barista in a bustling café in the heart of Provence-Alpes-Côte d'Azur. Living in a vibrant urban area, he enjoys the blend of city life and the surrounding natural beauty."
fr_0683,female,19,18-24,employee,Normandie,urban_unit_100k_to_1_999_999,"At 19 years old, she works as a barista in a bustling café in urban Normandie. Balancing her job and studies, she enjoys exploring the vibrant culture and community around her."
fr_0684,female,46,35-49,retired,Centre-Val de Loire,urban_unit_20k_to_99k,"At 46 years old, she enjoys her retirement in a vibrant urban area of Centre-Val de Loire. With a passion for local culture, she spends her time volunteering and exploring the city's art scene."
fr_0685,female,62,50-64,employee,Auvergne-Rhône-Alpes,rural_outside_urban_unit,"At 62 years old, she works as an employee in a small company in the Auvergne-Rhône-Alpes region. Living in a rural area outside an urban unit, she enjoys the tranquility of nature and community life."
fr_0686,female,37,35-49,manager_intellectual_profession,Île-de-France,urban_unit_under_20k,"At 37, she excels as a project manager in a consulting firm, navigating complex strategies with intellectual rigor. Residing in a quaint urban unit of Île-de-France, she balances her professional life with a passion for local art and culture."
fr_0687,male,49,35-49,worker,Grand Est,urban_unit_under_20k,"At 49 years old, he has spent over two decades working as a skilled tradesman in the urban area of Grand Est. He enjoys the vibrant community life in his small city while balancing work and family commitments."
fr_0688,male,82,65+,employee,Pays de la Loire,urban_unit_under_20k,"At 82 years old, he has spent his life working as an employee in the vibrant urban environment of Pays de la Loire. Residing in a community with a population under 20,000, he enjoys the charm of small-town life while staying engaged in local activities."
fr_0689,male,55,50-64,worker,Île-de-France,urban_unit_under_20k,"At 55 years old, he has spent his career as a factory worker in the bustling suburbs of Île-de-France. Residing in a small urban unit with a population under 20,000, he values community and the simple pleasures of life."
fr_0690,female,81,65+,employee,Île-de-France,urban_unit_100k_to_1_999_999,"At 81 years old, she continues to work as an administrative assistant in a bustling urban center of Île-de-France. Living in a vibrant community, she enjoys the rich culture and resources of the city while balancing her professional life."
fr_0691,male,25,25-34,other_inactive,Grand Est,urban_unit_under_20k,"At 25 years old, he resides in an urban area of Grand Est with a population under 20,000. Classified as other_inactive, he spends his time exploring local culture and community events."
fr_0692,male,83,65+,retired,Pays de la Loire,urban_unit_under_20k,An 83-year-old retired man resides in a small urban unit in Pays de la Loire. He enjoys the tranquility of his community while engaging in local activities and spending time with family.
fr_0693,female,32,25-34,other_inactive,Hauts-de-France,paris_urban_unit,"At 32 years old, she resides in the urban unit of Paris within the Hauts-de-France region. Currently classified as other_inactive, she engages in various personal projects and community activities."
fr_0694,female,39,35-49,retired,Bretagne,paris_urban_unit,"At 39 years old, she enjoys a peaceful retirement in the picturesque region of Bretagne, within the Paris urban unit. Embracing her newfound free time, she explores local culture and nature, savoring the beauty of her surroundings."
fr_0695,male,45,35-49,retired,Nouvelle-Aquitaine,paris_urban_unit,"At 45 years old, he enjoys a peaceful retirement in the picturesque region of Nouvelle-Aquitaine, surrounded by nature. Living in an urban area classified as a Paris urban unit, he spends his days exploring local culture and engaging with the community."
fr_0696,male,89,65+,other_inactive,Nouvelle-Aquitaine,urban_unit_under_20k,"At 89 years old, he enjoys the quiet life in an urban unit of under 20,000 residents in Nouvelle-Aquitaine. Classified as other_inactive, he spends his days engaging in local community activities and enjoying leisurely walks."
fr_0697,male,48,35-49,retired,Hauts-de-France,rural_outside_urban_unit,"At 48 years old, he enjoys a peaceful retirement in the rural landscapes of Hauts-de-France. Embracing the slower pace of life, he spends his days gardening and volunteering at the local community center."
fr_0698,male,24,18-24,intermediate_profession,Île-de-France,urban_unit_20k_to_99k,"At 24 years old, he works as an intermediate professional in the bustling urban area of Île-de-France. His vibrant city life is filled with opportunities for career advancement and cultural experiences."
fr_0699,male,93,65+,retired,Île-de-France,rural_outside_urban_unit,"At 93 years old, he enjoys a peaceful retirement in the rural outskirts of Île-de-France. His days are filled with gardening and reminiscing about the rich history of the region."
fr_0700,female,37,35-49,other_inactive,Hauts-de-France,urban_unit_100k_to_1_999_999,"At 37 years old, she resides in an urban area of Hauts-de-France, surrounded by a vibrant community. Currently classified as other_inactive, she engages in local volunteer activities while exploring personal interests."
fr_0701,male,69,65+,other_inactive,Auvergne-Rhône-Alpes,urban_unit_100k_to_1_999_999,"At 69 years old, he enjoys a quiet life in an urban area of Auvergne-Rhône-Alpes, engaging in community activities. Classified as other_inactive, he spends his time volunteering at local organizations and exploring the cultural offerings of the city."
fr_0702,male,32,25-34,retired,Grand Est,paris_urban_unit,"At 32 years old, he retired early from a successful career in technology and now enjoys a leisurely lifestyle. Residing in the Grand Est region within a Paris urban unit, he spends his time exploring local culture and art."
fr_0703,male,18,18-24,retired,Île-de-France,urban_unit_100k_to_1_999_999,"An 18-year-old male from Île-de-France has surprisingly retired, navigating life in a bustling urban environment. He enjoys the vibrant culture of his city while exploring new hobbies and interests."
fr_0704,female,24,18-24,employee,Grand Est,urban_unit_100k_to_1_999_999,"At 24 years old, she works as an employee in the vibrant urban center of Grand Est. Living in a bustling area with a population between 100,000 and 1,000,000, she embraces the dynamic lifestyle of city life."
fr_0705,female,25,25-34,intermediate_profession,Île-de-France,urban_unit_100k_to_1_999_999,"At 25 years old, she works as a marketing specialist in the bustling urban environment of Île-de-France. Living in a vibrant city with a population between 100,000 and 1,000,000, she enjoys the dynamic cultural scene and diverse community."
fr_0706,male,19,18-24,other_inactive,Auvergne-Rhône-Alpes,urban_unit_100k_to_1_999_999,"At 19 years old, he resides in an urban area of Auvergne-Rhône-Alpes with a population between 100,000 and 999,999. Currently classified as other_inactive, he is exploring his interests and options for the future."
fr_0707,male,50,50-64,retired,Occitanie,urban_unit_100k_to_1_999_999,"At 50 years old, he enjoys a peaceful retirement in a vibrant urban area of Occitanie. He spends his time exploring local culture and engaging in community activities."
fr_0708,female,30,25-34,other_inactive,Provence-Alpes-Côte d'Azur,paris_urban_unit,"At 30 years old, she resides in the vibrant urban unit of Paris while enjoying the scenic landscapes of Provence-Alpes-Côte d'Azur. Classified as other_inactive, she embraces a lifestyle focused on personal passions and exploration."
fr_0709,female,48,35-49,intermediate_profession,Grand Est,urban_unit_100k_to_1_999_999,"At 48 years old, she works as an administrative manager in an urban center of Grand Est. Living in a bustling area with a population between 100,000 and 1,000,000, she balances her career with her passion for community volunteering."
fr_0710,female,84,65+,retired,Occitanie,urban_unit_100k_to_1_999_999,"An 84-year-old retired woman resides in a vibrant urban area of Occitanie, surrounded by a community of diverse cultures and activities. She enjoys spending her time volunteering at local charities and engaging in city events that celebrate her region's rich heritage."
fr_0711,female,23,18-24,retired,Auvergne-Rhône-Alpes,urban_unit_20k_to_99k,"At 23 years old, she enjoys an early retirement in the vibrant urban area of Auvergne-Rhône-Alpes. Embracing her newfound freedom, she explores local arts and culture while engaging with her community."
fr_0712,female,88,65+,manager_intellectual_profession,Auvergne-Rhône-Alpes,urban_unit_100k_to_1_999_999,An 88-year-old female manager residing in an urban area of Auvergne-Rhône-Alpes has dedicated her life to promoting educational initiatives in her community. She continues to inspire others through her passion for intellectual pursuits and lifelong learning.
fr_0713,male,59,50-64,retired,Bourgogne-Franche-Comté,paris_urban_unit,"At 59 years old, he enjoys his retirement in the picturesque Bourgogne-Franche-Comté region. Living in the Paris urban unit, he embraces a quieter lifestyle while appreciating the rich culture and history of the area."
fr_0714,female,35,35-49,retired,Nouvelle-Aquitaine,urban_unit_100k_to_1_999_999,"At 35 years old, she enjoys her retirement in an urban area of Nouvelle-Aquitaine, where she engages in community volunteer work. Living in a vibrant city with a population between 100,000 and 1,000,000, she embraces the cultural diversity and activities available to her."
fr_0715,male,44,35-49,craft_trader_business_owner,Grand Est,rural_outside_urban_unit,"At 44 years old, he owns a successful craft trading business in the rural outskirts of Grand Est. His work allows him to connect with the local community while promoting traditional craftsmanship."
fr_0716,male,59,50-64,other_inactive,Provence-Alpes-Côte d'Azur,urban_unit_100k_to_1_999_999,"At 59 years old, he enjoys the vibrant urban life in Provence-Alpes-Côte d'Azur, where he has settled into a comfortable routine. Classified as other_inactive, he spends his time exploring local culture and engaging in community activities."
fr_0717,female,29,25-34,employee,Île-de-France,urban_unit_20k_to_99k,"At 29 years old, she works as a marketing specialist in a bustling urban area of Île-de-France. Living amidst a vibrant community of 20,000 to 99,000 residents, she enjoys the dynamic lifestyle that city life offers."
fr_0718,male,48,35-49,intermediate_profession,Bourgogne-Franche-Comté,paris_urban_unit,"At 48 years old, he works in an intermediate profession, contributing to the local economy of Bourgogne-Franche-Comté. Residing in the Paris urban unit, he enjoys the blend of rural charm and urban accessibility."
fr_0719,male,44,35-49,manager_intellectual_profession,Occitanie,urban_unit_20k_to_99k,"At 44 years old, he manages a team of professionals in an urban setting in Occitanie, where he applies his analytical skills to drive innovation. His role as a manager in an intellectual profession allows him to engage deeply with complex problem-solving and strategic planning."
fr_0720,male,34,25-34,worker,Grand Est,rural_outside_urban_unit,"At 34 years old, he works as a mechanic in a small workshop in rural Grand Est. He enjoys the tranquility of country life and spends his weekends hiking in the nearby forests."
fr_0721,female,70,65+,manager_intellectual_profession,Bretagne,urban_unit_100k_to_1_999_999,"At 70, she has spent decades managing educational initiatives in urban Bretagne, fostering community engagement and lifelong learning. Her intellectual pursuits continue to inspire younger generations in her bustling city."
fr_0722,male,27,25-34,other_inactive,Occitanie,urban_unit_under_20k,"At 27 years old, he resides in a small urban unit in Occitanie, where he enjoys a quieter lifestyle. Classified as other_inactive, he spends his time exploring local art and culture."
fr_0723,female,59,50-64,other_inactive,Île-de-France,urban_unit_100k_to_1_999_999,"A 59-year-old woman resides in an urban area of Île-de-France, enjoying the vibrant culture and community around her. She is currently classified as other_inactive, engaging in various personal interests and hobbies."
fr_0724,female,67,65+,retired,Normandie,paris_urban_unit,"At 67 years old, she enjoys her retirement in the picturesque region of Normandie, situated within the Paris urban unit. Embracing a slower pace of life, she spends her days gardening and exploring local art galleries."
fr_0725,male,54,50-64,retired,Île-de-France,urban_unit_20k_to_99k,"At 54 years old, he enjoys a peaceful retirement in an urban area of Île-de-France with a population between 20,000 and 99,000. His days are filled with leisure activities and community engagement, reflecting his commitment to a fulfilling post-career life."
fr_0726,male,40,35-49,retired,Grand Est,urban_unit_20k_to_99k,"At 40 years old, he enjoys a peaceful retirement in an urban area of Grand Est with a population between 20,000 and 99,000. Embracing his newfound free time, he spends his days exploring local culture and engaging with the community."
fr_0727,female,58,50-64,intermediate_profession,Auvergne-Rhône-Alpes,urban_unit_under_20k,"At 58 years old, she works as an administrative manager in a small urban unit in Auvergne-Rhône-Alpes. Living in a close-knit community, she enjoys the balance of city life with easy access to the region's natural beauty."
fr_0728,male,60,50-64,other_inactive,Occitanie,urban_unit_20k_to_99k,"At 60 years old, he resides in an urban area of Occitanie with a population between 20,000 and 99,000. Classified as other_inactive, he spends his time exploring local culture and enjoying community events."
fr_0729,male,82,65+,employee,Nouvelle-Aquitaine,urban_unit_under_20k,"At 82 years old, he resides in a small urban area of Nouvelle-Aquitaine, contributing to his community as a dedicated employee. His long-standing experience in the workforce reflects his resilience and adaptability throughout the years."
fr_0730,female,36,35-49,intermediate_profession,Île-de-France,urban_unit_100k_to_1_999_999,"At 36 years old, she navigates the vibrant urban landscape of Île-de-France as a skilled professional in her field. Living in a bustling city with a population between 100,000 and nearly a million, she embraces the dynamic culture and opportunities around her."
fr_0731,female,32,25-34,other_inactive,Île-de-France,urban_unit_100k_to_1_999_999,"At 32 years old, she resides in an urban area of Île-de-France, surrounded by a vibrant city life. Currently classified as inactive, she explores her interests in art and community engagement."
fr_0732,female,60,50-64,employee,Auvergne-Rhône-Alpes,rural_outside_urban_unit,"At 60 years old, she has spent her career as an employee in the rural communities of Auvergne-Rhône-Alpes. Living outside urban units, she enjoys the tranquility of nature while contributing to local initiatives."
fr_0733,male,64,50-64,retired,Normandie,urban_unit_under_20k,"At 64 years old, he enjoys a peaceful retirement in a quaint urban area of Normandie with a population under 20,000. He spends his days exploring local history and engaging with community activities."
fr_0734,male,29,25-34,retired,Nouvelle-Aquitaine,urban_unit_under_20k,"At 29 years old, he enjoys an early retirement in a small urban unit in Nouvelle-Aquitaine. He spends his days exploring local culture and engaging in community activities."
fr_0735,female,26,25-34,employee,Nouvelle-Aquitaine,urban_unit_20k_to_99k,"At 26 years old, she is an employee residing in an urban area of Nouvelle-Aquitaine with a population between 20,000 and 99,000. Her daily life blends the vibrancy of city living with the rich culture and natural beauty of the region."
fr_0736,female,43,35-49,intermediate_profession,Bourgogne-Franche-Comté,rural_outside_urban_unit,"A 43-year-old woman from Bourgogne-Franche-Comté works in an intermediate profession, contributing to the local economy. She enjoys the tranquility of rural life, surrounded by the picturesque landscapes of her region."
fr_0737,male,72,65+,retired,Corse,rural_outside_urban_unit,"At 72 years old, he enjoys a peaceful retirement in the rural outskirts of Corse. His days are filled with gardening and exploring the natural beauty of his surroundings."
fr_0738,male,88,65+,intermediate_profession,Nouvelle-Aquitaine,urban_unit_100k_to_1_999_999,"At 88 years old, he enjoys the vibrant culture and community of urban Nouvelle-Aquitaine. With a background in intermediate professions, he remains an active participant in local events and social gatherings."
fr_0739,male,34,25-34,retired,Grand Est,urban_unit_under_20k,"At 34 years old, he enjoys a peaceful retirement in a picturesque urban area of Grand Est with a population under 20,000. His days are filled with exploring local culture and engaging in community events."
fr_0740,female,65,65+,manager_intellectual_profession,Île-de-France,urban_unit_20k_to_99k,"At 65 years old, she manages a team of researchers in a prestigious urban research institution in Île-de-France. Living in a vibrant community of 50,000 residents, she balances her professional life with a passion for local cultural events."
fr_0741,female,35,35-49,intermediate_profession,Île-de-France,urban_unit_100k_to_1_999_999,"At 35 years old, she works as a project manager in a bustling urban area of Île-de-France, balancing her professional and personal life. Living in a vibrant community of over 100,000 residents, she enjoys the cultural diversity and opportunities that city life offers."
fr_0742,female,70,65+,retired,La Réunion,urban_unit_100k_to_1_999_999,"At 70 years old, she enjoys her retirement in the vibrant urban area of La Réunion, surrounded by a rich cultural heritage. Her days are filled with community activities and the beauty of the island's landscapes."
fr_0743,male,37,35-49,retired,Île-de-France,urban_unit_100k_to_1_999_999,"At 37, he enjoys his retirement in the bustling urban environment of Île-de-France. His days are filled with exploring the rich cultural offerings of the region and engaging in community activities."
fr_0744,female,80,65+,retired,Provence-Alpes-Côte d'Azur,rural_outside_urban_unit,"At 80 years old, she enjoys a peaceful retirement in the rural landscapes of Provence-Alpes-Côte d'Azur. Surrounded by nature, she spends her days tending to her garden and embracing the tranquility of country life."
fr_0745,male,60,50-64,craft_trader_business_owner,Grand Est,urban_unit_100k_to_1_999_999,"At 60 years old, he runs a successful craft trading business in an urban area of Grand Est. His entrepreneurial spirit has helped him thrive in a community with a population between 100,000 and 1 million residents."
fr_0746,male,60,50-64,manager_intellectual_profession,Grand Est,paris_urban_unit,"At 60, he works as a manager in an intellectual profession, guiding teams in a prominent Paris urban unit. Residing in Grand Est, he balances career demands with a passion for the arts and local culture."
fr_0747,female,46,35-49,worker,Auvergne-Rhône-Alpes,paris_urban_unit,"At 46 years old, she works diligently in a local manufacturing facility in Auvergne-Rhône-Alpes. Living in a bustling urban environment, she balances her professional life with the vibrant culture of the Paris urban unit."
fr_0748,female,49,35-49,employee,Pays de la Loire,urban_unit_100k_to_1_999_999,"At 49 years old, she works as an employee in a thriving urban area of Pays de la Loire. Her life reflects the vibrant and dynamic culture of a city with a population between 100,000 and 999,999."
fr_0749,male,19,18-24,employee,Hauts-de-France,urban_unit_100k_to_1_999_999,"At 19, he works as a part-time retail employee in a bustling urban center in Hauts-de-France. His vibrant city life is filled with opportunities and challenges typical of a young adult navigating the workforce."
fr_0750,male,62,50-64,retired,Nouvelle-Aquitaine,rural_outside_urban_unit,"At 62 years old, he enjoys a peaceful retirement in the serene landscapes of Nouvelle-Aquitaine. Living in a rural area outside urban units, he spends his days gardening and exploring local nature trails."
fr_0751,female,92,65+,other_inactive,Grand Est,paris_urban_unit,"At 92 years old, she resides in the vibrant urban area of Grand Est, enjoying the rich culture and history of her surroundings. Classified as other_inactive, she spends her days engaging in community activities and connecting with friends and family."
fr_0752,female,47,35-49,manager_intellectual_profession,Auvergne-Rhône-Alpes,paris_urban_unit,"At 47 years old, she is a manager in a prestigious firm located in the Paris urban unit. Living in the Auvergne-Rhône-Alpes region, she balances her professional ambitions with a passion for hiking in the surrounding mountains."
fr_0753,male,36,35-49,worker,Auvergne-Rhône-Alpes,urban_unit_100k_to_1_999_999,"At 36 years old, he works as a factory technician in a bustling urban center of Auvergne-Rhône-Alpes. He balances his demanding job with a passion for hiking in the nearby alpine landscapes."
fr_0754,male,39,35-49,worker,Île-de-France,rural_outside_urban_unit,"At 39 years old, he balances his life as a dedicated worker in the rural outskirts of Île-de-France. His days are filled with the tranquility of countryside living while contributing to the local economy."
fr_0755,male,33,25-34,manager_intellectual_profession,Occitanie,urban_unit_100k_to_1_999_999,"At 33, he is a manager in an urban setting in Occitanie, specializing in intellectual professions. His role involves strategic planning and fostering innovation within a dynamic team in a bustling city environment."
fr_0756,female,19,18-24,other_inactive,Bourgogne-Franche-Comté,rural_outside_urban_unit,"At 19 years old, she resides in a rural area of Bourgogne-Franche-Comté, where life is quiet and nature is abundant. Classified as inactive, she spends her time exploring local traditions and immersing herself in the region's rich cultural heritage."
fr_0757,female,74,65+,other_inactive,Île-de-France,urban_unit_20k_to_99k,"At 74 years old, she enjoys a quiet life in a bustling urban area of Île-de-France. Classified as other_inactive, she engages in community activities and local events in her vibrant neighborhood."
fr_0758,male,68,65+,retired,Auvergne-Rhône-Alpes,paris_urban_unit,"At 68 years old, he enjoys his retirement in the picturesque region of Auvergne-Rhône-Alpes. Residing in a Paris urban unit, he embraces the vibrant culture and community around him."
fr_0759,male,56,50-64,worker,Bourgogne-Franche-Comté,paris_urban_unit,"At 56 years old, he has spent decades working in the manufacturing sector in Bourgogne-Franche-Comté. He resides in the Paris urban unit, where he balances his career with a passion for local history and community events."
fr_0760,female,20,18-24,intermediate_profession,Nouvelle-Aquitaine,paris_urban_unit,"At 20 years old, she works as an administrative assistant in Nouvelle-Aquitaine, balancing her career aspirations with her studies. Living in the bustling Paris urban unit, she enjoys the vibrant cultural scene and the opportunities it offers."
fr_0761,female,41,35-49,employee,Île-de-France,urban_unit_100k_to_1_999_999,"At 41 years old, she navigates the bustling urban life of Île-de-France as a dedicated employee. Her career in a fast-paced environment reflects her commitment to professional growth and community engagement."
fr_0762,female,68,65+,craft_trader_business_owner,Centre-Val de Loire,urban_unit_100k_to_1_999_999,"At 68, she runs a successful craft trading business in the vibrant urban center of Centre-Val de Loire. Her passion for handmade goods has established her as a beloved fixture in the local artisan community."
fr_0763,female,85,65+,other_inactive,Auvergne-Rhône-Alpes,rural_outside_urban_unit,"An 85-year-old woman resides in the rural outskirts of Auvergne-Rhône-Alpes, enjoying the tranquility of her surroundings. Classified as other_inactive, she spends her days engaging with nature and the local community."
fr_0764,female,45,35-49,retired,Pays de la Loire,urban_unit_100k_to_1_999_999,"At 45 years old, she enjoys her retirement in the vibrant urban setting of Pays de la Loire. She embraces her newfound freedom to explore local culture and engage in community activities."
fr_0765,male,20,18-24,manager_intellectual_profession,Île-de-France,urban_unit_100k_to_1_999_999,"At 20 years old, he works as a manager in a tech startup in the bustling urban center of Île-de-France. With a keen interest in innovation, he actively contributes to projects that bridge technology and sustainable practices."
fr_0766,female,63,50-64,retired,Occitanie,urban_unit_100k_to_1_999_999,"A 63-year-old retired woman resides in an urban area of Occitanie, enjoying her newfound leisure time. She spends her days exploring local culture and connecting with the vibrant community around her."
fr_0767,female,57,50-64,manager_intellectual_profession,Pays de la Loire,urban_unit_100k_to_1_999_999,"At 57 years old, she manages a team in an urban setting in Pays de la Loire, balancing her professional responsibilities with a passion for local cultural initiatives. Her intellectual pursuits often lead her to explore new ideas and foster community engagement in her vibrant city."
fr_0768,female,60,50-64,retired,Occitanie,urban_unit_under_20k,"At 60 years old, she enjoys her retirement in a small urban unit in Occitanie, where she spends her days gardening and volunteering at the local community center. Her life is enriched by the vibrant culture and close-knit community of her charming town."
fr_0769,female,94,65+,worker,Occitanie,urban_unit_100k_to_1_999_999,"At 94 years old, she has spent her life working in the vibrant urban community of Occitanie. Her experiences reflect the resilience and spirit of the older generation living in a bustling environment."
fr_0770,male,46,35-49,other_inactive,Bretagne,urban_unit_100k_to_1_999_999,"At 46 years old, he resides in an urban area of Bretagne with a population between 100,000 and 999,999. Currently classified as other_inactive, he spends his time exploring local culture and community events."
fr_0771,male,57,50-64,employee,Normandie,urban_unit_100k_to_1_999_999,"A 57-year-old employee resides in an urban area of Normandie with a population between 100,000 and 1,000,000. He enjoys the vibrant culture and community life that urban living offers."
fr_0772,female,38,35-49,other_inactive,Hauts-de-France,urban_unit_100k_to_1_999_999,"At 38 years old, she resides in an urban area of Hauts-de-France with a population between 100,000 and 1,000,000. Currently classified as other_inactive, she is exploring new opportunities while engaging with her local community."
fr_0773,male,46,35-49,retired,Guyane,paris_urban_unit,"At 46 years old, he enjoys a peaceful retirement in the vibrant Paris Urban Unit of Guyane. His days are filled with exploration of local culture and nature, embracing the tranquility of his surroundings."
fr_0774,male,56,50-64,intermediate_profession,Normandie,paris_urban_unit,A 56-year-old man from Normandie works in an intermediate profession within the bustling Paris urban unit. He balances his career with a passion for local history and community engagement.
fr_0775,female,22,18-24,manager_intellectual_profession,Nouvelle-Aquitaine,rural_outside_urban_unit,"At 22 years old, she works as a project manager for a local agricultural cooperative in rural Nouvelle-Aquitaine. Her role involves coordinating innovative farming practices and supporting sustainable development initiatives in the community."
fr_0776,female,56,50-64,other_inactive,Île-de-France,rural_outside_urban_unit,"At 56 years old, she enjoys a quiet life in the rural outskirts of Île-de-France, engaging in local crafts and gardening. Classified as other_inactive, she finds fulfillment in community events and volunteer activities."
fr_0777,female,91,65+,intermediate_profession,Centre-Val de Loire,urban_unit_100k_to_1_999_999,"At 91 years old, she resides in an urban unit of Centre-Val de Loire, where she enjoys the vibrant community life. Previously working in an intermediate profession, she remains actively engaged in local cultural activities."
fr_0778,male,35,35-49,retired,Auvergne-Rhône-Alpes,rural_outside_urban_unit,"At 35 years old, he enjoys a peaceful retirement in the rural outskirts of Auvergne-Rhône-Alpes. His days are filled with nature walks and community activities in his tight-knit village."
fr_0779,male,47,35-49,worker,Pays de la Loire,urban_unit_20k_to_99k,"A 47-year-old male worker resides in an urban area of Pays de la Loire with a population between 20,000 and 99,000. He navigates the challenges of city life while balancing work and family in a vibrant community."
fr_0780,female,23,18-24,manager_intellectual_profession,Hauts-de-France,urban_unit_100k_to_1_999_999,"At 23, she works as a manager in a thriving urban area of Hauts-de-France, navigating the complexities of her intellectual profession. Her role allows her to engage in strategic decision-making that impacts her team and the local community."
fr_0781,male,39,35-49,other_inactive,Bretagne,rural_outside_urban_unit,"At 39 years old, he enjoys the tranquility of rural life in Bretagne, where he finds solace in nature and local traditions. Classified as inactive, he spends his days exploring the countryside and engaging with the community."
fr_0782,female,68,65+,intermediate_profession,Occitanie,urban_unit_under_20k,"At 68, she works as a community development officer in an urban unit of under 20,000 residents in Occitanie. Passionate about local culture, she engages with her neighbors to promote sustainable practices and community events."
fr_0783,male,39,35-49,employee,Île-de-France,urban_unit_under_20k,"At 39 years old, he works as an employee in the bustling urban environment of Île-de-France. Residing in a smaller urban unit with a population under 20,000, he enjoys the blend of city life and community."
fr_0784,female,68,65+,retired,Auvergne-Rhône-Alpes,urban_unit_20k_to_99k,"At 68 years old, she enjoys her retirement in an urban area of Auvergne-Rhône-Alpes, surrounded by a vibrant community. She spends her days exploring local culture and nurturing her passion for gardening."
fr_0785,female,77,65+,retired,Hauts-de-France,urban_unit_100k_to_1_999_999,"At 77 years old, she enjoys her retirement in an urban area of Hauts-de-France, surrounded by a vibrant community. With a lifetime of experiences, she engages in local arts and crafts, cherishing her active role in neighborhood activities."
fr_0786,female,57,50-64,manager_intellectual_profession,Grand Est,paris_urban_unit,A 57-year-old manager in the Grand Est region excels in leading innovative projects in a dynamic urban environment. She combines her intellectual prowess with a passion for fostering collaborative work cultures in the bustling Paris urban unit.
fr_0787,male,53,50-64,retired,Provence-Alpes-Côte d'Azur,urban_unit_100k_to_1_999_999,"At 53, he enjoys a relaxed retirement in the vibrant urban landscape of Provence-Alpes-Côte d'Azur. His days are filled with exploring local culture and savoring the region's renowned cuisine."
fr_0788,female,31,25-34,retired,Provence-Alpes-Côte d'Azur,urban_unit_under_20k,"At 31, she enjoys a peaceful retirement in a quaint urban area of Provence-Alpes-Côte d'Azur. Her days are filled with exploring the local markets and indulging in the region's rich culture."
fr_0789,female,26,25-34,retired,Île-de-France,urban_unit_100k_to_1_999_999,"At 26 years old, she resides in the bustling urban environment of Île-de-France. Despite her youth, she is retired, having achieved early financial independence."
fr_0790,female,71,65+,employee,Île-de-France,rural_outside_urban_unit,"At 71 years old, she works as an administrative assistant in a small rural company in Île-de-France. Living outside the urban unit, she enjoys the quiet of the countryside while contributing to her local community."
fr_0791,female,22,18-24,worker,Pays de la Loire,urban_unit_under_20k,"At 22 years old, she works as a barista in a small café in an urban area of Pays de la Loire. Living in a tight-knit community of under 20,000 residents, she enjoys the vibrant local culture and close relationships with her neighbors."
fr_0792,female,55,50-64,craft_trader_business_owner,Grand Est,urban_unit_under_20k,"A 55-year-old craft trader and business owner thrives in the urban environment of Grand Est, where she connects with local artisans. Her vibrant shop showcases handmade goods, fostering a strong sense of community among residents."
fr_0793,male,61,50-64,craft_trader_business_owner,Corse,urban_unit_under_20k,"At 61 years old, he operates a successful craft trading business in an urban area of Corse with a population under 20,000. His expertise in handmade goods has made him a well-respected figure in the local artisan community."
fr_0794,male,29,25-34,retired,Île-de-France,rural_outside_urban_unit,"At 29 years old, he enjoys a quiet retirement in the rural outskirts of Île-de-France. Embracing a slower pace of life, he spends his days exploring nature and pursuing personal interests."
fr_0795,male,51,50-64,manager_intellectual_profession,Bourgogne-Franche-Comté,rural_outside_urban_unit,"At 51 years old, he manages a small team of researchers in Bourgogne-Franche-Comté, focusing on sustainable agriculture practices. Residing in a rural area, he enjoys the tranquility of country life while contributing to local environmental initiatives."
fr_0796,male,90,65+,retired,Nouvelle-Aquitaine,urban_unit_100k_to_1_999_999,"At 90 years old, he enjoys his retirement in a vibrant urban area of Nouvelle-Aquitaine. He spends his days engaging with the local community and exploring the rich culture of his city."
fr_0797,female,86,65+,retired,Centre-Val de Loire,paris_urban_unit,"At 86 years old, she enjoys her retirement in the picturesque Centre-Val de Loire, surrounded by the beauty of nature. Living in the Paris urban unit, she often reminisces about her vibrant life in the bustling city."
fr_0798,male,90,65+,worker,Centre-Val de Loire,urban_unit_100k_to_1_999_999,"At 90 years old, he has spent his life working in the manufacturing sector of urban Centre-Val de Loire. Now retired, he enjoys sharing stories of his experiences with family and friends in the bustling community he calls home."
fr_0799,female,87,65+,employee,Île-de-France,urban_unit_under_20k,"An 87-year-old employee resides in a small urban unit in Île-de-France. She has witnessed significant changes in her community over the decades, adapting to each new era with resilience."
fr_0800,male,92,65+,farmer,Pays de la Loire,urban_unit_20k_to_99k,"At 92 years old, he continues to cultivate his family farm in the urban outskirts of a Pays de la Loire city. His deep-rooted connection to agriculture has shaped both his life and the local community for decades."
fr_0801,female,41,35-49,retired,Île-de-France,urban_unit_100k_to_1_999_999,"At 41 years old, she resides in an urban area of Île-de-France, enjoying her retirement. Her days are filled with community activities and exploring the vibrant culture of the city."
fr_0802,female,35,35-49,retired,Provence-Alpes-Côte d'Azur,urban_unit_100k_to_1_999_999,"At 35, she enjoys her retirement in the vibrant urban environment of Provence-Alpes-Côte d'Azur. Embracing a new phase of life, she spends her days exploring local art and culture."
fr_0803,male,54,50-64,employee,Nouvelle-Aquitaine,urban_unit_under_20k,"At 54 years old, he works as an employee in a small urban area of Nouvelle-Aquitaine. His daily routine revolves around balancing work responsibilities and community activities in his close-knit neighborhood."
fr_0804,female,42,35-49,retired,Île-de-France,urban_unit_under_20k,"At 42 years old, she enjoys her retirement in a small urban community of Île-de-France. Embracing a quieter life, she spends her days volunteering and exploring local culture."
fr_0805,male,53,50-64,manager_intellectual_profession,Grand Est,urban_unit_under_20k,"At 53 years old, he excels as a manager in a prominent firm in the Grand Est region. Residing in a small urban area with under 20,000 residents, he blends intellectual pursuits with community engagement."
fr_0806,male,67,65+,employee,Provence-Alpes-Côte d'Azur,rural_outside_urban_unit,"At 67 years old, he has spent his career as an employee in a local agricultural cooperative in the rural outskirts of Provence-Alpes-Côte d'Azur. He enjoys the tranquility of the countryside, where he tends to his garden and participates in community events."
fr_0807,female,47,35-49,retired,Normandie,urban_unit_under_20k,"At 47 years old, she enjoys her retirement in a charming urban community in Normandie with a population under 20,000. Passionate about gardening and local history, she spends her days volunteering at the community center."
fr_0808,male,48,35-49,retired,Île-de-France,rural_outside_urban_unit,"At 48 years old, he enjoys a peaceful retirement in the rural outskirts of Île-de-France. With ample time on his hands, he spends his days gardening and engaging with the local community."
fr_0809,female,76,65+,other_inactive,Grand Est,paris_urban_unit,"At 76 years old, she enjoys the tranquility of her suburban home in the Grand Est region, surrounded by the vibrant culture of the Paris urban unit. Classified as other_inactive, she spends her time pursuing hobbies like gardening and reading, fostering a deep connection with her community."
fr_0810,female,61,50-64,worker,Grand Est,rural_outside_urban_unit,"At 61, she has dedicated her life to hard work in the farming sector of rural Grand Est. Living outside urban units, she embraces the tranquility and community spirit of her countryside surroundings."
fr_0811,female,80,65+,other_inactive,Auvergne-Rhône-Alpes,urban_unit_100k_to_1_999_999,"An 80-year-old woman residing in an urban area of Auvergne-Rhône-Alpes enjoys her retirement in a vibrant community. Classified as other_inactive, she spends her days participating in local cultural events and engaging with her neighbors."
fr_0812,male,35,35-49,manager_intellectual_profession,Normandie,rural_outside_urban_unit,"At 35 years old, he manages a team of researchers in a rural Normandie community, balancing intellectual pursuits with the charm of countryside life. His role allows him to foster innovation while embracing the tranquility of his surroundings."
fr_0813,female,28,25-34,other_inactive,Occitanie,urban_unit_100k_to_1_999_999,"A 28-year-old woman resides in an urban area of Occitanie, where the population ranges between 100,000 and 1,000,000. Classified as other_inactive, she engages in community activities while exploring her personal interests."
fr_0814,male,24,18-24,craft_trader_business_owner,La Réunion,urban_unit_100k_to_1_999_999,"At 24 years old, he runs a successful craft trading business in the bustling urban center of La Réunion. His entrepreneurial spirit thrives in a vibrant community, where local artistry meets modern commerce."
fr_0815,female,29,25-34,intermediate_profession,Île-de-France,rural_outside_urban_unit,"At 29 years old, she works as a marketing coordinator in the Île-de-France region, balancing her career with a passion for local agriculture. Living in a rural area outside of urban units, she enjoys the tranquility and community spirit of her surroundings."
fr_0816,male,45,35-49,worker,Provence-Alpes-Côte d'Azur,urban_unit_100k_to_1_999_999,"At 45 years old, he works as a skilled tradesman in the bustling urban area of Provence-Alpes-Côte d'Azur. His expertise contributes to the vibrant economy of a region known for its rich culture and scenic landscapes."
fr_0817,female,62,50-64,retired,Île-de-France,rural_outside_urban_unit,"At 62 years old, she enjoys a peaceful retirement in the rural outskirts of Île-de-France. Embracing her love for gardening and local art, she actively participates in community events."
fr_0818,female,56,50-64,intermediate_profession,Auvergne-Rhône-Alpes,urban_unit_100k_to_1_999_999,"A 56-year-old woman from Auvergne-Rhône-Alpes works as an intermediate professional in a bustling urban area. She enjoys the cultural offerings and vibrant community life typical of a city with a population between 100,000 and 1 million."
fr_0819,female,39,35-49,intermediate_profession,Hauts-de-France,urban_unit_100k_to_1_999_999,"At 39 years old, she works as a marketing specialist in the bustling urban area of Hauts-de-France. Balancing her career and family life, she enjoys exploring local art galleries and participating in community events."
fr_0820,male,86,65+,employee,Provence-Alpes-Côte d'Azur,urban_unit_under_20k,"At 86 years old, he has spent decades working as a local craftsman in a quaint urban unit in Provence-Alpes-Côte d'Azur. Despite his age, he remains an active member of his community, sharing his expertise with younger generations."
fr_0821,female,48,35-49,manager_intellectual_profession,Île-de-France,rural_outside_urban_unit,"At 48 years old, she is a dedicated manager in a research firm, contributing to innovative projects in the field of environmental science. Living in a tranquil rural area of Île-de-France, she balances her professional pursuits with her passion for nature and community engagement."
fr_0822,male,39,35-49,worker,Centre-Val de Loire,rural_outside_urban_unit,"At 39 years old, he works as a mechanic in a small workshop in rural Centre-Val de Loire. He enjoys the tranquility of his surroundings, often spending weekends hiking in the nearby forests."
fr_0823,male,67,65+,intermediate_profession,Île-de-France,urban_unit_under_20k,"At 67 years old, he has spent his career as a skilled technician in the urban outskirts of Île-de-France. Now retired, he enjoys gardening and volunteering in local community projects."
fr_0824,female,56,50-64,retired,Auvergne-Rhône-Alpes,paris_urban_unit,"At 56, she enjoys her retirement in the picturesque Auvergne-Rhône-Alpes region, having embraced a peaceful lifestyle. Residing in the Paris urban unit, she often explores the cultural and natural attractions nearby."
fr_0825,female,60,50-64,employee,Grand Est,rural_outside_urban_unit,"At 60 years old, she has spent her career as a dedicated employee in a local manufacturing company. Residing in a rural area of Grand Est, she enjoys the peace of nature while remaining engaged in her community."
fr_0826,female,31,25-34,worker,Centre-Val de Loire,paris_urban_unit,"At 31 years old, she works diligently in a local manufacturing plant in Centre-Val de Loire. Residing in a vibrant urban area near Paris, she balances her career with a passion for community engagement."
fr_0827,male,20,18-24,employee,Bourgogne-Franche-Comté,urban_unit_100k_to_1_999_999,"At 20 years old, he works as an employee in an urban area of Bourgogne-Franche-Comté with a population between 100,000 and 1 million. Balancing his job and social life, he enjoys exploring the vibrant culture and history of his region."
fr_0828,male,55,50-64,manager_intellectual_profession,Hauts-de-France,rural_outside_urban_unit,"At 55, he has dedicated his career to fostering innovation in a rural Hauts-de-France community, managing local projects that enhance education and technology. His intellectual pursuits and leadership have made a significant impact, bridging the gap between urban resources and rural development."
fr_0829,female,45,35-49,retired,Provence-Alpes-Côte d'Azur,urban_unit_100k_to_1_999_999,"At 45 years old, she enjoys her retirement in the vibrant urban setting of Provence-Alpes-Côte d'Azur. Embracing the cultural richness of her surroundings, she spends her days exploring local art and cuisine."
fr_0830,female,60,50-64,retired,Corse,urban_unit_100k_to_1_999_999,"At 60 years old, she enjoys her retirement in an urban area of Corse, surrounded by vibrant city life. Her days are filled with exploring local culture and connecting with the community around her."
fr_0831,male,48,35-49,employee,Auvergne-Rhône-Alpes,urban_unit_under_20k,"At 48 years old, he works as an employee in the urban area of Auvergne-Rhône-Alpes, where the population is under 20,000. He enjoys the balance of city life while being surrounded by the scenic beauty of the region."
fr_0832,female,69,65+,retired,Centre-Val de Loire,rural_outside_urban_unit,"At 69 years old, she enjoys her retirement in the serene countryside of Centre-Val de Loire. Living in a rural area outside urban units, she embraces the quiet life, nurturing her garden and volunteering at the local community center."
fr_0833,female,84,65+,worker,Pays de la Loire,urban_unit_under_20k,"At 84 years old, she has spent her life working in a local textile factory in the urban area of Pays de la Loire. Now retired, she enjoys her days tending to her small garden and participating in community activities."
fr_0834,male,38,35-49,intermediate_profession,Hauts-de-France,urban_unit_20k_to_99k,"At 38 years old, he works as an operations coordinator in a bustling urban center of Hauts-de-France. Living in a city with a population of 20,000 to 99,000, he enjoys the vibrant community and diverse cultural offerings."
fr_0835,female,70,65+,other_inactive,Pays de la Loire,urban_unit_under_20k,"At 70 years old, she enjoys a peaceful retirement in a small urban community in Pays de la Loire. Living in an area with under 20,000 residents, she engages in local activities and cherishes her close-knit neighborhood."
fr_0836,female,69,65+,manager_intellectual_profession,Corse,urban_unit_under_20k,"At 69 years old, she has spent her career as a manager in an intellectual profession, fostering innovation in her field. Residing in an urban area of under 20,000 people in Corse, she enjoys the vibrant community and cultural richness of her surroundings."
fr_0837,female,50,50-64,craft_trader_business_owner,Provence-Alpes-Côte d'Azur,paris_urban_unit,"At 50 years old, she owns a successful craft trading business in the vibrant urban unit of Provence-Alpes-Côte d'Azur. Her work blends traditional craftsmanship with modern entrepreneurship, showcasing local artisans' talents."
fr_0838,female,91,65+,retired,Bretagne,urban_unit_under_20k,"At 91 years old, she enjoys her retirement in a quaint urban area of under 20,000 residents in Bretagne. Her days are filled with leisurely strolls along the coastal paths and gatherings with fellow retirees in the community."
fr_0839,female,58,50-64,intermediate_profession,Bretagne,urban_unit_20k_to_99k,"At 58 years old, she works as an administrative manager in an urban area of Bretagne with a population between 20,000 and 99,000. Her career reflects her commitment to community development and efficient organizational practices."
fr_0840,female,40,35-49,retired,Nouvelle-Aquitaine,urban_unit_under_20k,"At 40 years old, she enjoys a peaceful retirement in a quaint urban area of Nouvelle-Aquitaine with a population under 20,000. Embracing her free time, she engages in local community activities and explores the region's natural beauty."
fr_0841,male,53,50-64,intermediate_profession,Occitanie,urban_unit_100k_to_1_999_999,"At 53 years old, he works in an intermediate profession in the vibrant urban area of Occitanie. His life is shaped by the blend of local culture and the dynamic environment of a city with a population between 100,000 and 1,000,000."
fr_0842,female,27,25-34,retired,Occitanie,paris_urban_unit,"At 27 years old, she retired early from her career in graphic design and now enjoys the tranquility of Occitanie's countryside. Living in a Paris urban unit, she embraces her newfound freedom by exploring local art and culture."
fr_0843,female,41,35-49,worker,Centre-Val de Loire,urban_unit_under_20k,"At 41, she balances her career as a factory worker with family life in an urban area of Centre-Val de Loire. Her community thrives on close-knit relationships, fostering a supportive environment amidst the hustle of daily routines."
fr_0844,female,57,50-64,intermediate_profession,Nouvelle-Aquitaine,urban_unit_under_20k,"At 57, she is a dedicated social worker in a small urban unit of Nouvelle-Aquitaine, advocating for community support services. Living in a vibrant neighborhood, she balances her professional life with a passion for local arts and culture."
fr_0845,male,56,50-64,manager_intellectual_profession,Auvergne-Rhône-Alpes,urban_unit_under_20k,"At 56, he serves as a manager in a regional company, leveraging his extensive knowledge and experience to lead his team effectively. Residing in a small urban area of Auvergne-Rhône-Alpes, he balances professional commitments with a rich local culture."
fr_0846,female,92,65+,intermediate_profession,Île-de-France,rural_outside_urban_unit,"At 92 years old, she enjoys a peaceful life in rural Île-de-France, where she has lived for decades. Having worked as an intermediate professional, she is an active member of her local community, contributing her knowledge and experience."
fr_0847,male,89,65+,worker,Bretagne,paris_urban_unit,"At 89 years old, he has spent decades working in the vibrant communities of Bretagne. Now residing in a bustling area classified as a Paris urban unit, he enjoys the rich cultural tapestry of his surroundings."
fr_0848,male,19,18-24,intermediate_profession,Grand Est,rural_outside_urban_unit,"At 19, he works as a technician in a small manufacturing company in the Grand Est region, balancing his job with his passion for outdoor activities. Living in a rural area outside urban units, he enjoys the tranquility of nature while staying connected with his local community."
fr_0849,female,58,50-64,other_inactive,Île-de-France,urban_unit_100k_to_1_999_999,"At 58 years old, she enjoys the vibrant culture and conveniences of her urban life in Île-de-France. Currently classified as inactive, she dedicates her time to volunteering and community engagement within her neighborhood."
fr_0850,female,35,35-49,employee,Nouvelle-Aquitaine,urban_unit_100k_to_1_999_999,"At 35 years old, she works as an employee in a vibrant urban area of Nouvelle-Aquitaine. Balancing her career and personal life, she thrives in the dynamic environment of a city with a population between 100,000 and 1,000,000."
fr_0851,female,62,50-64,employee,Hauts-de-France,rural_outside_urban_unit,"At 62, she works as an employee in a rural area of Hauts-de-France. Her life is characterized by a deep connection to the tranquil countryside and community-focused living."
fr_0852,male,32,25-34,employee,Normandie,urban_unit_under_20k,"At 32 years old, he works as an employee in a bustling urban unit of under 20,000 residents in Normandie. His life is shaped by the vibrant community and the unique cultural influences of the region."
fr_0853,male,63,50-64,intermediate_profession,Nouvelle-Aquitaine,urban_unit_under_20k,"At 63, he is an experienced technician working in a small urban center in Nouvelle-Aquitaine. He enjoys community events and is known for his active involvement in local volunteer projects."
fr_0854,male,40,35-49,manager_intellectual_profession,Hauts-de-France,urban_unit_100k_to_1_999_999,"At 40 years old, he is a strategic manager in a tech firm based in a bustling urban area of Hauts-de-France. His focus on innovation and team development has positioned him as a respected leader in the local business community."
fr_0855,female,21,18-24,craft_trader_business_owner,Occitanie,paris_urban_unit,"At 21 years old, she runs a successful craft trading business in the vibrant urban landscape of Paris. Living in Occitanie, she combines her entrepreneurial spirit with a passion for handmade goods, contributing to the local arts scene."
fr_0856,female,76,65+,craft_trader_business_owner,Nouvelle-Aquitaine,rural_outside_urban_unit,"At 76, she runs a successful craft trading business in the serene rural landscapes of Nouvelle-Aquitaine. Her dedication to local artisanship has fostered a strong sense of community among her customers and fellow traders."
fr_0857,male,61,50-64,manager_intellectual_profession,Auvergne-Rhône-Alpes,urban_unit_100k_to_1_999_999,"At 61 years old, he manages a team of researchers in a bustling urban center of Auvergne-Rhône-Alpes. His role involves strategic planning and project oversight in a dynamic intellectual environment."
fr_0858,female,48,35-49,employee,Auvergne-Rhône-Alpes,urban_unit_100k_to_1_999_999,"At 48 years old, she works as an employee in the vibrant urban environment of Auvergne-Rhône-Alpes. Living in a city with a population between 100,000 and 999,999, she enjoys the dynamic lifestyle and cultural offerings of her community."
fr_0859,female,29,25-34,other_inactive,Nouvelle-Aquitaine,urban_unit_100k_to_1_999_999,"A 29-year-old woman resides in an urban area of Nouvelle-Aquitaine, where she explores her interests and engages in local community activities. Currently classified as inactive, she focuses on personal growth and creative pursuits outside traditional employment."
fr_0860,male,72,65+,employee,Nouvelle-Aquitaine,urban_unit_100k_to_1_999_999,"At 72 years old, he has dedicated his life to working as an employee in the bustling urban environment of Nouvelle-Aquitaine. Living in a vibrant city with a population between 100,000 and 1,000,000, he enjoys the rich culture and community around him."
fr_0861,male,59,50-64,employee,Provence-Alpes-Côte d'Azur,urban_unit_under_20k,"At 59, he works as an employee in a small urban community within the picturesque region of Provence-Alpes-Côte d'Azur. His life is marked by a blend of local culture and the tranquil charm of southern France."
fr_0862,male,88,65+,manager_intellectual_profession,Occitanie,urban_unit_under_20k,"At 88 years old, he is a retired manager who spent decades influencing local businesses in an urban area of Occitanie with a population under 20,000. His intellectual pursuits continue to engage him, as he frequently participates in community discussions and educational initiatives."
fr_0863,male,59,50-64,other_inactive,Auvergne-Rhône-Alpes,rural_outside_urban_unit,"At 59 years old, he resides in the tranquil countryside of Auvergne-Rhône-Alpes, enjoying the serenity of rural life. Classified as other inactive, he spends his days engaging with nature and exploring local traditions."
fr_0864,male,92,65+,intermediate_profession,Île-de-France,rural_outside_urban_unit,"At 92 years old, he enjoys his retirement in the serene countryside of Île-de-France, surrounded by nature. Having worked as an intermediate professional, he values the simpler pleasures of rural life away from urban bustle."
fr_0865,male,34,25-34,retired,Île-de-France,urban_unit_20k_to_99k,"At 34, he enjoys a leisurely retirement in an urban area of Île-de-France, surrounded by vibrant city life. His days are filled with exploring local culture and indulging in his passion for photography."
fr_0866,female,93,65+,retired,Nouvelle-Aquitaine,urban_unit_100k_to_1_999_999,"At 93, she enjoys her retirement in an urban area of Nouvelle-Aquitaine, surrounded by vibrant city life. Her days are filled with leisurely strolls and community activities that keep her connected and engaged."
fr_0867,female,47,35-49,retired,Hauts-de-France,urban_unit_100k_to_1_999_999,"At 47 years old, she enjoys her retirement in a vibrant urban area of Hauts-de-France. Embracing her newfound freedom, she dedicates her time to local community projects and exploring cultural events."
fr_0868,female,41,35-49,worker,Île-de-France,urban_unit_20k_to_99k,"At 41 years old, she works in a bustling urban environment in Île-de-France, contributing to the vibrant local economy. Living in a community with a population between 20,000 and 99,000, she enjoys the convenience and cultural diversity of city life."
fr_0869,female,35,35-49,employee,Auvergne-Rhône-Alpes,urban_unit_100k_to_1_999_999,"At 35 years old, she works as an office manager in a bustling urban area of Auvergne-Rhône-Alpes. Balancing her career and personal life, she enjoys exploring the cultural offerings of the vibrant city around her."
fr_0870,female,20,18-24,other_inactive,Bourgogne-Franche-Comté,urban_unit_20k_to_99k,"At 20 years old, she resides in an urban area of Bourgogne-Franche-Comté with a population between 20,000 and 99,000. Currently classified as other_inactive, she explores her interests while seeking opportunities for personal growth."
fr_0871,female,38,35-49,intermediate_profession,Bourgogne-Franche-Comté,urban_unit_100k_to_1_999_999,"At 38 years old, she navigates the vibrant urban life of Bourgogne-Franche-Comté, balancing her career in intermediate professions with her passion for local culture. Living in a city with a population between 100,000 and 1 million, she enjoys the dynamic blend of community and opportunity."
fr_0872,female,79,65+,employee,Provence-Alpes-Côte d'Azur,rural_outside_urban_unit,"At 79 years old, she has dedicated her life to working as a local artisan in the picturesque region of Provence-Alpes-Côte d'Azur. Living in a rural area outside the urban unit, she finds inspiration in the natural beauty surrounding her."
fr_0873,male,45,35-49,worker,Hauts-de-France,urban_unit_under_20k,"At 45, he works as a factory technician in an urban unit of under 20,000 residents in Hauts-de-France. His daily life revolves around balancing family responsibilities and the demands of his job in a close-knit community."
fr_0874,male,44,35-49,employee,Île-de-France,urban_unit_100k_to_1_999_999,"At 44 years old, he works as an employee in a bustling urban area of Île-de-France. His daily routine navigates the vibrant city life while balancing work and family commitments."
fr_0875,female,35,35-49,retired,Centre-Val de Loire,urban_unit_under_20k,"At 35 years old, she enjoys her retirement in a quaint urban unit in Centre-Val de Loire. She spends her days exploring local art and culture, embracing a slower pace of life."
fr_0876,female,66,65+,manager_intellectual_profession,Provence-Alpes-Côte d'Azur,urban_unit_20k_to_99k,"At 66, she has dedicated her career to managing educational programs in the urban heart of Provence-Alpes-Côte d'Azur. Her passion for intellectual development continues to influence the community she serves."
fr_0877,male,62,50-64,intermediate_profession,Grand Est,urban_unit_100k_to_1_999_999,"At 62, he works as a skilled technician in an urban area of Grand Est, balancing his career with a passion for local history. He enjoys exploring the vibrant culture of his city while contributing to its technological advancements."
fr_0878,male,84,65+,intermediate_profession,Bretagne,paris_urban_unit,"At 84 years old, he has spent his life working in various intermediate professions, contributing to the local economy of Bretagne. Residing in the bustling Paris urban unit, he enjoys the blend of rural charm and urban convenience."
fr_0879,male,32,25-34,manager_intellectual_profession,Grand Est,rural_outside_urban_unit,"At 32 years old, he is a manager in the intellectual sector, navigating the complexities of rural business dynamics in Grand Est. Residing outside urban centers, he balances his professional life with a deep appreciation for the tranquility of the countryside."
fr_0880,male,53,50-64,retired,La Réunion,paris_urban_unit,"At 53 years old, he enjoys a peaceful retirement in the vibrant urban environment of La Réunion. His days are filled with exploring local culture and engaging with the community around him."
fr_0881,female,61,50-64,employee,Nouvelle-Aquitaine,paris_urban_unit,"At 61 years old, she works as an employee in a bustling urban environment. Residing in Nouvelle-Aquitaine, she enjoys the blend of city life and regional charm."
fr_0882,male,91,65+,other_inactive,Nouvelle-Aquitaine,urban_unit_100k_to_1_999_999,"At 91 years old, he enjoys the tranquility of urban life in Nouvelle-Aquitaine, surrounded by a vibrant community. Classified as other_inactive, he spends his days reminiscing and sharing stories with neighbors in his bustling city."
fr_0883,female,38,35-49,employee,Pays de la Loire,urban_unit_under_20k,"At 38 years old, she works as an employee in a vibrant urban area of Pays de la Loire with a population under 20,000. Her daily life is shaped by the community's close-knit atmosphere and the cultural offerings of the region."
fr_0884,male,67,65+,employee,Auvergne-Rhône-Alpes,urban_unit_100k_to_1_999_999,"At 67 years old, he has spent decades working in the urban centers of Auvergne-Rhône-Alpes as a dedicated employee. Residing in a vibrant city with a population between 100,000 and 1,000,000, he enjoys the dynamic lifestyle that urban living offers."
fr_0885,male,95,65+,retired,Occitanie,rural_outside_urban_unit,"At 95 years old, he enjoys a peaceful retirement in the rural outskirts of Occitanie, surrounded by picturesque landscapes. His days are filled with leisurely walks and tending to a small garden, reflecting a life embraced by nature."
fr_0886,female,62,50-64,other_inactive,Pays de la Loire,urban_unit_under_20k,"At 62, she enjoys the peaceful life of an urban community in Pays de la Loire, where the population is under 20,000. Classified as inactive, she dedicates her time to volunteering and engaging with local cultural activities."
fr_0887,female,94,65+,retired,Hauts-de-France,urban_unit_under_20k,"At 94 years old, she enjoys her retirement in a cozy urban unit of under 20,000 residents in Hauts-de-France. Her days are filled with memories and connections in a close-knit community."
fr_0888,male,52,50-64,other_inactive,Hauts-de-France,urban_unit_100k_to_1_999_999,"At 52 years old, he resides in an urban area of Hauts-de-France, characterized by a population between 100,000 and 1,000,000. Currently classified as other_inactive, he navigates life outside of traditional employment while enjoying the vibrant local culture."
fr_0889,male,38,35-49,retired,Île-de-France,urban_unit_100k_to_1_999_999,"At 38 years old, he enjoys retirement in the bustling urban landscape of Île-de-France. His days are filled with exploring the cultural richness and vibrant atmosphere of the city."
fr_0890,female,89,65+,intermediate_profession,Île-de-France,urban_unit_under_20k,"At 89 years old, she has spent her life working as a librarian in a small urban community in Île-de-France. Now retired, she enjoys reading and attending local cultural events in her vibrant neighborhood."
fr_0891,male,57,50-64,intermediate_profession,Grand Est,urban_unit_100k_to_1_999_999,"At 57 years old, he works in an intermediate profession in an urban area of Grand Est with a population between 100,000 and 1,000,000. He enjoys the vibrant city life while balancing his career and personal interests."
fr_0892,male,23,18-24,manager_intellectual_profession,Provence-Alpes-Côte d'Azur,urban_unit_under_20k,"At 23, he is a manager in a growing tech startup located in the urban area of Provence-Alpes-Côte d'Azur, where he thrives on innovation and leadership. His passion for intellectual pursuits fuels his ambition to enhance digital solutions in his community."
fr_0893,female,68,65+,worker,Hauts-de-France,rural_outside_urban_unit,"At 68, she has dedicated her life to working in local agriculture, contributing to the rural economy of Hauts-de-France. Residing in a tranquil village, she enjoys the simplicity of country living and the close-knit community it fosters."
fr_0894,male,18,18-24,other_inactive,Pays de la Loire,urban_unit_100k_to_1_999_999,"An 18-year-old male from the urban area of Pays de la Loire is currently classified as other_inactive. He navigates life in a vibrant community, exploring his interests while seeking opportunities for engagement."
fr_0895,male,86,65+,retired,Centre-Val de Loire,urban_unit_20k_to_99k,"An 86-year-old retired man resides in an urban area of Centre-Val de Loire, where the population ranges from 20,000 to 99,000. He enjoys spending his time gardening and engaging with the local community."
fr_0896,male,86,65+,retired,Normandie,urban_unit_20k_to_99k,"An 86-year-old retired man resides in an urban area of Normandie with a population between 20,000 and 99,000. He enjoys the vibrant culture and community activities that his city offers."
fr_0897,male,46,35-49,craft_trader_business_owner,Provence-Alpes-Côte d'Azur,paris_urban_unit,"At 46, he owns a thriving craft trading business in the bustling urban unit of Provence-Alpes-Côte d'Azur. His work reflects a deep appreciation for local artistry and contributes to the vibrant cultural scene of the region."
fr_0898,male,34,25-34,retired,Hauts-de-France,paris_urban_unit,"At 34 years old, he enjoys a quiet retirement in the bustling Paris urban unit of Hauts-de-France. He spends his days exploring local art galleries and connecting with the vibrant community around him."
fr_0899,female,49,35-49,employee,Nouvelle-Aquitaine,urban_unit_100k_to_1_999_999,"At 49 years old, she is a dedicated employee living in an urban area of Nouvelle-Aquitaine with a population between 100,000 and 1,000,000. Her daily life is shaped by the vibrant culture and opportunities of the bustling city around her."
fr_0900,male,20,18-24,intermediate_profession,Île-de-France,urban_unit_20k_to_99k,"At 20 years old, he works in an intermediate profession in the bustling urban area of Île-de-France. His dynamic environment fuels his ambitions as he navigates the challenges of early adulthood."
fr_0901,male,25,25-34,other_inactive,Grand Est,rural_outside_urban_unit,"At 25 years old, he resides in a rural area of Grand Est, where he enjoys the tranquility of country life. Classified as other_inactive, he spends his time exploring local nature and engaging in community activities."
fr_0902,male,73,65+,other_inactive,Nouvelle-Aquitaine,paris_urban_unit,"At 73 years old, he enjoys a quiet retirement in the vibrant urban environment of Nouvelle-Aquitaine. Classified as other_inactive, he spends his days engaging in local community activities and exploring the cultural offerings of the city."
fr_0903,female,49,35-49,manager_intellectual_profession,Bourgogne-Franche-Comté,paris_urban_unit,"At 49, she excels as a manager in the intellectual profession, guiding teams in innovative projects. Residing in the Paris urban unit of Bourgogne-Franche-Comté, she balances her professional ambitions with a vibrant cultural life."
fr_0904,female,18,18-24,intermediate_profession,Île-de-France,urban_unit_under_20k,"At 18, she navigates her early career in digital marketing while living in a small urban unit in Île-de-France. Balancing work and studies, she embraces the vibrant culture of her city and the opportunities it offers."
fr_0905,male,53,50-64,other_inactive,Normandie,urban_unit_100k_to_1_999_999,"At 53 years old, he resides in an urban area of Normandie with a population between 100,000 and 1,000,000. Classified as inactive, he enjoys a quieter lifestyle amidst the bustling city environment."
fr_0906,male,76,65+,manager_intellectual_profession,Hauts-de-France,urban_unit_under_20k,"At 76 years old, he has spent decades managing teams in various educational institutions in Hauts-de-France. Living in a small urban unit, he enjoys mentoring young professionals and contributing to local community initiatives."
fr_0907,female,52,50-64,employee,Île-de-France,urban_unit_100k_to_1_999_999,"At 52 years old, she works as an administrative assistant in a bustling urban area of Île-de-France. Living in a vibrant community, she enjoys the rich cultural offerings and convenience of city life."
fr_0908,female,41,35-49,manager_intellectual_profession,Bretagne,urban_unit_100k_to_1_999_999,"At 41 years old, she thrives as a manager in an intellectual profession within the vibrant urban setting of Bretagne. Her career is marked by a dedication to fostering innovation and collaboration in her field."
fr_0909,male,32,25-34,employee,Nouvelle-Aquitaine,rural_outside_urban_unit,"At 32 years old, he works as an employee in a small agricultural business in rural Nouvelle-Aquitaine. He enjoys the tranquility of country life and often engages in local community activities."
fr_0910,female,59,50-64,worker,Hauts-de-France,urban_unit_100k_to_1_999_999,"At 59, she works as a factory supervisor in an urban area of Hauts-de-France, balancing her career with community involvement. She enjoys exploring local markets and spending time with her grandchildren in the vibrant city life."
fr_0911,male,51,50-64,other_inactive,Occitanie,urban_unit_100k_to_1_999_999,"At 51 years old, he resides in an urban area of Occitanie with a population between 100,000 and 1,000,000. Classified as other_inactive, he spends his time engaging in community activities and local events."
fr_0912,male,38,35-49,other_inactive,Bourgogne-Franche-Comté,urban_unit_100k_to_1_999_999,"At 38 years old, he resides in an urban area of Bourgogne-Franche-Comté with a population between 100,000 and 1,000,000. He is currently classified as other_inactive, engaging in pursuits outside traditional employment."
fr_0913,female,51,50-64,other_inactive,Auvergne-Rhône-Alpes,urban_unit_under_20k,"At 51 years old, she resides in a small urban unit in Auvergne-Rhône-Alpes, where she enjoys the quiet pace of life. Classified as inactive, she dedicates her time to community volunteering and local arts initiatives."
fr_0914,male,60,50-64,worker,Normandie,urban_unit_100k_to_1_999_999,"At 60 years old, he has spent his life working in the bustling urban environment of Normandie, contributing to the local economy. Residing in a vibrant community of nearly 100,000 to 1 million people, he enjoys the rich culture and diversity of city life."
fr_0915,male,83,65+,employee,Pays de la Loire,urban_unit_100k_to_1_999_999,"At 83 years old, he has dedicated his life to working in a local manufacturing plant in the urban heart of Pays de la Loire. Living in a bustling city environment, he enjoys the vibrancy and community spirit that urban life offers."
fr_0916,female,51,50-64,intermediate_profession,Île-de-France,urban_unit_100k_to_1_999_999,"At 51, she navigates the vibrant streets of urban Île-de-France, balancing her career in the intermediate profession sector with her passion for community art projects. Living in a bustling area with a population between 100,000 and 1 million, she embraces the dynamic culture surrounding her."
fr_0917,male,68,65+,retired,Île-de-France,urban_unit_100k_to_1_999_999,"At 68 years old, he enjoys his retirement in the bustling urban landscape of Île-de-France. With a rich history of professional experience, he spends his days exploring local culture and engaging with the community."
fr_0918,female,52,50-64,craft_trader_business_owner,Île-de-France,urban_unit_under_20k,"At 52, she runs a successful craft business in an urban area of Île-de-France, catering to the local community’s demand for handmade goods. Balancing her entrepreneurial spirit with family life, she actively participates in local markets and workshops to promote her craft."
fr_0919,male,81,65+,employee,Provence-Alpes-Côte d'Azur,urban_unit_100k_to_1_999_999,"At 81 years old, he has dedicated his life to his work in a local manufacturing firm in the bustling urban area of Provence-Alpes-Côte d'Azur. Despite his retirement, he remains an active member of his community, often engaging in local events and advocating for senior programs."
fr_0920,female,76,65+,manager_intellectual_profession,Bretagne,urban_unit_100k_to_1_999_999,"At 76 years old, she has spent decades as a manager in the educational sector, fostering intellectual growth in her community. Residing in an urban area of Bretagne, she remains an active participant in local cultural initiatives."
fr_0921,male,47,35-49,retired,Pays de la Loire,urban_unit_under_20k,"At 47, he enjoys his retirement in a small urban community within Pays de la Loire. He spends his time volunteering at local organizations and exploring the cultural offerings of the region."
fr_0922,male,47,35-49,manager_intellectual_profession,Occitanie,rural_outside_urban_unit,"At 47 years old, he is a dedicated manager working in a regional company located in the Occitanie region. Living in a rural area outside the urban unit, he balances his professional life with a deep appreciation for nature and community."
fr_0923,male,37,35-49,employee,Bretagne,rural_outside_urban_unit,"At 37 years old, he works as an employee in a small local business in rural Bretagne. He enjoys the tranquility of country life, surrounded by lush landscapes and tight-knit community ties."
fr_0924,female,22,18-24,employee,Île-de-France,urban_unit_100k_to_1_999_999,"At 22 years old, she works as a marketing assistant in a bustling urban environment in Île-de-France. Living in a city with a population between 100,000 and 1 million, she enjoys the vibrant culture and opportunities the area offers."
fr_0925,male,54,50-64,intermediate_profession,Auvergne-Rhône-Alpes,rural_outside_urban_unit,"At 54 years old, he works as an intermediate professional in a small rural community in Auvergne-Rhône-Alpes. He enjoys the tranquility of countryside life, balancing work with outdoor activities and local traditions."
fr_0926,male,39,35-49,other_inactive,Auvergne-Rhône-Alpes,urban_unit_20k_to_99k,"A 39-year-old man resides in an urban area of Auvergne-Rhône-Alpes with a population between 20,000 and 99,000. Currently classified as other_inactive, he enjoys the local culture and community activities."
fr_0927,female,46,35-49,intermediate_profession,Hauts-de-France,rural_outside_urban_unit,"At 46 years old, she works in an intermediate profession, balancing her career with her responsibilities in a rural community. Living in Hauts-de-France, she enjoys the tranquility of the countryside and values her close-knit relationships with neighbors."
fr_0928,female,92,65+,retired,Île-de-France,urban_unit_under_20k,"At 92 years old, she enjoys her retirement in a small urban community in Île-de-France with fewer than 20,000 residents. Her days are filled with leisurely strolls through the charming streets and engaging with her close-knit neighbors."
fr_0929,male,63,50-64,intermediate_profession,Occitanie,paris_urban_unit,"At 63 years old, he has spent his career in an intermediate profession, contributing to the local economy in Occitanie. Residing in the Paris urban unit, he enjoys the blend of urban life and regional culture."
fr_0930,female,72,65+,intermediate_profession,Hauts-de-France,urban_unit_20k_to_99k,"At 72, she has dedicated her career to teaching in an urban setting in Hauts-de-France. Now retired, she enjoys engaging with her community through local arts and cultural events."
fr_0931,female,27,25-34,employee,Auvergne-Rhône-Alpes,urban_unit_under_20k,"At 27, she works as an employee in the vibrant urban community of Auvergne-Rhône-Alpes. Living in a small city with under 20,000 residents, she enjoys the blend of local culture and urban conveniences."
fr_0932,female,95,65+,manager_intellectual_profession,Provence-Alpes-Côte d'Azur,paris_urban_unit,"At 95, she is a retired manager who spent decades leading educational initiatives in urban Paris. Now residing in the serene landscapes of Provence-Alpes-Côte d'Azur, she enjoys sharing her wealth of knowledge with the local community."
fr_0933,male,48,35-49,other_inactive,Île-de-France,urban_unit_100k_to_1_999_999,"At 48 years old, he resides in an urban area of Île-de-France, where the population ranges between 100,000 and 1 million. Classified as other_inactive, he spends his time pursuing personal interests rather than traditional employment."
fr_0934,male,51,50-64,retired,Grand Est,urban_unit_20k_to_99k,"At 51 years old, he enjoys the tranquility of retirement in an urban area of Grand Est. His newfound leisure time allows him to explore local culture and engage in community activities."
fr_0935,female,75,65+,retired,Nouvelle-Aquitaine,urban_unit_100k_to_1_999_999,"At 75, she enjoys her retirement in an urban area of Nouvelle-Aquitaine. Her days are filled with community activities and exploring local culture."
fr_0936,male,46,35-49,intermediate_profession,Bourgogne-Franche-Comté,paris_urban_unit,"At 46, he is a dedicated project manager residing in the vibrant urban area of Bourgogne-Franche-Comté. His career in intermediate professions has allowed him to thrive in the dynamic environment of the Paris urban unit."
fr_0937,male,63,50-64,worker,Bourgogne-Franche-Comté,urban_unit_under_20k,"At 63 years old, he has spent his life working in a local factory in Bourgogne-Franche-Comté. Residing in a small urban area with fewer than 20,000 residents, he enjoys the close-knit community and the slower pace of life."
fr_0938,male,51,50-64,intermediate_profession,Hauts-de-France,rural_outside_urban_unit,"At 51 years old, he works as an intermediate professional in a rural area of Hauts-de-France. He enjoys the tranquility of country life while balancing his career and family responsibilities."
fr_0939,male,50,50-64,retired,Occitanie,urban_unit_100k_to_1_999_999,"At 50 years old, he enjoys a peaceful retirement in an urban area of Occitanie, where he spends his days exploring local culture and cuisine. His vibrant community offers a blend of modern amenities and rich history, keeping him engaged and active."
fr_0940,female,32,25-34,worker,Île-de-France,paris_urban_unit,"A 32-year-old woman from Île-de-France works in the service industry, contributing to the vibrant economy of the Paris urban unit. She enjoys exploring the cultural landmarks of the city during her free time."
fr_0941,male,48,35-49,retired,Occitanie,rural_outside_urban_unit,"At 48 years old, he enjoys a peaceful retirement in the rural landscapes of Occitanie. He spends his days exploring nature and engaging with his local community."
fr_0942,female,33,25-34,other_inactive,Île-de-France,urban_unit_under_20k,"At 33 years old, she resides in an urban area of Île-de-France with a population under 20,000. Currently classified as other_inactive, she is exploring personal projects and community involvement."
fr_0943,female,82,65+,retired,Auvergne-Rhône-Alpes,urban_unit_100k_to_1_999_999,"An 82-year-old retired woman resides in an urban area of Auvergne-Rhône-Alpes, enjoying her golden years surrounded by a vibrant community. She spends her time volunteering at local charities and taking leisurely walks in nearby parks."
fr_0944,male,32,25-34,intermediate_profession,Auvergne-Rhône-Alpes,urban_unit_under_20k,"At 32 years old, he works as a marketing specialist in a growing tech firm in the Auvergne-Rhône-Alpes region. Residing in a small urban unit with under 20,000 residents, he enjoys the blend of city life and close-knit community atmosphere."
fr_0945,male,34,25-34,intermediate_profession,Grand Est,urban_unit_20k_to_99k,"At 34 years old, he works as a skilled technician in the Grand Est region. Living in an urban area with a population between 20,000 and 99,000, he enjoys the vibrant community life."
fr_0946,female,53,50-64,retired,Martinique,urban_unit_20k_to_99k,"At 53 years old, she enjoys her retirement in an urban area of Martinique, surrounded by vibrant culture and community. Embracing her newfound freedom, she spends her days exploring local art and nurturing her passion for gardening."
fr_0947,male,81,65+,employee,Hauts-de-France,paris_urban_unit,"At 81 years old, he has dedicated his life to working as an employee in the thriving urban landscape of the Paris urban unit. Residing in Hauts-de-France, he enjoys the vibrant culture and community that surrounds him in this dynamic region."
fr_0948,female,33,25-34,retired,Centre-Val de Loire,rural_outside_urban_unit,"At 33 years old, she enjoys a peaceful retirement in the rural landscapes of Centre-Val de Loire. Embracing her new lifestyle, she spends her days gardening and exploring the local countryside."
fr_0949,male,27,25-34,retired,Pays de la Loire,paris_urban_unit,"At 27, he has retired early and now enjoys the tranquil lifestyle in Pays de la Loire. Living in the Paris urban unit, he spends his days exploring local culture and nature."
fr_0950,male,93,65+,worker,Grand Est,urban_unit_100k_to_1_999_999,"At 93 years old, he has dedicated his life to the manufacturing sector in urban Grand Est, contributing to the local economy for decades. Now enjoying retirement, he spends his days engaging with the community and sharing his wealth of experience."
fr_0951,male,35,35-49,employee,Auvergne-Rhône-Alpes,urban_unit_under_20k,"At 35 years old, he works as an employee in a growing technology firm in the Auvergne-Rhône-Alpes region. Residing in a small urban unit of under 20,000, he enjoys the blend of city life and the surrounding natural beauty."
fr_0952,female,83,65+,intermediate_profession,Hauts-de-France,urban_unit_20k_to_99k,"At 83 years old, she resides in an urban area of Hauts-de-France, where she has spent her life working in an intermediate profession. Her experiences reflect the rich cultural tapestry of her community, which is home to between 20,000 and 99,000 residents."
fr_0953,male,41,35-49,retired,Centre-Val de Loire,paris_urban_unit,"At 41, he has recently retired and enjoys the tranquil life in Centre-Val de Loire. Living in the Paris urban unit, he spends his days exploring local culture and nature."
fr_0954,female,59,50-64,employee,Nouvelle-Aquitaine,urban_unit_100k_to_1_999_999,"A 59-year-old woman resides in an urban area of Nouvelle-Aquitaine, contributing her skills as an employee in the local workforce. She enjoys the vibrant culture and community life that her city offers, participating actively in neighborhood events."
fr_0955,male,66,65+,employee,Hauts-de-France,urban_unit_20k_to_99k,"At 66 years old, he has dedicated his career as an employee in the vibrant urban landscape of Hauts-de-France. Living in a community with a population between 20,000 and 99,000, he enjoys the blend of city life and local culture."
fr_0956,female,22,18-24,employee,Bretagne,urban_unit_100k_to_1_999_999,"At 22 years old, she works as an administrative assistant in an urban area of Bretagne with a population between 100,000 and 1,000,000. Living in a vibrant city environment, she enjoys the blend of modern life and rich cultural heritage."
fr_0957,male,87,65+,retired,Hauts-de-France,rural_outside_urban_unit,"At 87 years old, he enjoys a peaceful retirement in the rural outskirts of Hauts-de-France. His days are often spent gardening and reminiscing about his life in the countryside."
fr_0958,male,65,65+,manager_intellectual_profession,Auvergne-Rhône-Alpes,rural_outside_urban_unit,"At 65, he has spent decades managing a local cooperative in the picturesque rural landscape of Auvergne-Rhône-Alpes. His passion for sustainable agriculture and community development has made a lasting impact on the region's economy and culture."
fr_0959,male,27,25-34,craft_trader_business_owner,Provence-Alpes-Côte d'Azur,urban_unit_100k_to_1_999_999,"At 27 years old, he runs a successful craft trading business in the vibrant urban landscape of Provence-Alpes-Côte d'Azur. His entrepreneurial spirit thrives amidst a community that values artisanal goods and local craftsmanship."
fr_0960,female,87,65+,retired,Auvergne-Rhône-Alpes,paris_urban_unit,"An 87-year-old retired woman resides in the Auvergne-Rhône-Alpes region, specifically within the Paris urban unit. She enjoys her golden years surrounded by the vibrant culture and community life of the urban area."
fr_0961,female,69,65+,manager_intellectual_profession,Occitanie,urban_unit_20k_to_99k,"At 69 years old, she has dedicated her career to managing educational programs in urban Occitanie, fostering community engagement. Respected for her intellectual contributions, she continues to advocate for lifelong learning in her vibrant city."
fr_0962,female,55,50-64,other_inactive,La Réunion,paris_urban_unit,"At 55 years old, she resides in the vibrant urban environment of La Réunion, where she enjoys the diverse culture and community. Classified as other_inactive, she dedicates her time to local volunteer work and exploring the natural beauty of her island home."
fr_0963,male,18,18-24,intermediate_profession,Auvergne-Rhône-Alpes,urban_unit_20k_to_99k,"An 18-year-old male from Auvergne-Rhône-Alpes works in an intermediate profession and is beginning to establish his career in a growing urban environment. He enjoys the vibrant culture and outdoor activities that the region offers, balancing work and leisure in his daily life."
fr_0964,female,59,50-64,other_inactive,Provence-Alpes-Côte d'Azur,rural_outside_urban_unit,"At 59, she enjoys a peaceful life in the picturesque rural surroundings of Provence-Alpes-Côte d'Azur. Classified as inactive, she dedicates her time to gardening and volunteering in her local community."
fr_0965,male,90,65+,intermediate_profession,Grand Est,urban_unit_20k_to_99k,"At 90 years old, he resides in an urban area of Grand Est with a population between 20,000 and 99,000. Throughout his career, he worked in intermediate professions, contributing to the local economy and community."
fr_0966,female,62,50-64,intermediate_profession,Hauts-de-France,rural_outside_urban_unit,"At 62 years old, she works as a regional sales manager in a small agricultural firm in rural Hauts-de-France. Residing outside urban centers, she enjoys the tranquility of her countryside home, where she tends to her garden and supports local community events."
fr_0967,male,28,25-34,retired,Occitanie,rural_outside_urban_unit,"At 28 years old, he enjoys a peaceful retirement in the rural outskirts of Occitanie. Embracing the serene countryside, he spends his days exploring nature and engaging in local community activities."
fr_0968,female,28,25-34,retired,Île-de-France,urban_unit_20k_to_99k,"At 28 years old, she has retired early from her career in digital marketing. Residing in an urban area of Île-de-France with a population between 20,000 and 99,000, she enjoys exploring the local arts scene."
fr_0969,male,45,35-49,other_inactive,Grand Est,urban_unit_100k_to_1_999_999,"At 45 years old, he resides in an urban area of Grand Est with a population between 100,000 and 999,999. Currently classified as other_inactive, he spends his time exploring local culture and community events."
fr_0970,male,81,65+,retired,Île-de-France,urban_unit_under_20k,"At 81 years old, he enjoys retirement in a quaint urban unit of under 20,000 residents in Île-de-France. He spends his days exploring local parks and connecting with neighbors in his vibrant community."
fr_0971,male,51,50-64,employee,Auvergne-Rhône-Alpes,urban_unit_20k_to_99k,"At 51 years old, he works as an employee in the vibrant urban center of Auvergne-Rhône-Alpes, where a community of 20,000 to 99,000 residents thrives. His daily life reflects the dynamic blend of urban culture and regional charm that characterizes this area."
fr_0972,female,38,35-49,retired,Occitanie,urban_unit_100k_to_1_999_999,"At 38 years old, she enjoys a peaceful retirement in an urban area of Occitanie, where she embraces the vibrant culture and community life. Having stepped away from her professional career, she dedicates her time to volunteering and exploring local art scenes."
fr_0973,female,52,50-64,employee,Île-de-France,urban_unit_20k_to_99k,"A 52-year-old employee resides in an urban unit of Île-de-France with a population between 20,000 and 99,000. She balances her professional life with community involvement, contributing to local initiatives that support urban development."
fr_0974,male,54,50-64,craft_trader_business_owner,Grand Est,rural_outside_urban_unit,"At 54 years old, he owns a successful craft trading business in a rural area of Grand Est. His passion for traditional craftsmanship has made him a respected figure in his local community."
fr_0975,female,73,65+,retired,La Réunion,urban_unit_under_20k,"At 73 years old, she enjoys her retirement in an urban area of La Réunion with a population under 20,000. She spends her days gardening and volunteering at the local community center."
fr_0976,female,76,65+,worker,Auvergne-Rhône-Alpes,urban_unit_20k_to_99k,"At 76 years old, she has spent her life working in the vibrant urban center of Auvergne-Rhône-Alpes. Now retired, she enjoys the cultural offerings and community activities that her city provides."
fr_0977,female,24,18-24,employee,Île-de-France,rural_outside_urban_unit,"At 24 years old, she works as an administrative assistant in a small town in rural Île-de-France. Balancing her job with her love for nature, she enjoys exploring the scenic countryside on weekends."
fr_0978,male,61,50-64,employee,Pays de la Loire,rural_outside_urban_unit,"At 61 years old, he has spent most of his career as an employee in the local manufacturing sector. Residing in the rural outskirts of Pays de la Loire, he enjoys the tranquility of countryside living."
fr_0979,female,19,18-24,intermediate_profession,Pays de la Loire,urban_unit_under_20k,"At 19, she works in an intermediate profession in a small urban community in Pays de la Loire. Balancing her career aspirations and personal life, she enjoys exploring the local culture and vibrant social scene."
fr_0980,male,23,18-24,retired,Bretagne,paris_urban_unit,"At 23 years old, he is considered retired, having left his job to pursue personal interests and travel. Residing in the Paris urban unit of Bretagne, he enjoys exploring the cultural blend of urban and coastal life."
fr_0981,male,71,65+,intermediate_profession,Auvergne-Rhône-Alpes,urban_unit_100k_to_1_999_999,"At 71 years old, he has spent his career as an intermediate professional in the vibrant urban landscape of Auvergne-Rhône-Alpes. Now retired, he enjoys exploring local culture and connecting with neighbors in his bustling community."
fr_0982,male,37,35-49,retired,Auvergne-Rhône-Alpes,urban_unit_20k_to_99k,"At 37, he enjoys retirement in a vibrant urban area of Auvergne-Rhône-Alpes. His days are filled with exploring local culture and engaging in community activities."
fr_0983,male,57,50-64,worker,Auvergne-Rhône-Alpes,urban_unit_100k_to_1_999_999,"At 57 years old, he has spent his career as a factory worker in the bustling urban environment of Auvergne-Rhône-Alpes. Living in a city with a population between 100,000 and 1,000,000, he enjoys the vibrant community life and local culture."
fr_0984,male,89,65+,intermediate_profession,Nouvelle-Aquitaine,urban_unit_100k_to_1_999_999,"An 89-year-old man residing in urban Nouvelle-Aquitaine has spent his life working in intermediate professions, contributing to the local economy. He enjoys the vibrant community life and cultural offerings of his bustling city."
fr_0985,male,27,25-34,intermediate_profession,Île-de-France,paris_urban_unit,"At 27 years old, he works in an intermediate profession in the bustling urban environment of Île-de-France. Living in the Paris urban unit, he enjoys the vibrant culture and dynamic lifestyle of the city."
fr_0986,male,37,35-49,retired,Bretagne,urban_unit_100k_to_1_999_999,"At 37 years old, he enjoys a peaceful retirement in an urban area of Bretagne, surrounded by vibrant community life. Embracing his newfound free time, he explores local culture and engages in hobbies that enrich his daily experiences."
fr_0987,female,19,18-24,employee,Pays de la Loire,urban_unit_100k_to_1_999_999,"At 19 years old, she works as a part-time retail employee in an urban area of Pays de la Loire. Balancing her job and studies, she enjoys the vibrant culture and social life of the city."
fr_0988,female,55,50-64,retired,Pays de la Loire,paris_urban_unit,"At 55 years old, she enjoys her retirement in the scenic region of Pays de la Loire, nestled within the vibrant Paris urban unit. Embracing a slower pace of life, she dedicates her time to gardening and volunteering in her local community."
fr_0989,female,40,35-49,retired,Normandie,paris_urban_unit,"At 40 years old, she enjoys her retirement in the picturesque region of Normandie, within the bustling Paris urban unit. Embracing the tranquility of her surroundings, she dedicates her time to community volunteering and exploring local culture."
fr_0990,female,66,65+,intermediate_profession,Pays de la Loire,urban_unit_100k_to_1_999_999,"At 66 years old, she is a dedicated administrative assistant residing in the urban zone of Pays de la Loire. With a wealth of experience, she actively contributes to her community while enjoying the vibrant city life."
fr_0991,male,58,50-64,other_inactive,Pays de la Loire,urban_unit_100k_to_1_999_999,"At 58 years old, he resides in an urban area of Pays de la Loire, enjoying the vibrant cultural scene. Classified as other_inactive, he dedicates his time to community volunteering and local hobbies."
fr_0992,female,87,65+,worker,Hauts-de-France,rural_outside_urban_unit,"At 87 years old, she has spent her life working on her family's farm in the rural countryside of Hauts-de-France. Embracing the tranquility of her surroundings, she cherishes the simple joys of nature and community."
fr_0993,female,49,35-49,retired,Nouvelle-Aquitaine,rural_outside_urban_unit,"At 49, she enjoys her retirement in the serene countryside of Nouvelle-Aquitaine. Embracing a slower pace of life, she spends her days gardening and exploring the natural beauty surrounding her rural home."
fr_0994,male,49,35-49,retired,Occitanie,urban_unit_100k_to_1_999_999,"At 49 years old, he enjoys a relaxed retirement in a bustling urban area of Occitanie. He spends his days exploring local culture and engaging with the vibrant community around him."
fr_0995,male,23,18-24,worker,Île-de-France,urban_unit_under_20k,"At 23 years old, he works in a local retail store in an urban area of Île-de-France with a population under 20,000. He enjoys the vibrant community life and the proximity to the cultural attractions of the greater Paris region."
fr_0996,male,80,65+,worker,Provence-Alpes-Côte d'Azur,rural_outside_urban_unit,"An 80-year-old man resides in the rural outskirts of Provence-Alpes-Côte d'Azur, where he has spent his life working in agriculture. He enjoys the tranquility of the countryside, reflecting on decades of hard labor and community ties."
fr_0997,female,32,25-34,retired,Hauts-de-France,urban_unit_100k_to_1_999_999,"At 32 years old, she has recently retired from her career in the urban area of Hauts-de-France. Embracing this new chapter, she enjoys exploring her passions and connecting with her community."
fr_0998,male,46,35-49,retired,Bretagne,urban_unit_20k_to_99k,"At 46 years old, he enjoys a peaceful retirement in an urban area of Bretagne, where he has time to explore his passion for local history. He spends his days volunteering at community events and enjoying the vibrant culture of his city."
fr_0999,female,20,18-24,other_inactive,Normandie,rural_outside_urban_unit,"At 20 years old, she enjoys the tranquility of rural life in Normandie, where she spends her time exploring nature and local traditions. Classified as other_inactive, she embraces a lifestyle that prioritizes personal growth and community involvement over conventional employment."
fr_1000,female,56,50-64,employee,Hauts-de-France,rural_outside_urban_unit,"At 56 years old, she has dedicated over three decades to her role as an employee in a local manufacturing company. Residing in the rural outskirts of Hauts-de-France, she enjoys the peace of country life while remaining committed to her job and community."
