index,name,library_gender,expected_gender,predicted_gender,male_probability,female_probability,unisex_probability,confidence,correct,error,library_geo_region,library_geo_countries,library_geo_signal_count
1,ha-na,female,female,unisex,0.04,0.34,0.62,0.43,False,,Asia,korea,1
2,teade,male,male,unisex,0.3,0.08,0.62,0.43,False,,Europe,the_netherlands,1
3,maialen,female,female,female,0.14,0.49,0.37,0.24,True,,Europe,spain,1
4,germain,male,male,male,0.91,0.0,0.09,0.86,True,,Europe,france|belgium|swiss,3
5,brayden,male,male,male,0.66,0.0,0.34,0.48,True,,North America,usa,1
6,dacian,male,male,male,0.62,0.01,0.37,0.42,True,,Europe,romania,1
7,moon-ho,male,male,unisex,0.43,0.03,0.54,0.31,False,,Asia,korea,1
8,sanjulata,female,female,female,0.16,0.45,0.39,0.17,True,,Asia,india,1
9,lide,female,female,unisex,0.22,0.05,0.73,0.59,False,,Europe,spain|macedonia,2
10,chrissie,female,female,unisex,0.01,0.43,0.56,0.34,False,,Mixed/ambiguous,great_britain|usa|the_netherlands,3
11,ashley,mostly_female,female,unisex,0.02,0.12,0.86,0.78,False,,Mixed/ambiguous,great_britain|ireland|usa,3
12,jamie,mostly_female,female,unisex,0.43,0.03,0.54,0.31,False,,Mixed/ambiguous,great_britain|ireland|usa|belgium|the_netherlands,5
13,ashish,male,male,male,0.81,0.01,0.18,0.72,True,,Asia,india,1
14,oltman,male,male,unisex,0.44,0.0,0.56,0.33,False,,Europe,the_netherlands,1
15,hamit,male,male,male,0.9,0.0,0.1,0.85,True,,Mixed/ambiguous,kosovo|albania|the_stans|turkey,4
16,ymer,male,male,unisex,0.44,0.03,0.53,0.3,False,,Europe,kosovo|albania,2
17,ernő,male,male,male,0.85,0.0,0.15,0.77,True,,Europe,hungary,1
18,soo-bok,mostly_male,male,unisex,0.29,0.07,0.64,0.47,False,,Asia,korea,1
19,aiga,female,female,unisex,0.3,0.13,0.57,0.37,False,,Europe,latvia,1
20,nurali,male,male,male,0.9,0.0,0.1,0.85,True,,Central Asia,the_stans,1
21,robil,male,male,male,0.84,0.01,0.15,0.77,True,,Middle East,israel,1
22,selman,male,male,male,0.72,0.0,0.28,0.57,True,,Mixed/ambiguous,bosniaand|kosovo|albania|turkey|arabia,5
23,leontina,female,female,female,0.03,0.88,0.09,0.83,True,,Europe,portugal|swiss|lithuania|czech_republic|romania,5
24,garda,female,female,male,0.65,0.01,0.34,0.47,False,,Europe,east_frisia,1
25,kayahan,male,male,male,0.63,0.02,0.35,0.45,True,,Middle East,turkey,1
26,claudette,female,female,female,0.01,0.81,0.17,0.72,True,,Mixed/ambiguous,usa|malta|france|belgium|luxembourg|swiss,6
27,kathi,female,female,unisex,0.26,0.02,0.72,0.59,False,,Mixed/ambiguous,usa|east_frisia|germany|austria|swiss,5
28,rozeta,female,female,female,0.14,0.64,0.22,0.45,True,,Europe,romania|albania,2
29,donato,male,male,male,0.94,0.01,0.05,0.91,True,,Europe,italy|spain|swiss,3
30,seong-hwan,male,male,male,0.5700000000000001,0.0,0.43,0.35,True,,Asia,korea,1
31,fiqiret,male,male,unisex,0.2,0.35,0.45,0.17,False,,Europe,albania,1
32,even,male,male,unisex,0.29,0.03,0.6799999999999999,0.53,False,,Europe,norway,1
33,twila,female,female,female,0.02,0.63,0.35,0.44,True,,North America,usa,1
34,hisse,male,male,unisex,0.28,0.04,0.68,0.52,False,,Europe,the_netherlands,1
35,randal,male,male,male,0.91,0.0,0.09,0.86,True,,North America,usa,1
36,maxwell,male,male,male,0.63,0.01,0.36,0.44,True,,Mixed/ambiguous,great_britain|usa,2
37,silviu,male,male,male,0.92,0.0,0.08,0.87,True,,Europe,romania|moldova,2
38,motoi,male,male,male,0.53,0.01,0.46,0.29,True,,Asia,japan,1
39,armandino,male,male,male,0.98,0.0,0.02,0.96,True,,Europe,italy|portugal,2
40,arminio,male,male,male,0.95,0.01,0.04,0.93,True,,Europe,italy,1
41,özen,mostly_male,male,unisex,0.18,0.02,0.8,0.7,False,,Middle East,turkey,1
42,gerhardine,female,female,female,0.06,0.79,0.15,0.68,True,,Europe,east_frisia|austria,2
43,sesselja,female,female,female,0.18,0.55,0.27,0.33,True,,Europe,iceland,1
44,riina,female,female,female,0.26,0.58,0.16,0.38,True,,Europe,finland|estonia,2
45,mansur,male,male,male,0.96,0.0,0.04,0.94,True,,Mixed/ambiguous,russia|azerbaijan|the_stans|arabia,4
46,þorri,male,male,male,0.65,0.01,0.34,0.47,True,,Europe,iceland,1
47,tony,male,male,male,0.7,0.0,0.3,0.54,True,,Mixed/ambiguous,great_britain|ireland|usa|malta|france|belgium|the_netherlands|germany|swiss|denmark|sweden|finland,12
48,wen-chun,andy,unisex,unisex,0.18,0.05,0.77,0.66,True,,Unspecified,,0
49,gerti,female,female,female,0.11,0.53,0.36,0.3,True,,Europe,east_frisia|germany|austria|swiss|albania,5
50,sirkkaliisa,female,female,female,0.03,0.85,0.12,0.77,True,,Europe,finland,1
51,su mi,female,female,unisex,0.11,0.07,0.82,0.74,False,,Asia,korea,1
52,roser,female,female,unisex,0.34,0.16,0.5,0.25,False,,Europe,spain,1
53,arkaitz,male,male,male,0.93,0.01,0.06,0.89,True,,Europe,spain,1
54,věnceslav,male,male,male,0.92,0.01,0.07,0.89,True,,Europe,czech_republic,1
55,zeng chun,andy,unisex,unisex,0.12,0.01,0.87,0.8,True,,Unspecified,,0
56,erkin,male,male,male,0.75,0.01,0.24,0.62,True,,Mixed/ambiguous,the_stans|turkey,2
57,yuliana,female,female,female,0.02,0.88,0.1,0.82,True,,Europe,bulgaria|russia|belarus|ukraine,4
58,aaro,male,male,male,0.66,0.02,0.32,0.49,True,,Europe,finland|estonia,2
59,corinna,female,female,female,0.09,0.76,0.15,0.64,True,,Europe,italy|east_frisia|germany|austria|swiss,5
60,hadumoth,female,female,female,0.23,0.43,0.34,0.15,True,,Europe,swiss,1
61,sigursteinn,male,male,male,0.98,0.0,0.02,0.97,True,,Europe,iceland,1
62,belle,female,female,female,0.01,0.69,0.3,0.54,True,,Mixed/ambiguous,great_britain|usa,2
63,annalena,female,female,female,0.02,0.82,0.16,0.73,True,,Europe,germany|swiss,2
64,shefquet,male,male,male,0.89,0.01,0.1,0.83,True,,Europe,albania,1
65,jasvir,mostly_male,male,unisex,0.38,0.03,0.59,0.37,False,,Asia,india,1
66,sakari,male,male,male,0.56,0.11,0.33,0.35,True,,Europe,finland,1
67,sanjiv,male,male,male,0.85,0.0,0.15,0.78,True,,Asia,india,1
68,roxanne,female,female,female,0.01,0.7,0.29,0.56,True,,Mixed/ambiguous,usa|belgium|luxembourg,3
69,auðunn,male,male,male,0.9,0.01,0.09,0.85,True,,Europe,iceland,1
70,árdís,female,female,female,0.15,0.58,0.27,0.38,True,,Europe,iceland,1
71,muguette,female,female,female,0.05,0.78,0.17,0.67,True,,Europe,france|belgium,2
72,mergim,male,male,male,0.89,0.02,0.09,0.84,True,,Europe,kosovo|albania,2
73,huub,male,male,male,0.62,0.01,0.37,0.42,True,,Europe,the_netherlands,1
74,abdelaziz,male,male,male,0.96,0.0,0.04,0.94,True,,Middle East,arabia,1
75,rasela,female,female,female,0.12,0.45,0.43,0.17,True,,Europe,romania,1
76,takaji,male,male,unisex,0.41,0.0,0.59,0.38,False,,Asia,japan,1
77,tonica,female,female,unisex,0.09,0.29,0.62,0.43,False,,Europe,croatia,1
78,adar,male,male,unisex,0.38,0.07,0.55,0.34,False,,Middle East,israel,1
79,makhmud,male,male,male,0.97,0.0,0.03,0.95,True,,Caucasus,azerbaijan,1
80,zavastiea,female,female,male,0.55,0.16,0.28,0.33,False,,Europe,romania,1
81,szonja,female,female,female,0.05,0.77,0.18,0.65,True,,Europe,hungary,1
82,pompeu,male,male,male,0.9,0.03,0.07,0.86,True,,Europe,spain,1
83,burkhart,male,male,male,0.75,0.0,0.25,0.62,True,,Europe,germany|austria,2
84,raisa,female,female,female,0.02,0.71,0.27,0.56,True,,Mixed/ambiguous,finland|latvia|lithuania|czech_republic|romania|russia|belarus|moldova|ukraine|armenia|azerbaijan|the_stans,12
85,vladyslav,male,male,male,0.88,0.0,0.12,0.81,True,,Europe,belarus|ukraine,2
86,rakhiya,female,female,female,0.16,0.54,0.3,0.31,True,,Central Asia,the_stans,1
87,dagmar,female,female,female,0.04,0.78,0.18,0.67,True,,Europe,belgium|the_netherlands|east_frisia|germany|austria|swiss|iceland|denmark|norway|sweden|estonia|czech_republic|slovakia,13
88,ivaila,female,female,female,0.06,0.48,0.46,0.21,True,,Europe,bulgaria,1
89,young hoon,male,male,unisex,0.4,0.01,0.59,0.4,False,,Asia,korea,1
90,ermilia,female,female,female,0.08,0.83,0.09,0.74,True,,Europe,romania,1
91,reagan,mostly_female,female,unisex,0.26,0.03,0.71,0.57,False,,Mixed/ambiguous,great_britain|usa,2
92,buğra,male,male,male,0.93,0.0,0.07,0.9,True,,Middle East,turkey,1
93,lemmitty,female,female,unisex,0.16,0.06,0.78,0.68,False,,Europe,finland,1
94,arnor,male,male,male,0.88,0.0,0.12,0.82,True,,Europe,norway,1
95,mareke,female,female,unisex,0.15,0.21,0.64,0.46,False,,Europe,east_frisia,1
96,vojislavka,female,female,female,0.05,0.92,0.03,0.88,True,,Europe,bosniaand|serbia,2
97,oxana,female,female,female,0.01,0.86,0.13,0.8,True,,Mixed/ambiguous,russia|belarus|moldova|ukraine|the_stans,5
98,ok-sun,female,female,unisex,0.14,0.19,0.67,0.5,False,,Asia,korea,1
99,altje,female,female,unisex,0.3,0.08,0.62,0.42,False,,Europe,east_frisia,1
100,andřej,male,male,male,0.83,0.01,0.16,0.74,True,,Europe,czech_republic,1
101,youngim,female,female,unisex,0.22,0.08,0.7,0.56,False,,Asia,korea,1
102,gerdi,female,female,unisex,0.4,0.08,0.52,0.29,False,,Europe,the_netherlands|germany|austria,3
103,hugborg,female,female,unisex,0.43,0.06,0.51,0.27,False,,Europe,iceland,1
104,geirlaugur,male,male,male,0.9,0.08,0.02,0.85,True,,Europe,iceland,1
105,evangelina,female,female,female,0.0,0.95,0.05,0.91,True,,Mixed/ambiguous,usa|portugal|spain|bulgaria,4
106,nayda,female,female,female,0.02,0.7,0.28,0.54,True,,Europe,bulgaria,1
107,rún,female,female,unisex,0.35,0.07,0.58,0.38,False,,Europe,iceland,1
108,darry,male,male,male,0.69,0.01,0.3,0.53,True,,North America,usa,1
109,kama,female,female,unisex,0.28,0.03,0.69,0.54,False,,Caucasus,azerbaijan,1
110,nasreddine,male,male,male,0.93,0.0,0.07,0.9,True,,Middle East,arabia,1
111,jami,female,female,unisex,0.43,0.1,0.47,0.21,False,,Mixed/ambiguous,usa|finland,2
112,ageeth,female,female,unisex,0.05,0.44,0.51,0.28,False,,Europe,the_netherlands,1
113,dionyzas,male,male,male,0.45,0.38,0.17,0.18,True,,Europe,lithuania,1
114,joost,male,male,male,0.81,0.01,0.18,0.72,True,,Europe,belgium|the_netherlands|east_frisia,3
115,giesa,female,female,unisex,0.29,0.09,0.62,0.43,False,,Europe,east_frisia,1
116,marjolaine,female,female,female,0.15,0.61,0.24,0.42,True,,Europe,france|belgium|swiss,3
117,tae-hee,female,female,unisex,0.04,0.17,0.79,0.69,False,,Asia,korea,1
118,cvija,male,male,female,0.26,0.54,0.2,0.3,False,,Europe,serbia,1
119,clancy,male,male,male,0.58,0.0,0.42,0.37,True,,Europe,great_britain,1
120,irmentraud,female,female,female,0.01,0.93,0.06,0.88,True,,Europe,germany,1
121,grahame,male,male,male,0.8,0.0,0.2,0.7,True,,Europe,great_britain,1
122,guus,male,male,male,0.59,0.01,0.4,0.38,True,,Europe,the_netherlands,1
123,petruţ,male,male,male,0.94,0.02,0.04,0.91,True,,Europe,romania,1
124,hlín,female,female,male,0.5,0.1,0.4,0.26,False,,Europe,iceland,1
125,dagrún,female,female,male,0.46,0.16,0.38,0.2,False,,Europe,iceland,1
126,fanourios,male,male,male,0.94,0.01,0.05,0.91,True,,Europe,greece,1
127,hardo,male,male,male,0.67,0.01,0.32,0.51,True,,Europe,germany|austria,2
128,kontxi,female,female,female,0.07,0.59,0.34,0.39,True,,Europe,spain,1
129,martha,female,female,female,0.01,0.81,0.18,0.72,True,,Mixed/ambiguous,great_britain|ireland|usa|belgium|the_netherlands|east_frisia|germany|austria|swiss|iceland|denmark|norway|sweden|greece,14
130,selvie,female,female,unisex,0.1,0.26,0.64,0.46,False,,Asia,india,1
131,cela,female,female,unisex,0.29,0.15,0.56,0.34,False,,Europe,romania,1
132,gesa,female,female,unisex,0.2,0.31,0.49,0.24,False,,Europe,east_frisia,1
133,bambina,female,female,female,0.05,0.85,0.1,0.77,True,,Europe,italy,1
134,hariolf,male,male,male,0.69,0.01,0.3,0.54,True,,Europe,germany,1
135,živkica,female,female,female,0.36,0.49,0.15,0.24,True,,Europe,serbia,1
136,matthea,female,female,female,0.05,0.6,0.35,0.39,True,,Europe,iceland,1
137,gralf,male,male,male,0.58,0.01,0.41,0.37,True,,Europe,east_frisia,1
138,zeno,male,male,male,0.84,0.01,0.15,0.75,True,,Europe,italy|the_netherlands|germany|slovakia|romania,5
139,tor,male,male,unisex,0.45,0.01,0.54,0.31,False,,Europe,denmark|norway|sweden,3
140,hilkeus,male,male,male,0.64,0.02,0.34,0.47,True,,Europe,east_frisia,1
141,mehis,male,male,male,0.57,0.05,0.38,0.36,True,,Europe,estonia,1
142,kanthan,male,male,male,0.75,0.01,0.24,0.63,True,,Asia,india,1
143,junggeun,male,male,unisex,0.05,0.25,0.7,0.55,False,,Asia,korea,1
144,heleri,female,female,unisex,0.14,0.15,0.71,0.55,False,,Europe,estonia,1
145,abdul aziz,male,male,male,0.93,0.0,0.07,0.9,True,,Middle East,arabia,1
146,yun ji,female,female,unisex,0.05,0.08,0.87,0.8,False,,Asia,korea,1
147,stas,male,male,male,0.84,0.01,0.15,0.76,True,,Mixed/ambiguous,russia|azerbaijan,2
148,ku-chul,male,male,unisex,0.44,0.02,0.54,0.31,False,,Asia,korea,1
149,zev,male,male,male,0.67,0.01,0.32,0.5,True,,Middle East,israel,1
150,ira,female,female,unisex,0.45,0.05,0.5,0.25,False,,Mixed/ambiguous,great_britain|usa|the_netherlands|east_frisia|germany|austria|swiss|finland|estonia|latvia|romania|bulgaria|albania|armenia|azerbaijan|israel,16
151,soner,male,male,male,0.77,0.02,0.21,0.65,True,,Middle East,turkey,1
152,bernardin,male,male,male,0.71,0.01,0.28,0.56,True,,Europe,france,1
153,reinhard,male,male,male,0.93,0.0,0.07,0.89,True,,Europe,east_frisia|germany|austria|swiss,4
154,pauna,female,female,unisex,0.29,0.04,0.67,0.5,False,,Europe,romania,1
155,reinhild,female,female,female,0.01,0.79,0.2,0.69,True,,Europe,east_frisia|germany|austria|swiss,4
156,dragut,male,male,male,0.96,0.0,0.04,0.94,True,,Europe,romania,1
157,rosia,female,female,female,0.05,0.83,0.12,0.75,True,,North America,usa,1
158,mkrtich,male,male,male,0.94,0.01,0.05,0.91,True,,Caucasus,armenia,1
159,tietje,female,female,male,0.53,0.13,0.34,0.3,False,,Europe,the_netherlands,1
160,fortuné,male,male,unisex,0.36,0.21,0.43,0.14,False,,Europe,france,1
161,barthold,male,male,male,0.9,0.0,0.1,0.85,True,,Europe,germany,1
162,winfield,male,male,male,0.54,0.0,0.46,0.3,True,,North America,usa,1
163,djurre,male,male,unisex,0.47,0.05,0.48,0.22,False,,Europe,the_netherlands,1
164,gretha,female,female,female,0.01,0.8,0.19,0.71,True,,Europe,the_netherlands|denmark|norway,3
165,kesha,female,female,female,0.03,0.56,0.41,0.33,True,,North America,usa,1
166,nuri,male,male,unisex,0.28,0.09,0.63,0.44,False,,Mixed/ambiguous,macedonia|albania|azerbaijan|turkey|arabia,5
167,emerito,male,male,male,0.8,0.02,0.18,0.7,True,,Europe,spain,1
168,cris,male,male,unisex,0.46,0.02,0.52,0.27,False,,Mixed/ambiguous,usa|the_netherlands|estonia,3
169,kyoung soon,female,female,unisex,0.06,0.27,0.67,0.49,False,,Asia,korea,1
170,ottilia,female,female,female,0.01,0.9,0.09,0.85,True,,Europe,germany|austria|swiss|sweden,4
171,su-ok,female,female,unisex,0.25,0.04,0.71,0.56,False,,Asia,korea,1
172,bledion,male,male,male,0.69,0.03,0.28,0.54,True,,Europe,albania,1
173,đurica,female,female,male,0.93,0.02,0.05,0.9,False,,Europe,serbia,1
174,sigfried,male,male,male,0.9400000000000001,0.0,0.06,0.9,True,,Europe,east_frisia|germany|austria|swiss,4
175,fany,female,female,unisex,0.05,0.29,0.66,0.5,False,,Europe,france|belgium,2
176,bhavani,female,female,female,0.04,0.76,0.2,0.64,True,,Asia,india,1
177,ilsoo,male,male,unisex,0.29,0.0,0.71,0.56,False,,Asia,korea,1
178,maguy,female,female,unisex,0.18,0.2,0.62,0.43,False,,Europe,france|belgium|swiss,3
179,atay,male,male,unisex,0.26,0.03,0.71,0.57,False,,Middle East,turkey,1
180,ate,male,male,unisex,0.1,0.07,0.83,0.73,False,,Europe,the_netherlands,1
181,junpei,male,male,male,0.76,0.0,0.24,0.63,True,,Asia,japan,1
182,laimutis,male,male,male,0.96,0.03,0.01,0.94,True,,Europe,lithuania,1
183,marise,female,female,female,0.04,0.72,0.24,0.58,True,,Europe,france|belgium|luxembourg,3
184,arvi,male,male,male,0.69,0.04,0.27,0.53,True,,Europe,finland|estonia,2
185,kavan,male,male,unisex,0.46,0.02,0.52,0.28,False,,Europe,great_britain,1
186,kipp,male,male,unisex,0.46,0.04,0.5,0.25,False,,North America,usa,1
187,luitzen,male,male,male,0.81,0.01,0.18,0.71,True,,Europe,the_netherlands,1
188,francette,female,female,female,0.09,0.82,0.09,0.72,True,,Europe,france,1
189,stavro,male,male,male,0.86,0.01,0.13,0.78,True,,Europe,albania,1
190,hila,female,female,female,0.07,0.55,0.38,0.32,True,,Middle East,israel,1
191,hilmi,male,male,male,0.96,0.0,0.04,0.94,True,,Mixed/ambiguous,kosovo|albania|turkey,3
192,firmino,male,male,male,0.95,0.0,0.05,0.92,True,,Europe,italy|portugal,2
193,torhild,female,female,female,0.01,0.69,0.3,0.53,True,,Europe,norway,1
194,nursal,female,female,female,0.12,0.48,0.4,0.22,True,,Middle East,turkey,1
195,aliki,female,female,unisex,0.4,0.03,0.57,0.36,False,,Europe,greece,1
196,ehrentraut,female,female,unisex,0.27,0.02,0.71,0.57,False,,Europe,germany|austria,2
197,britton,male,male,unisex,0.37,0.0,0.63,0.44,False,,North America,usa,1
198,yongsik,male,male,male,0.67,0.01,0.32,0.51,True,,Asia,korea,1
199,piotras,male,male,male,0.93,0.04,0.02,0.9,True,,Europe,lithuania,1
200,i̇badullah,male,male,male,0.81,0.01,0.18,0.71,True,,Middle East,turkey,1
201,milli,female,female,female,0.04,0.58,0.38,0.38,True,,Europe,germany|swiss,2
202,damijan,male,male,male,0.77,0.01,0.22,0.66,True,,Europe,slovenia,1
203,bozana,female,female,unisex,0.21,0.21,0.58,0.38,False,,Europe,bulgaria,1
204,dougald,male,male,male,0.81,0.0,0.19,0.71,True,,Europe,great_britain,1
205,gürcü,mostly_female,female,unisex,0.36,0.02,0.62,0.43,False,,Middle East,turkey,1
206,vidak,male,male,male,0.87,0.02,0.11,0.81,True,,Europe,montenegro|serbia|slovenia,3
207,clair,mostly_male,male,unisex,0.29,0.11,0.6,0.39,False,,Mixed/ambiguous,great_britain|usa,2
208,katarin,female,female,female,0.07,0.56,0.37,0.34,True,,Europe,estonia,1
209,droplaug,female,female,unisex,0.28,0.03,0.69,0.53,False,,Europe,iceland,1
210,ji-soo,mostly_female,female,unisex,0.04,0.11,0.85,0.78,False,,Asia,korea,1
211,norair,male,male,male,0.79,0.0,0.21,0.68,True,,Caucasus,armenia,1
212,oddrun,female,female,female,0.24,0.51,0.25,0.27,True,,Europe,norway,1
213,lawanda,female,female,female,0.02,0.81,0.17,0.72,True,,North America,usa,1
214,romanina,female,female,female,0.07,0.8,0.13,0.7,True,,Europe,italy,1
215,aurela,female,female,female,0.02,0.85,0.13,0.78,True,,Europe,albania,1
216,keetje,female,female,unisex,0.15,0.19,0.66,0.49,False,,Europe,the_netherlands,1
217,hee-ja,female,female,female,0.05,0.51,0.44,0.27,True,,Asia,korea,1
218,korekiyo,male,male,male,0.74,0.02,0.24,0.61,True,,Asia,japan,1
219,diora,female,female,female,0.02,0.69,0.29,0.55,True,,Central Asia,the_stans,1
220,neve,female,female,unisex,0.26,0.3,0.44,0.17,False,,North America,usa,1
221,bradyn,male,male,male,0.67,0.0,0.33,0.49,True,,North America,usa,1
222,kyungil,male,male,unisex,0.14,0.09,0.77,0.65,False,,Asia,korea,1
223,yuuko,female,female,female,0.01,0.6,0.39,0.4,True,,Asia,japan,1
224,mayte,female,female,female,0.05,0.64,0.31,0.46,True,,Europe,spain,1
225,silfá,female,female,unisex,0.16,0.32,0.52,0.28,False,,Europe,iceland,1
226,mélie,female,female,female,0.01,0.83,0.16,0.74,True,,Europe,france,1
227,oda,female,female,unisex,0.33,0.01,0.66,0.49,False,,Europe,the_netherlands|east_frisia|germany|denmark|norway,5
228,alin,male,male,unisex,0.39,0.02,0.59,0.39,False,,Europe,germany|swiss|romania|moldova,4
229,borghildur,female,female,female,0.02,0.92,0.06,0.88,True,,Europe,iceland,1
230,denica,female,female,female,0.12,0.66,0.22,0.49,True,,Europe,bulgaria,1
231,işıl,female,female,female,0.06,0.65,0.29,0.46,True,,Middle East,turkey,1
232,sibylle,female,female,female,0.01,0.92,0.07,0.88,True,,Europe,east_frisia|germany|austria|swiss,4
233,rachhpal,male,male,male,0.68,0.02,0.3,0.52,True,,Asia,india,1
234,sriharan,male,male,male,0.97,0.0,0.03,0.95,True,,Asia,india,1
235,detlev,male,male,male,0.86,0.0,0.14,0.79,True,,Europe,east_frisia|germany|swiss,3
236,junya,male,male,male,0.65,0.01,0.34,0.47,True,,Asia,japan,1
237,sheila,female,female,female,0.02,0.73,0.25,0.6,True,,Mixed/ambiguous,great_britain|ireland|usa|belgium|the_netherlands|denmark|arabia|india,8
238,inchul,male,male,unisex,0.23,0.1,0.67,0.51,False,,Asia,korea,1
239,mirzeta,female,female,male,0.48,0.17,0.35,0.22,False,,Europe,bosniaand,1
240,hak soo,male,male,unisex,0.32,0.04,0.64,0.46,False,,Asia,korea,1
241,inseon,female,female,unisex,0.32,0.03,0.65,0.48,False,,Asia,korea,1
242,femmie,female,female,female,0.04,0.71,0.25,0.55,True,,Europe,the_netherlands,1
243,ellen,female,female,female,0.01,0.6,0.39,0.4,True,,Mixed/ambiguous,great_britain|ireland|usa|belgium|the_netherlands|east_frisia|germany|austria|swiss|iceland|denmark|norway|sweden|finland|estonia|israel,16
244,taťjana,female,female,female,0.01,0.79,0.2,0.69,True,,Europe,czech_republic|slovakia,2
245,maryla,female,female,female,0.03,0.82,0.15,0.74,True,,Europe,poland|czech_republic,2
246,hermenegilda,female,female,female,0.02,0.92,0.06,0.88,True,,Europe,portugal|spain,2
247,inok,female,female,unisex,0.36,0.02,0.62,0.43,False,,Asia,korea,1
248,demircan,male,male,unisex,0.41,0.03,0.56,0.34,False,,Middle East,turkey,1
249,erietta,female,female,unisex,0.2,0.33,0.47,0.21,False,,Europe,greece,1
250,poppy,female,female,unisex,0.01,0.42,0.57,0.35,False,,Europe,great_britain,1
251,anoek,female,female,female,0.04,0.53,0.43,0.29,True,,Europe,the_netherlands,1
252,poul,male,male,male,0.57,0.01,0.42,0.37,True,,Europe,denmark|norway,2
253,soojin,female,female,unisex,0.12,0.21,0.67,0.51,False,,Asia,korea,1
254,tobias,male,male,male,0.9400000000000001,0.0,0.06,0.9,True,,Europe,east_frisia|germany|austria|swiss|denmark|norway|sweden,7
255,svitlana,female,female,female,0.01,0.77,0.22,0.65,True,,Europe,belarus|ukraine,2
256,regina,female,female,female,0.02,0.84,0.14,0.76,True,,Mixed/ambiguous,ireland|usa|italy|portugal|spain|belgium|luxembourg|the_netherlands|east_frisia|germany|austria|swiss|sweden|estonia|lithuania|poland|czech_republic|hungary|russia|moldova|ukraine|azerbaijan|the_stans|israel,24
257,gundemarie,female,female,female,0.04,0.81,0.15,0.72,True,,Europe,germany,1
258,jordančo,male,male,male,0.92,0.02,0.06,0.88,True,,Europe,macedonia,1
259,sintija,female,female,female,0.09,0.61,0.3,0.42,True,,Europe,latvia,1
260,darius,male,male,male,0.89,0.0,0.11,0.82,True,,Mixed/ambiguous,ireland|usa|germany|swiss|lithuania|romania,6
261,rudik,male,male,male,0.67,0.09,0.24,0.51,True,,Caucasus,armenia,1
262,mariya,female,female,female,0.02,0.78,0.2,0.67,True,,Mixed/ambiguous,bulgaria|russia|belarus|ukraine|armenia|the_stans,6
263,daljit,mostly_male,male,male,0.59,0.04,0.37,0.39,True,,Asia,india,1
264,rudie,mostly_male,male,male,0.6799999999999999,0.02,0.3,0.53,True,,Europe,the_netherlands,1
265,þórólfur,male,male,male,0.96,0.0,0.04,0.94,True,,Europe,iceland,1
266,jeong ho,male,male,unisex,0.34,0.0,0.66,0.48,False,,Asia,korea,1
267,kristyn,female,female,female,0.0,0.59,0.41,0.38,True,,North America,usa,1
268,ulpt,male,male,unisex,0.25,0.04,0.71,0.57,False,,Europe,east_frisia,1
269,onkar,male,male,male,0.83,0.01,0.16,0.75,True,,Asia,india,1
270,gulzar,male,male,male,0.64,0.02,0.34,0.46,True,,Mixed/ambiguous,azerbaijan|india,2
271,salman,male,male,male,0.98,0.0,0.02,0.96,True,,Mixed/ambiguous,azerbaijan|arabia,2
272,peet,male,male,male,0.57,0.01,0.42,0.36,True,,Europe,the_netherlands,1
273,jessyca,female,female,female,0.01,0.73,0.26,0.6,True,,Europe,france,1
274,yeltay,male,male,male,0.63,0.04,0.33,0.43,True,,Central Asia,the_stans,1
275,kip,male,male,male,0.6,0.01,0.39,0.4,True,,North America,usa,1
276,maged,male,male,male,0.82,0.05,0.13,0.74,True,,Middle East,arabia,1
277,flávia,female,female,female,0.01,0.89,0.1,0.83,True,,Europe,portugal,1
278,yoshinobu,male,male,male,0.76,0.0,0.24,0.63,True,,Asia,japan,1
279,vazgen,male,male,male,0.92,0.0,0.08,0.88,True,,Caucasus,armenia,1
280,garreth,male,male,male,0.83,0.0,0.17,0.74,True,,Europe,ireland,1
281,jarvis,male,male,male,0.75,0.01,0.24,0.63,True,,Mixed/ambiguous,great_britain|usa,2
282,didimo,male,male,male,0.66,0.05,0.29,0.48,True,,Europe,italy,1
283,grigoriy,male,male,male,0.9,0.01,0.09,0.86,True,,Mixed/ambiguous,bulgaria|russia|belarus|ukraine|armenia|the_stans,6
284,maximillian,male,male,male,0.86,0.0,0.14,0.78,True,,Europe,germany|austria,2
285,zaira,female,female,female,0.02,0.68,0.3,0.53,True,,Mixed/ambiguous,italy|russia|armenia|azerbaijan,4
286,giusi,female,female,female,0.07,0.67,0.26,0.5,True,,Europe,italy|swiss,2
287,erkmar,male,male,unisex,0.47,0.03,0.5,0.26,False,,Europe,germany,1
288,bal,male,male,unisex,0.3,0.01,0.69,0.54,False,,Asia,india,1
289,kyungshin,male,male,unisex,0.09,0.34,0.57,0.36,False,,Asia,korea,1
290,naoji,male,male,male,0.5,0.04,0.46,0.25,True,,Asia,japan,1
291,nouha,female,female,female,0.14,0.53,0.33,0.31,True,,Middle East,arabia,1
292,amiri,male,male,male,0.79,0.01,0.2,0.69,True,,Middle East,arabia,1
293,veldin,male,male,unisex,0.3,0.07,0.63,0.46,False,,Europe,bosniaand|croatia,2
294,seong-min,male,male,unisex,0.32,0.0,0.68,0.52,False,,Asia,korea,1
295,paraschkeva,female,female,female,0.14,0.81,0.05,0.71,True,,Europe,bulgaria,1
296,marquise,male,male,male,0.4,0.26,0.34,0.1,True,,North America,usa,1
297,gilmore,male,male,unisex,0.25,0.01,0.74,0.61,False,,Europe,great_britain,1
298,elton,male,male,male,0.76,0.01,0.23,0.63,True,,Mixed/ambiguous,great_britain|usa|albania|azerbaijan,4
299,anastasios,male,male,male,0.97,0.0,0.03,0.95,True,,Europe,greece,1
300,kaino,female,female,unisex,0.35,0.03,0.62,0.44,False,,Europe,finland,1
301,jinju,female,female,unisex,0.18,0.03,0.79,0.68,False,,Asia,korea,1
302,india,female,female,unisex,0.08,0.01,0.91,0.86,False,,North America,usa,1
303,temenuzhka,female,female,female,0.13,0.76,0.11,0.64,True,,Europe,bulgaria,1
304,younes,male,male,male,0.89,0.0,0.11,0.83,True,,Middle East,arabia,1
305,curdin,male,male,unisex,0.33,0.02,0.65,0.47,False,,Europe,swiss,1
306,ergün,male,male,male,0.79,0.01,0.2,0.68,True,,Middle East,turkey,1
307,hendricus,male,male,male,0.98,0.0,0.02,0.97,True,,Europe,the_netherlands,1
308,sugata,female,female,male,0.58,0.03,0.39,0.37,False,,Asia,india,1
309,gülengül,female,female,female,0.03,0.63,0.34,0.45,True,,Middle East,turkey,1
310,ansbert,male,male,male,0.96,0.0,0.04,0.93,True,,Europe,germany,1
311,fennie,female,female,unisex,0.13,0.2,0.67,0.5,False,,Europe,the_netherlands,1
312,viacheslav,male,male,male,0.74,0.0,0.26,0.6,True,,Mixed/ambiguous,russia|belarus|the_stans,3
313,reshit,male,male,male,0.46,0.1,0.44,0.19,True,,Europe,albania,1
314,sytze,male,male,male,0.74,0.01,0.25,0.62,True,,Europe,east_frisia,1
315,gisèle,female,female,female,0.01,0.84,0.15,0.77,True,,Europe,france|belgium|luxembourg|swiss,4
316,baldo,male,male,male,0.91,0.01,0.08,0.88,True,,Europe,italy|east_frisia,2
317,žilvinas,male,male,male,0.94,0.04,0.02,0.91,True,,Europe,lithuania,1
318,borjana,female,female,unisex,0.32,0.06,0.62,0.43,False,,Europe,bulgaria|bosniaand|macedonia,3
319,zulmira,female,female,female,0.01,0.87,0.12,0.81,True,,Europe,portugal,1
320,benine,female,female,unisex,0.19,0.03,0.78,0.67,False,,Europe,the_netherlands,1
321,aloyzas,male,male,male,0.69,0.11,0.2,0.54,True,,Europe,lithuania,1
322,saulutė,female,female,female,0.19,0.74,0.07,0.61,True,,Europe,lithuania,1
323,emek,male,male,unisex,0.37,0.07,0.5599999999999999,0.35,False,,Middle East,turkey,1
324,samuele,male,male,male,0.8,0.0,0.2,0.7,True,,Europe,italy,1
325,naoko,female,female,female,0.01,0.71,0.28,0.55,True,,Asia,japan,1
326,sheridan,male,male,unisex,0.34,0.01,0.65,0.49,False,,Europe,great_britain,1
327,brechter,male,male,male,0.84,0.01,0.15,0.76,True,,Europe,east_frisia,1
328,reiny,female,female,unisex,0.11,0.25,0.64,0.46,False,,Europe,the_netherlands,1
329,amiram,male,male,male,0.86,0.02,0.12,0.8,True,,Middle East,israel,1
330,francesco,male,male,male,0.86,0.0,0.14,0.79,True,,Europe,italy|malta|swiss,3
331,wynona,female,female,female,0.02,0.76,0.22,0.65,True,,North America,usa,1
332,gwendolynn,female,female,female,0.01,0.75,0.24,0.63,True,,Europe,great_britain,1
333,gregoris,male,male,male,0.93,0.01,0.06,0.89,True,,Europe,greece,1
334,yun-ji,female,female,unisex,0.03,0.05,0.92,0.87,False,,Asia,korea,1
335,franzsepp,male,male,male,0.95,0.0,0.05,0.92,True,,Europe,swiss,1
336,magnolia,female,female,unisex,0.01,0.43,0.56,0.33,False,,North America,usa,1
337,hariclia,female,female,unisex,0.23,0.21,0.56,0.34,False,,Europe,romania,1
338,erand,male,male,unisex,0.4,0.05,0.55,0.32,False,,Europe,albania,1
339,dolph,male,male,male,0.74,0.01,0.25,0.62,True,,North America,usa,1
340,kittie,female,female,unisex,0.01,0.14,0.85,0.78,False,,Europe,the_netherlands|denmark,2
341,pyrros,male,male,male,0.9,0.02,0.08,0.85,True,,Europe,greece,1
342,yanushka,female,female,female,0.28,0.63,0.09,0.45,True,,Europe,bulgaria,1
343,eckehard,male,male,male,0.93,0.0,0.07,0.89,True,,Europe,east_frisia|germany|austria,3
344,bojčo,male,male,male,0.94,0.02,0.04,0.9,True,,Europe,macedonia,1
345,margeir,male,male,male,0.86,0.02,0.12,0.79,True,,Europe,iceland,1
346,elviro,male,male,male,0.88,0.02,0.1,0.82,True,,Europe,italy,1
347,fiorinda,female,female,female,0.22,0.55,0.23,0.33,True,,Europe,italy,1
348,anandarajah,male,male,male,0.74,0.01,0.25,0.61,True,,Asia,india,1
349,petar,male,male,male,0.97,0.0,0.03,0.95,True,,Europe,bulgaria|bosniaand|croatia|macedonia|montenegro|serbia,6
350,chanwook,male,male,unisex,0.49,0.01,0.5,0.25,False,,Asia,korea,1
351,bergljot,female,female,female,0.01,0.86,0.13,0.79,True,,Europe,norway,1
352,kurumi,female,female,unisex,0.06,0.09,0.85,0.77,False,,Asia,japan,1
353,cesidio,male,male,male,0.96,0.01,0.03,0.95,True,,Europe,italy,1
354,ayelet,female,female,female,0.05,0.79,0.16,0.69,True,,Middle East,israel,1
355,davion,male,male,male,0.75,0.01,0.24,0.62,True,,North America,usa,1
356,dženeta,female,female,female,0.15,0.66,0.19,0.49,True,,Europe,bosniaand,1
357,vonne,female,female,female,0.02,0.6,0.38,0.39,True,,Europe,the_netherlands,1
358,caitlín,female,female,female,0.02,0.65,0.33,0.48,True,,Europe,ireland,1
359,muhsine,female,female,unisex,0.34,0.28,0.38,0.07,False,,Middle East,turkey,1
360,jin bong,male,male,unisex,0.27,0.01,0.72,0.58,False,,Asia,korea,1
361,hödd,female,female,unisex,0.22,0.01,0.77,0.66,False,,Europe,iceland,1
362,ghislaine,female,female,female,0.08,0.67,0.25,0.51,True,,Europe,france|belgium|luxembourg|swiss,4
363,heulwen,female,female,unisex,0.16,0.28,0.56,0.34,False,,Europe,great_britain,1
364,maría-del-carmen,female,female,female,0.01,0.81,0.18,0.72,True,,Europe,spain,1
365,sweder,male,male,male,0.58,0.01,0.41,0.37,True,,Europe,the_netherlands,1
366,christoula,female,female,female,0.08,0.77,0.15,0.64,True,,Europe,greece,1
367,finny,female,female,unisex,0.3,0.03,0.67,0.51,False,,Europe,swiss,1
368,vsevolods,male,male,male,0.97,0.02,0.01,0.95,True,,Europe,latvia,1
369,syrja,female,female,male,0.51,0.1,0.39,0.27,False,,Europe,albania,1
370,manu,male,male,male,0.65,0.02,0.33,0.48,True,,Europe,spain|finland,2
371,cowan,male,male,unisex,0.45,0.0,0.55,0.32,False,,Europe,great_britain,1
372,henri,male,male,male,0.87,0.0,0.13,0.8,True,,Europe,malta|france|belgium|luxembourg|the_netherlands|swiss|denmark|finland|albania,9
373,santa,female,female,male,0.61,0.06,0.33,0.42,False,,Europe,italy|swiss|latvia|bulgaria,4
374,delyanka,female,female,female,0.16,0.7,0.14,0.55,True,,Europe,bulgaria,1
375,are,male,male,unisex,0.15,0.02,0.83,0.73,False,,Europe,norway|estonia,2
376,haraldur,male,male,male,0.93,0.0,0.07,0.89,True,,Europe,iceland,1
377,dawid,male,male,male,0.83,0.01,0.16,0.75,True,,Europe,poland,1
378,oktay,male,male,male,0.82,0.01,0.17,0.74,True,,Mixed/ambiguous,azerbaijan|turkey,2
379,wolfhilde,female,female,female,0.02,0.88,0.1,0.82,True,,Europe,germany,1
380,anca,female,female,female,0.08,0.65,0.27,0.49,True,,Europe,romania,1
381,dore,female,female,unisex,0.49,0.02,0.49,0.23,False,,Europe,germany|austria,2
382,aagot,female,female,unisex,0.14,0.16,0.7,0.54,False,,Europe,norway,1
383,mohini,female,female,female,0.02,0.86,0.12,0.8,True,,Asia,india,1
384,siek,male,male,unisex,0.2,0.02,0.78,0.67,False,,Europe,the_netherlands|east_frisia,2
385,cira,female,female,unisex,0.15,0.26,0.59,0.38,False,,Europe,italy|spain,2
386,larysa,female,female,female,0.02,0.78,0.2,0.67,True,,Europe,belarus|ukraine,2
387,iris,female,female,female,0.01,0.68,0.31,0.52,True,,Mixed/ambiguous,ireland|italy|malta|belgium|the_netherlands|east_frisia|germany|austria|swiss|denmark|norway|sweden|finland|bosniaand|albania|israel,16
388,mamie,female,female,female,0.05,0.71,0.24,0.56,True,,North America,usa,1
389,jacomina,female,female,female,0.09,0.8,0.11,0.69,True,,Europe,the_netherlands,1
390,gerjet,male,male,unisex,0.41,0.02,0.57,0.35,False,,Europe,east_frisia,1
391,svetljo,male,male,female,0.13,0.64,0.23,0.45,False,,Europe,bulgaria,1
392,samra,female,female,unisex,0.31,0.25,0.44,0.15,False,,Europe,bosniaand|montenegro,2
393,rafn,male,male,male,0.73,0.02,0.25,0.59,True,,Europe,iceland,1
394,vuko,male,male,male,0.67,0.03,0.3,0.5,True,,Europe,bosniaand,1
395,hae sung,male,male,unisex,0.34,0.01,0.65,0.47,False,,Asia,korea,1
396,hannakaisa,female,female,female,0.14,0.44,0.42,0.16,True,,Europe,finland,1
397,panče,male,male,male,0.72,0.08,0.2,0.59,True,,Europe,macedonia,1
398,sharyl,female,female,female,0.01,0.58,0.41,0.37,True,,North America,usa,1
399,irén,female,female,female,0.07,0.64,0.29,0.46,True,,Europe,sweden|hungary,2
400,åsmund,male,male,male,0.97,0.0,0.03,0.96,True,,Europe,norway,1
401,hee-suk,mostly_male,male,unisex,0.06,0.34,0.6,0.41,False,,Asia,korea,1
402,franklyn,male,male,male,0.6799999999999999,0.01,0.31,0.53,True,,North America,usa,1
403,leith,male,male,unisex,0.34,0.0,0.66,0.48,False,,Middle East,arabia,1
404,anselmo,male,male,male,0.95,0.0,0.05,0.92,True,,Europe,italy|portugal|spain|swiss,4
405,yuuichirou,male,male,male,0.76,0.0,0.24,0.64,True,,Asia,japan,1
406,milkana,female,female,unisex,0.24,0.19,0.5700000000000001,0.35,False,,Europe,bulgaria,1
407,marsel,male,male,male,0.83,0.01,0.16,0.75,True,,Mixed/ambiguous,the_netherlands|albania|armenia|the_stans,4
408,eligija,female,female,unisex,0.14,0.34,0.52,0.28,False,,Europe,lithuania,1
409,meir,male,male,male,0.53,0.02,0.45,0.3,True,,Middle East,israel,1
410,eustachia,female,female,female,0.16,0.57,0.27,0.37,True,,Europe,italy,1
411,hatem,male,male,male,0.91,0.01,0.08,0.87,True,,Mixed/ambiguous,albania|turkey|arabia,3
412,inso,male,male,unisex,0.23,0.03,0.74,0.6,False,,Europe,east_frisia,1
413,panto,male,male,unisex,0.25,0.04,0.71,0.57,False,,Europe,montenegro,1
414,lorie,female,female,unisex,0.08,0.29,0.63,0.44,False,,North America,usa,1
415,harriett,female,female,female,0.01,0.73,0.26,0.59,True,,Mixed/ambiguous,great_britain|usa,2
416,sevleta,female,female,male,0.38,0.35,0.27,0.06,False,,Europe,bosniaand,1
417,nancie,female,female,female,0.01,0.71,0.28,0.56,True,,North America,usa,1
418,chernjo,male,male,unisex,0.23,0.02,0.75,0.62,False,,Europe,bulgaria,1
419,gjuljeta,female,female,female,0.16,0.63,0.21,0.45,True,,Europe,albania,1
420,dolly,female,female,female,0.03,0.51,0.46,0.27,True,,Mixed/ambiguous,great_britain|usa|the_netherlands|india,4
421,ejup,male,male,male,0.93,0.0,0.07,0.89,True,,Europe,kosovo|macedonia|albania,3
422,eldor,male,male,unisex,0.48,0.02,0.5,0.24,False,,Central Asia,the_stans,1
423,talon,male,male,male,0.51,0.01,0.48,0.27,True,,North America,usa,1
424,ji-hyun,female,female,unisex,0.07,0.08,0.85,0.78,False,,Asia,korea,1
425,ásgeir,male,male,male,0.97,0.0,0.03,0.95,True,,Europe,iceland,1
426,zeqie,female,female,unisex,0.3,0.04,0.66,0.49,False,,Europe,kosovo,1
427,shelby,mostly_female,female,unisex,0.18,0.07,0.75,0.63,False,,Mixed/ambiguous,great_britain|usa,2
428,nedelcu,male,male,male,0.54,0.23,0.23,0.32,True,,Europe,romania,1
429,hamdy,male,male,male,0.93,0.0,0.07,0.89,True,,Middle East,arabia,1
430,raphaela,female,female,female,0.03,0.84,0.13,0.77,True,,Europe,east_frisia|germany|austria|swiss,4
431,alisha,female,female,female,0.0,0.63,0.37,0.43,True,,Mixed/ambiguous,great_britain|usa|albania,3
432,ashely,female,female,unisex,0.07,0.17,0.76,0.65,False,,North America,usa,1
433,pave,mostly_male,male,unisex,0.35,0.03,0.62,0.43,False,,Europe,croatia,1
434,dankwart,male,male,male,0.96,0.0,0.04,0.94,True,,Europe,germany,1
435,sretko,male,male,male,0.95,0.02,0.03,0.92,True,,Europe,bosniaand|croatia|macedonia,3
436,joël,male,male,male,0.86,0.0,0.14,0.79,True,,Europe,france|belgium|luxembourg|the_netherlands|swiss,5
437,wesley,male,male,male,0.65,0.0,0.35,0.47,True,,Mixed/ambiguous,great_britain|usa|belgium,3
438,ardian,male,male,male,0.75,0.01,0.24,0.62,True,,Europe,kosovo|albania,2
439,camellia,female,female,unisex,0.01,0.48,0.51,0.27,False,,North America,usa,1
440,thérèze,female,female,female,0.05,0.83,0.12,0.75,True,,Europe,france,1
441,michala,female,female,female,0.11,0.67,0.22,0.51,True,,Europe,denmark,1
442,gianandrea,male,male,male,0.94,0.0,0.06,0.91,True,,Europe,italy,1
443,swanje,female,female,unisex,0.24,0.04,0.72,0.58,False,,Europe,east_frisia,1
444,idella,female,female,female,0.05,0.6,0.35,0.4,True,,North America,usa,1
445,petrie,female,female,male,0.6,0.01,0.39,0.4,False,,Europe,the_netherlands,1
446,iréne,female,female,female,0.01,0.74,0.25,0.61,True,,Europe,sweden,1
447,róża,female,female,female,0.04,0.77,0.19,0.65,True,,Europe,poland,1
448,eduardo,male,male,male,0.88,0.0,0.12,0.81,True,,Europe,italy|portugal|spain|swiss,4
449,jeanetta,female,female,female,0.01,0.81,0.18,0.71,True,,Mixed/ambiguous,usa|romania,2
450,juraj,male,male,male,0.88,0.01,0.11,0.83,True,,Europe,slovakia|croatia,2
451,ki-sung,male,male,unisex,0.31,0.01,0.68,0.52,False,,Asia,korea,1
452,hadie,female,female,unisex,0.48,0.03,0.49,0.23,False,,Europe,kosovo,1
453,wübbe,male,male,male,0.67,0.01,0.32,0.5,True,,Europe,east_frisia,1
454,asdrubale,male,male,male,0.94,0.01,0.05,0.91,True,,Europe,italy,1
455,gerli,female,female,male,0.41,0.2,0.39,0.11,False,,Europe,estonia,1
456,ottaviano,male,male,male,1.0,0.0,0.0,0.99,True,,Europe,italy,1
457,heung-kyun,male,male,male,0.56,0.01,0.43,0.34,True,,Asia,korea,1
458,zäzilia,female,female,female,0.05,0.76,0.19,0.65,True,,Europe,austria,1
459,nikoletta,female,female,female,0.01,0.87,0.12,0.81,True,,Europe,hungary|greece,2
460,pascale,female,female,male,0.55,0.16,0.29,0.32,False,,Europe,france|belgium|luxembourg|swiss,4
461,gheorghi,male,male,male,0.92,0.01,0.07,0.87,True,,Europe,romania,1
462,hameed,male,male,male,0.95,0.0,0.05,0.93,True,,Middle East,arabia,1
463,hendrelino,male,male,male,0.73,0.09,0.18,0.6,True,,Europe,portugal,1
464,nari,female,female,unisex,0.07,0.32,0.61,0.41,False,,Asia,korea,1
465,radmil,male,male,male,0.76,0.04,0.2,0.64,True,,Europe,macedonia,1
466,janae,female,female,female,0.02,0.64,0.34,0.47,True,,North America,usa,1
467,durim,male,male,unisex,0.3,0.04,0.66,0.5,False,,Europe,kosovo|albania,2
468,ivans,male,male,male,0.79,0.02,0.19,0.7,True,,Europe,latvia,1
469,rejane,female,female,unisex,0.16,0.36,0.48,0.21,False,,Europe,luxembourg,1
470,costanzo,male,male,male,0.98,0.0,0.02,0.96,True,,Europe,italy,1
471,silvan,male,male,male,0.71,0.04,0.25,0.57,True,,Europe,malta|swiss|czech_republic|slovenia|albania,5
472,mia,female,female,unisex,0.01,0.46,0.53,0.3,False,,Mixed/ambiguous,usa|italy|belgium|the_netherlands|east_frisia|denmark|norway|sweden|finland|romania|bosniaand|croatia,12
473,gerbrand,male,male,male,0.96,0.0,0.04,0.94,True,,Europe,the_netherlands,1
474,aurelius,male,male,male,0.97,0.0,0.03,0.95,True,,Europe,austria,1
475,annalee,female,female,female,0.01,0.79,0.2,0.69,True,,North America,usa,1
476,didio,male,male,male,0.62,0.04,0.34,0.44,True,,Europe,spain,1
477,arkadijus,male,male,male,0.89,0.02,0.09,0.83,True,,Europe,lithuania,1
478,dmitriy,male,male,male,0.77,0.0,0.23,0.65,True,,Mixed/ambiguous,russia|belarus|ukraine|azerbaijan|the_stans,5
479,ubalda,female,female,male,0.83,0.06,0.11,0.74,False,,Europe,italy,1
480,carleton,male,male,male,0.61,0.0,0.39,0.42,True,,North America,usa,1
481,philip,male,male,male,0.74,0.0,0.26,0.6,True,,Mixed/ambiguous,great_britain|ireland|usa|malta|belgium|the_netherlands|germany|austria|swiss|denmark|norway|sweden|israel,13
482,christoforos,male,male,male,0.98,0.0,0.02,0.97,True,,Europe,greece,1
483,songjin,mostly_male,male,unisex,0.21,0.03,0.76,0.64,False,,Asia,korea,1
484,rickelt,male,male,unisex,0.44,0.03,0.53,0.29,False,,Europe,east_frisia,1
485,sigurþór,male,male,male,0.93,0.0,0.07,0.9,True,,Europe,iceland,1
486,lazzat,female,female,unisex,0.35,0.22,0.43,0.15,False,,Central Asia,the_stans,1
487,arata,mostly_female,female,male,0.82,0.01,0.17,0.73,False,,Asia,japan,1
488,vincianne,female,female,female,0.03,0.81,0.16,0.72,True,,Europe,france,1
489,halsten,male,male,male,0.8,0.0,0.2,0.69,True,,Europe,sweden,1
490,hilmer,male,male,male,0.65,0.01,0.34,0.48,True,,Europe,east_frisia|denmark,2
491,kleanthos,male,male,male,0.97,0.01,0.02,0.97,True,,Europe,greece,1
492,sook,mostly_female,female,unisex,0.11,0.16,0.73,0.6,False,,Asia,korea,1
493,polytimi,female,female,unisex,0.35,0.27,0.38,0.07,False,,Europe,greece,1
494,nadège,female,female,female,0.03,0.86,0.11,0.8,True,,Europe,france|belgium|luxembourg|swiss,4
495,romilda,female,female,female,0.07,0.84,0.09,0.77,True,,Europe,italy,1
496,hajri,female,female,female,0.1,0.62,0.28,0.42,True,,Europe,kosovo|montenegro|albania,3
497,dorien,female,female,unisex,0.17,0.39,0.44,0.17,False,,Europe,belgium|the_netherlands,2
498,aodhan,male,male,male,0.93,0.0,0.07,0.89,True,,Europe,great_britain,1
499,nazmie,female,female,female,0.07,0.64,0.29,0.46,True,,Europe,kosovo|macedonia|albania,3
500,sipke,mostly_male,male,male,0.59,0.04,0.37,0.39,True,,Europe,the_netherlands,1
501,boudy,female,female,unisex,0.22,0.03,0.75,0.63,False,,Europe,the_netherlands,1
502,eveleen,female,female,female,0.02,0.67,0.31,0.51,True,,Europe,great_britain,1
503,justyna,female,female,female,0.01,0.92,0.07,0.89,True,,Europe,poland,1
504,dicle,female,female,female,0.07,0.66,0.27,0.48,True,,Middle East,turkey,1
505,aodhán,male,male,male,0.98,0.0,0.02,0.97,True,,Europe,ireland,1
506,johar,female,female,male,0.88,0.0,0.12,0.81,False,,Middle East,arabia,1
507,loron,mostly_male,male,unisex,0.25,0.02,0.73,0.6,False,,North America,usa,1
508,king,male,male,unisex,0.48,0.0,0.52,0.28,False,,North America,usa,1
509,sathiyaseelan,male,male,male,0.96,0.01,0.03,0.95,True,,Asia,india,1
510,lidwina,female,female,female,0.01,0.9,0.09,0.85,True,,Europe,the_netherlands|germany|austria,3
511,hippolytus,male,male,male,0.95,0.01,0.04,0.92,True,,Europe,germany,1
512,brandee,female,female,unisex,0.05,0.47,0.48,0.23,False,,North America,usa,1
513,reiko,female,female,female,0.01,0.51,0.48,0.26,True,,Mixed/ambiguous,east_frisia|japan,2
514,langdon,male,male,unisex,0.34,0.0,0.66,0.49,False,,North America,usa,1
515,eusébio,male,male,male,0.95,0.0,0.05,0.93,True,,Europe,portugal,1
516,urta,female,female,unisex,0.31,0.12,0.57,0.36,False,,Europe,germany,1
517,anoeska,female,female,female,0.17,0.72,0.11,0.58,True,,Europe,the_netherlands,1
518,somasundaram,male,male,male,0.83,0.01,0.16,0.76,True,,Asia,india,1
519,santine,female,female,unisex,0.29,0.19,0.52,0.27,False,,Europe,the_netherlands,1
520,hilderose,female,female,female,0.02,0.7,0.28,0.55,True,,Europe,germany,1
521,ovidiu,male,male,male,0.82,0.01,0.17,0.74,True,,Europe,romania,1
522,fraukje,female,female,female,0.19,0.45,0.36,0.18,True,,Europe,the_netherlands,1
523,elselien,female,female,female,0.04,0.71,0.25,0.56,True,,Europe,the_netherlands,1
524,selin,female,female,female,0.08,0.49,0.43,0.23,True,,Middle East,turkey,1
525,crişan,male,male,male,0.76,0.02,0.22,0.64,True,,Europe,romania,1
526,chaim,male,male,male,0.8,0.01,0.19,0.7,True,,Middle East,israel,1
527,lindemarie,female,female,female,0.02,0.74,0.24,0.6,True,,Europe,germany,1
528,hrannar,male,male,male,0.9400000000000001,0.0,0.06,0.9,True,,Europe,iceland,1
529,mirkku,female,female,male,0.45,0.14,0.41,0.18,False,,Europe,finland,1
530,su ok,female,female,unisex,0.23,0.02,0.75,0.62,False,,Asia,korea,1
531,lukrecija,female,female,female,0.08,0.84,0.08,0.76,True,,Europe,bulgaria|croatia,2
532,violina,female,female,female,0.09,0.81,0.1,0.72,True,,Europe,bulgaria|moldova,2
533,stanoy,male,male,male,0.97,0.01,0.02,0.96,True,,Europe,bulgaria,1
534,vents,male,male,unisex,0.23,0.02,0.75,0.64,False,,Europe,latvia,1
535,ziv,male,male,unisex,0.43,0.03,0.54,0.3,False,,Middle East,israel,1
536,melchor,male,male,male,0.97,0.0,0.03,0.95,True,,Europe,spain,1
537,efthemia,female,female,female,0.02,0.83,0.15,0.74,True,,Europe,greece,1
538,leonardas,male,male,female,0.33,0.5,0.17,0.25,False,,Europe,lithuania,1
539,marrit,female,female,unisex,0.34,0.09,0.57,0.36,False,,Europe,the_netherlands,1
540,maivor,female,female,unisex,0.41,0.07,0.52,0.27,False,,Europe,sweden,1
541,avram,male,male,male,0.91,0.01,0.08,0.87,True,,Mixed/ambiguous,romania|serbia|albania|israel,4
542,ingigerður,female,female,female,0.05,0.92,0.03,0.88,True,,Europe,iceland,1
543,artemie,male,male,female,0.16,0.6,0.24,0.4,False,,Europe,romania,1
544,veikko,male,male,male,0.88,0.0,0.12,0.82,True,,Europe,finland,1
545,mioko,female,female,unisex,0.05,0.42,0.53,0.29,False,,Asia,japan,1
546,sandro,male,male,male,0.72,0.01,0.27,0.58,True,,Mixed/ambiguous,italy|malta|spain|swiss|armenia|georgia,6
547,jin hyung,male,male,unisex,0.39,0.01,0.6,0.41,False,,Asia,korea,1
548,artemia,female,female,female,0.04,0.84,0.12,0.76,True,,Europe,italy,1
549,stojanka,female,female,female,0.22,0.53,0.25,0.31,True,,Europe,bulgaria|bosniaand|macedonia|montenegro|serbia,5
550,hafsteinn,male,male,male,0.97,0.0,0.03,0.95,True,,Europe,iceland,1
551,candide,mostly_female,female,male,0.52,0.09,0.39,0.28,False,,Europe,france,1
552,keum-ja,female,female,unisex,0.1,0.24,0.66,0.49,False,,Asia,korea,1
553,bette,female,female,unisex,0.04,0.43,0.53,0.29,False,,Mixed/ambiguous,great_britain|usa|east_frisia,3
554,kouichi,male,male,male,0.63,0.0,0.37,0.44,True,,Asia,japan,1
555,cuthbert,male,male,male,0.85,0.0,0.15,0.76,True,,Europe,great_britain,1
556,agnes,female,female,female,0.01,0.82,0.17,0.74,True,,Europe,great_britain|ireland|malta|belgium|the_netherlands|east_frisia|germany|austria|swiss|iceland|denmark|norway,12
557,klaidas,male,male,male,0.87,0.06,0.07,0.81,True,,Europe,lithuania,1
558,lindo,male,male,unisex,0.24,0.21,0.55,0.33,False,,Europe,italy,1
559,windy,female,female,unisex,0.08,0.02,0.9,0.85,False,,North America,usa,1
560,shprinza,female,female,female,0.31,0.4,0.29,0.09,True,,Middle East,israel,1
561,etem,male,male,unisex,0.31,0.05,0.64,0.46,False,,Mixed/ambiguous,kosovo|turkey,2
562,lynn,mostly_female,female,unisex,0.02,0.29,0.6900000000000001,0.53,False,,Mixed/ambiguous,great_britain|ireland|usa,3
563,purvoleta,female,female,male,0.45,0.22,0.33,0.17,False,,Europe,bulgaria,1
564,mowlud,male,male,male,0.77,0.0,0.23,0.65,True,,Caucasus,azerbaijan,1
565,bronagh,female,female,female,0.03,0.76,0.21,0.64,True,,Europe,great_britain|ireland,2
566,einike,female,female,unisex,0.26,0.14,0.6,0.39,False,,Europe,estonia,1
567,friedebert,male,male,male,0.89,0.01,0.1,0.84,True,,Europe,germany,1
568,bedrije,female,female,female,0.17,0.58,0.25,0.36,True,,Europe,kosovo|albania,2
569,kwang-tae,male,male,male,0.67,0.0,0.33,0.5,True,,Asia,korea,1
570,maritta,female,female,female,0.04,0.66,0.3,0.49,True,,Europe,germany|austria|finland,3
571,gerina,female,female,unisex,0.18,0.26,0.56,0.33,False,,Europe,italy,1
572,xaveer,male,male,male,0.97,0.0,0.03,0.95,True,,Europe,the_netherlands,1
573,rotger,male,male,male,0.83,0.0,0.17,0.74,True,,Europe,germany,1
574,mitat,male,male,male,0.47,0.09,0.44,0.21,True,,Europe,kosovo|macedonia|albania,3
575,yıldız,female,female,unisex,0.17,0.12,0.71,0.58,False,,Middle East,turkey,1
576,călina,female,female,female,0.12,0.67,0.21,0.51,True,,Europe,romania,1
577,un-sook,female,female,female,0.04,0.73,0.23,0.59,True,,Asia,korea,1
578,katiusa,female,female,female,0.09,0.65,0.26,0.48,True,,Europe,romania,1
579,edmond,male,male,male,0.74,0.01,0.25,0.6,True,,Mixed/ambiguous,ireland|usa|malta|france|belgium|luxembourg|swiss|kosovo|montenegro|albania|armenia,11
580,yu-xue,andy,unisex,unisex,0.08,0.13,0.79,0.7,True,,Unspecified,,0
581,siru,female,female,unisex,0.19,0.05,0.76,0.64,False,,Europe,finland,1
582,geelt,male,male,unisex,0.31,0.08,0.61,0.41,False,,Europe,east_frisia,1
583,toke,male,male,unisex,0.21,0.04,0.75,0.62,False,,Europe,denmark,1
584,elodie,female,female,female,0.01,0.72,0.27,0.58,True,,Europe,france|belgium|luxembourg|swiss,4
585,xiangling,andy,unisex,unisex,0.21,0.07,0.72,0.57,True,,Unspecified,,0
586,yeva,female,female,unisex,0.19,0.29,0.52,0.28,False,,Caucasus,armenia,1
587,bjarnhild,female,female,female,0.03,0.84,0.13,0.77,True,,Europe,norway,1
588,benedict,male,male,male,0.95,0.01,0.04,0.93,True,,Mixed/ambiguous,great_britain|usa|belgium|germany|austria|swiss|romania,7
589,myungok,female,female,unisex,0.12,0.11,0.77,0.65,False,,Asia,korea,1
590,clio,female,female,female,0.04,0.64,0.32,0.46,True,,Europe,italy,1
591,suzan,female,female,female,0.01,0.77,0.22,0.65,True,,Mixed/ambiguous,usa|belgium|the_netherlands|kosovo|turkey,5
592,oddny,female,female,female,0.08,0.73,0.19,0.59,True,,Europe,norway,1
593,carolus,male,male,male,0.94,0.0,0.06,0.91,True,,Europe,belgium|the_netherlands|east_frisia,3
594,elrike,female,female,female,0.08,0.48,0.44,0.22,True,,Europe,germany,1
595,stojan,male,male,male,0.9299999999999999,0.01,0.06,0.91,True,,Europe,bulgaria|bosniaand|macedonia|montenegro|serbia|slovenia,6
596,baler,male,male,unisex,0.38,0.01,0.61,0.42,False,,Middle East,turkey,1
597,wernher,male,male,male,0.9400000000000001,0.0,0.06,0.9,True,,Europe,germany,1
598,pavao,male,male,male,0.96,0.01,0.03,0.95,True,,Europe,croatia,1
599,shloma,male,male,male,0.77,0.01,0.22,0.66,True,,Middle East,israel,1
600,noralf,male,male,male,0.78,0.01,0.21,0.68,True,,Europe,norway,1
601,berkan,male,male,male,0.51,0.05,0.44,0.27,True,,Middle East,turkey,1
602,stephanie,female,female,female,0.01,0.71,0.28,0.56,True,,Mixed/ambiguous,great_britain|ireland|usa|malta|belgium|the_netherlands|east_frisia|germany|austria|swiss|sweden,11
603,feico,male,male,male,0.49,0.04,0.47,0.23,True,,Europe,the_netherlands,1
604,zoriţa,female,female,female,0.06,0.89,0.05,0.83,True,,Europe,romania,1
605,rikio,male,male,male,0.61,0.03,0.36,0.42,True,,Asia,japan,1
606,derryl,male,male,male,0.66,0.01,0.33,0.5,True,,North America,usa,1
607,leatrice,female,female,female,0.03,0.68,0.28,0.52,True,,North America,usa,1
608,jera,female,female,unisex,0.14,0.18,0.68,0.52,False,,Europe,albania,1
609,cvyatka,female,female,male,0.51,0.32,0.17,0.27,False,,Europe,bulgaria,1
610,aschwin,male,male,male,0.78,0.01,0.21,0.68,True,,Europe,the_netherlands,1
611,munro,male,male,unisex,0.43,0.0,0.57,0.35,False,,Europe,great_britain,1
612,aaltien,female,female,male,0.44,0.27,0.29,0.16,False,,Europe,the_netherlands|east_frisia,2
613,geriet,mostly_male,male,male,0.54,0.07,0.39,0.31,True,,Europe,east_frisia,1
614,surjit,mostly_male,male,male,0.87,0.01,0.12,0.81,True,,Asia,india,1
615,heiðbjört,female,female,female,0.02,0.84,0.14,0.77,True,,Europe,iceland,1
616,triantafyllia,female,female,female,0.02,0.96,0.02,0.94,True,,Europe,greece,1
617,inés,female,female,female,0.01,0.8,0.19,0.71,True,,Europe,spain,1
618,holta,female,female,unisex,0.09,0.03,0.88,0.82,False,,Europe,albania,1
619,kreszentia,female,female,female,0.02,0.93,0.05,0.89,True,,Europe,germany|austria|swiss,3
620,kuanysh,male,male,male,0.66,0.02,0.32,0.5,True,,Central Asia,the_stans,1
621,pietro,male,male,male,0.96,0.0,0.04,0.93,True,,Europe,italy|malta|swiss,3
622,genelyn,female,female,female,0.02,0.58,0.4,0.36,True,,North America,usa,1
623,isuf,male,male,male,0.91,0.01,0.08,0.86,True,,Europe,kosovo|macedonia|albania,3
624,silvaine,female,female,female,0.16,0.57,0.27,0.35,True,,Europe,france,1
625,lodovica,female,female,female,0.04,0.82,0.14,0.74,True,,Europe,italy,1
626,mauro,male,male,male,0.93,0.0,0.07,0.89,True,,Europe,italy|malta|spain|swiss,4
627,maryna,female,female,female,0.02,0.92,0.06,0.87,True,,Europe,belarus|ukraine,2
628,hristofor,male,male,male,0.96,0.0,0.04,0.94,True,,Europe,romania|bulgaria,2
629,vittorina,female,female,female,0.05,0.92,0.03,0.88,True,,Europe,italy|malta|swiss,3
630,kennan,male,male,male,0.69,0.0,0.31,0.53,True,,North America,usa,1
631,rivi,female,female,unisex,0.29,0.17,0.54,0.32,False,,Middle East,israel,1
632,ebo,male,male,unisex,0.31,0.03,0.66,0.48,False,,Europe,italy|east_frisia,2
633,bernita,female,female,female,0.01,0.87,0.12,0.81,True,,Mixed/ambiguous,usa|the_netherlands,2
634,sirle,female,female,unisex,0.34,0.08,0.58,0.37,False,,Europe,estonia,1
635,ilijanka,female,female,female,0.05,0.83,0.12,0.75,True,,Europe,bulgaria,1
636,afif,male,male,male,0.72,0.02,0.26,0.58,True,,Middle East,arabia,1
637,heliodoro,male,male,male,0.98,0.0,0.02,0.96,True,,Europe,portugal|spain,2
638,seung gu,male,male,unisex,0.47,0.01,0.52,0.28,False,,Asia,korea,1
639,asja,female,female,female,0.07,0.63,0.3,0.45,True,,Europe,latvia|bulgaria|bosniaand,3
640,othon,male,male,male,0.91,0.0,0.09,0.86,True,,Europe,france,1
641,karit,female,female,unisex,0.28,0.03,0.69,0.53,False,,Europe,estonia,1
642,tessel,female,female,unisex,0.17,0.17,0.66,0.49,False,,Europe,the_netherlands,1
643,tamika,female,female,female,0.0,0.83,0.17,0.74,True,,North America,usa,1
644,elenore,female,female,female,0.01,0.74,0.25,0.6,True,,Europe,germany|austria,2
645,aviva,female,female,female,0.01,0.86,0.13,0.8,True,,Middle East,israel,1
646,emmaliese,female,female,female,0.02,0.66,0.32,0.49,True,,Europe,germany,1
647,julio,male,male,male,0.83,0.02,0.15,0.74,True,,Europe,spain,1
648,linda,female,female,female,0.01,0.67,0.32,0.51,True,,Mixed/ambiguous,great_britain|ireland|usa|italy|france|belgium|luxembourg|the_netherlands|east_frisia|germany|austria|swiss|iceland|denmark|norway|sweden|finland|estonia|latvia|czech_republic|kosovo|israel,22
649,rasalingam,male,male,male,0.87,0.01,0.12,0.8,True,,Asia,india,1
650,nevena,female,female,female,0.08,0.79,0.13,0.68,True,,Europe,bulgaria|bosniaand|croatia|macedonia|montenegro|serbia|russia,7
651,shikibu,female,female,unisex,0.18,0.33,0.49,0.24,False,,Asia,japan,1
652,rianne,female,female,female,0.02,0.61,0.37,0.41,True,,Europe,the_netherlands,1
653,romelia,female,female,female,0.04,0.64,0.32,0.46,True,,Europe,romania,1
654,boğaç,male,male,male,0.98,0.0,0.02,0.96,True,,Middle East,turkey,1
655,julissa,female,female,female,0.02,0.8,0.18,0.71,True,,North America,usa,1
656,tindaro,male,male,male,0.95,0.01,0.04,0.93,True,,Europe,italy,1
657,sayo,female,female,female,0.05,0.56,0.39,0.34,True,,Asia,japan,1
658,bergný,female,female,female,0.08,0.77,0.15,0.66,True,,Europe,iceland,1
659,chong-nam,male,male,unisex,0.36,0.02,0.62,0.43,False,,Asia,korea,1
660,sven,male,male,male,0.87,0.0,0.13,0.8,True,,Europe,the_netherlands|east_frisia|germany|austria|swiss|denmark|norway|sweden|estonia,9
661,julene,female,female,female,0.13,0.51,0.36,0.27,True,,Mixed/ambiguous,usa|spain,2
662,dorukan,male,male,male,0.57,0.02,0.41,0.35,True,,Middle East,turkey,1
663,kouki,male,male,unisex,0.31,0.05,0.64,0.46,False,,Asia,japan,1
664,ruwen,male,male,unisex,0.43,0.03,0.54,0.31,False,,Europe,the_netherlands,1
665,natália,female,female,female,0.01,0.67,0.32,0.51,True,,Europe,portugal|slovakia|hungary,3
666,aric,male,male,male,0.75,0.01,0.24,0.63,True,,North America,usa,1
667,njazi,male,male,male,0.64,0.03,0.33,0.46,True,,Europe,albania,1
668,lale,female,female,female,0.09,0.48,0.43,0.21,True,,Mixed/ambiguous,azerbaijan|turkey,2
669,hyung-ki,male,male,male,0.57,0.01,0.42,0.37,True,,Asia,korea,1
670,pam,female,female,female,0.01,0.66,0.33,0.48,True,,Mixed/ambiguous,great_britain|usa,2
671,wiete,mostly_male,male,unisex,0.25,0.05,0.7,0.55,False,,Europe,east_frisia,1
672,sooja,female,female,female,0.06,0.5,0.44,0.24,True,,Asia,korea,1
673,minsu,male,male,unisex,0.18,0.08,0.74,0.61,False,,Asia,korea,1
674,benildo,male,male,male,0.97,0.0,0.03,0.95,True,,Europe,italy,1
675,brígida,female,female,female,0.03,0.9,0.07,0.85,True,,Europe,portugal|spain,2
676,friedhild,female,female,female,0.06,0.73,0.21,0.59,True,,Europe,germany,1
677,keumyoung,mostly_male,male,unisex,0.16,0.07,0.77,0.66,False,,Asia,korea,1
678,mesut,male,male,male,0.87,0.0,0.13,0.8,True,,Middle East,turkey,1
679,konca,female,female,unisex,0.26,0.22,0.52,0.27,False,,Middle East,turkey,1
680,bok-kae,male,male,unisex,0.27,0.07,0.66,0.5,False,,Asia,korea,1
681,gėnė,female,female,unisex,0.35,0.18,0.47,0.2,False,,Europe,lithuania,1
682,cairn,male,male,unisex,0.49,0.01,0.5,0.25,False,,Europe,great_britain,1
683,liudvikas,male,male,male,0.97,0.0,0.03,0.95,True,,Europe,lithuania,1
684,cornelio,male,male,male,0.93,0.0,0.07,0.9,True,,Europe,italy|spain,2
685,livnat,female,female,unisex,0.36,0.2,0.44,0.16,False,,Middle East,israel,1
686,odoarda,female,female,female,0.15,0.71,0.14,0.56,True,,Europe,italy,1
687,bjarnþóra,female,female,female,0.06,0.88,0.06,0.82,True,,Europe,iceland,1
688,boyanka,female,female,female,0.37,0.5,0.13,0.25,True,,Europe,bulgaria,1
689,aulay,male,male,unisex,0.41,0.01,0.58,0.37,False,,Europe,great_britain,1
690,carmo,female,female,unisex,0.4,0.03,0.57,0.36,False,,Europe,portugal,1
691,paško,male,male,male,0.91,0.04,0.05,0.87,True,,Europe,croatia,1
692,eibhlis,female,female,female,0.07,0.76,0.17,0.65,True,,Europe,ireland,1
693,sanyi,male,male,unisex,0.32,0.09,0.59,0.4,False,,Europe,hungary,1
694,sait,male,male,male,0.52,0.01,0.47,0.28,True,,Mixed/ambiguous,kosovo|macedonia|turkey,3
695,safta,female,female,male,0.59,0.08,0.33,0.38,False,,Europe,romania,1
696,lee,mostly_male,male,unisex,0.13,0.0,0.87,0.81,False,,Mixed/ambiguous,great_britain|ireland|usa,3
697,tevfik,male,male,male,0.97,0.0,0.03,0.95,True,,Middle East,turkey,1
698,ninian,male,male,male,0.55,0.07,0.38,0.33,True,,Europe,great_britain,1
699,homaira,female,female,female,0.14,0.45,0.41,0.17,True,,Middle East,arabia,1
700,nupur,mostly_female,female,female,0.17,0.57,0.26,0.35,True,,Asia,india,1
701,tomosuke,male,male,male,0.77,0.0,0.23,0.64,True,,Asia,japan,1
702,priscilia,female,female,female,0.01,0.9,0.09,0.85,True,,Europe,france,1
703,brenno,male,male,male,0.98,0.0,0.02,0.97,True,,Europe,italy,1
704,jong-hak,male,male,male,0.5,0.02,0.48,0.24,True,,Asia,korea,1
705,mihrije,female,female,female,0.01,0.9,0.09,0.84,True,,Europe,kosovo,1
706,sang hoon,male,male,unisex,0.46,0.0,0.54,0.31,False,,Asia,korea,1
707,ekber,male,male,male,0.95,0.0,0.05,0.93,True,,Mixed/ambiguous,azerbaijan|turkey,2
708,logi,male,male,unisex,0.4,0.02,0.58,0.37,False,,Europe,iceland,1
709,jevgeni,male,male,male,0.7,0.02,0.28,0.55,True,,Mixed/ambiguous,estonia|russia|belarus|ukraine|the_stans,5
710,magda,female,female,female,0.07,0.7,0.23,0.54,True,,Mixed/ambiguous,italy|spain|belgium|the_netherlands|east_frisia|germany|austria|swiss|denmark|norway|czech_republic|slovakia|hungary|romania|bulgaria|slovenia|greece|georgia,18
711,hafiza,female,female,female,0.12,0.59,0.29,0.39,True,,Europe,bosniaand,1
712,youssif,male,male,male,0.92,0.01,0.07,0.89,True,,Middle East,arabia,1
713,bjinse,male,male,unisex,0.14,0.02,0.84,0.77,False,,Europe,the_netherlands,1
714,ulya,female,female,female,0.04,0.64,0.32,0.45,True,,Caucasus,azerbaijan,1
715,gligorije,male,male,male,0.97,0.01,0.02,0.96,True,,Europe,serbia,1
716,tija,female,female,unisex,0.19,0.31,0.5,0.25,False,,Europe,latvia,1
717,roslin,male,male,unisex,0.32,0.03,0.65,0.47,False,,Europe,great_britain,1
718,dionýz,male,male,male,0.96,0.01,0.03,0.94,True,,Europe,slovakia,1
719,sudeshna,female,female,female,0.03,0.9,0.07,0.85,True,,Asia,india,1
720,armandina,female,female,female,0.05,0.89,0.06,0.84,True,,Europe,portugal|spain,2
721,sari,female,female,female,0.03,0.64,0.33,0.47,True,,Mixed/ambiguous,finland|arabia|israel,3
722,styliani,female,female,female,0.05,0.8,0.15,0.69,True,,Europe,greece,1
723,ferdous,female,female,unisex,0.06,0.46,0.48,0.22,False,,Middle East,arabia,1
724,alkis,male,male,male,0.6,0.05,0.35,0.4,True,,Europe,greece,1
725,sherwood,male,male,male,0.55,0.0,0.45,0.32,True,,North America,usa,1
726,flavie,female,female,female,0.03,0.72,0.25,0.58,True,,Europe,france|belgium,2
727,geronda,female,female,male,0.87,0.04,0.09,0.8,False,,Europe,romania,1
728,ingvarda,female,female,female,0.13,0.74,0.13,0.61,True,,Europe,norway,1
729,sejer,male,male,male,0.5599999999999999,0.02,0.42,0.35,True,,Europe,denmark,1
730,elisabelle,female,female,female,0.01,0.75,0.24,0.63,True,,Europe,france,1
731,boksoon,female,female,unisex,0.22,0.07,0.71,0.56,False,,Asia,korea,1
732,ingke,female,female,unisex,0.3,0.03,0.67,0.51,False,,Europe,east_frisia,1
733,gracija,female,female,female,0.11,0.71,0.18,0.57,True,,Europe,montenegro,1
734,binnur,female,female,female,0.04,0.79,0.17,0.69,True,,Middle East,turkey,1
735,rosanda,female,female,female,0.14,0.55,0.31,0.32,True,,Europe,croatia|serbia,2
736,grisha,male,male,male,0.69,0.09,0.22,0.54,True,,Mixed/ambiguous,bulgaria|russia|belarus|ukraine|armenia,5
737,cholsoon,female,female,unisex,0.2,0.02,0.78,0.68,False,,Asia,korea,1
738,kuldeep,mostly_male,male,male,0.86,0.01,0.13,0.79,True,,Asia,india,1
739,sirko,male,male,male,0.69,0.05,0.26,0.54,True,,Europe,east_frisia,1
740,joo-hyung,male,male,unisex,0.44,0.0,0.56,0.33,False,,Asia,korea,1
741,athina,female,female,female,0.01,0.92,0.07,0.89,True,,Europe,albania|greece,2
742,friedlies,female,female,unisex,0.21,0.19,0.6,0.41,False,,Europe,germany,1
743,valdemaro,male,male,male,0.96,0.0,0.04,0.93,True,,Europe,italy,1
744,cally,mostly_female,female,unisex,0.34,0.03,0.63,0.45,False,,Mixed/ambiguous,great_britain|usa,2
745,rajinder,mostly_male,male,male,0.83,0.0,0.17,0.73,True,,Asia,india,1
746,gibora,female,female,unisex,0.34,0.09,0.56,0.35,False,,Middle East,israel,1
747,camillo,male,male,male,0.92,0.0,0.08,0.88,True,,Europe,italy|swiss,2
748,kairi,female,female,unisex,0.2,0.12,0.68,0.51,False,,Europe,finland|estonia,2
749,ricca,female,female,unisex,0.36,0.23,0.41,0.11,False,,Europe,italy,1
750,accursio,male,male,male,0.96,0.0,0.04,0.94,True,,Europe,italy,1
751,bríd,female,female,female,0.06,0.79,0.15,0.68,True,,Europe,ireland,1
752,olegas,male,male,male,0.94,0.04,0.02,0.91,True,,Europe,lithuania,1
753,haldis,female,female,unisex,0.4,0.12,0.48,0.23,False,,Europe,norway,1
754,valdur,male,male,male,0.92,0.01,0.07,0.89,True,,Europe,estonia,1
755,dangeras,male,male,male,0.55,0.14,0.31,0.32,True,,Europe,lithuania,1
756,vitcho,male,male,unisex,0.26,0.03,0.71,0.56,False,,Europe,bulgaria,1
757,eisine,female,female,unisex,0.21,0.32,0.47,0.22,False,,Europe,east_frisia,1
758,doan,mostly_male,male,unisex,0.1,0.0,0.9,0.84,False,,Asia,vietnam,1
759,mariea,female,female,female,0.02,0.67,0.31,0.51,True,,Europe,east_frisia|romania,2
760,michaëlle,female,female,female,0.03,0.66,0.31,0.49,True,,Europe,france,1
761,jaromír,male,male,male,0.9400000000000001,0.0,0.06,0.9,True,,Europe,czech_republic|slovakia,2
762,dae-hyun,male,male,unisex,0.43,0.0,0.5700000000000001,0.34,False,,Asia,korea,1
763,kasturi,female,female,female,0.1,0.53,0.37,0.29,True,,Asia,india,1
764,galya,female,female,female,0.08,0.6799999999999999,0.24,0.53,True,,Mixed/ambiguous,bulgaria|russia|belarus|moldova|armenia|the_stans,6
765,lizuca,female,female,unisex,0.18,0.29,0.53,0.3,False,,Europe,romania,1
766,lorinda,female,female,female,0.02,0.6799999999999999,0.3,0.53,True,,North America,usa,1
767,joko,male,male,unisex,0.42,0.03,0.55,0.32,False,,Europe,croatia|serbia,2
768,geneviève,female,female,female,0.01,0.88,0.11,0.81,True,,Europe,france|belgium|luxembourg|swiss,4
769,sejo,male,male,unisex,0.41,0.03,0.56,0.33,False,,Europe,bosniaand,1
770,tsuneo,male,male,male,0.85,0.0,0.15,0.77,True,,Asia,japan,1
771,jožef,male,male,male,0.87,0.0,0.13,0.81,True,,Europe,slovenia,1
772,sungho,male,male,male,0.57,0.0,0.43,0.35,True,,Asia,korea,1
773,gheorghina,female,female,female,0.04,0.87,0.09,0.81,True,,Europe,romania,1
774,lois,female,female,unisex,0.17,0.37,0.46,0.18,False,,Mixed/ambiguous,great_britain|usa|spain|germany|swiss,5
775,zamfira,female,female,male,0.41,0.29,0.3,0.11,False,,Europe,romania,1
776,ulfrida,female,female,female,0.02,0.9,0.08,0.85,True,,Europe,germany,1
777,masayo,female,female,unisex,0.07,0.32,0.61,0.42,False,,Asia,japan,1
778,bernhardina,female,female,female,0.04,0.89,0.07,0.84,True,,Europe,east_frisia,1
779,vando,male,male,unisex,0.45,0.02,0.53,0.3,False,,Europe,italy,1
780,vittore,male,male,male,0.98,0.0,0.02,0.96,True,,Europe,italy,1
781,berfin,female,female,female,0.02,0.76,0.22,0.64,True,,Middle East,turkey,1
782,lambrini,female,female,male,0.44,0.39,0.17,0.16,False,,Europe,greece,1
783,shelva,female,female,female,0.13,0.49,0.38,0.22,True,,North America,usa,1
784,milinka,female,female,female,0.27,0.47,0.26,0.21,True,,Europe,montenegro|serbia,2
785,yvane,female,female,unisex,0.34,0.25,0.41,0.12,False,,Europe,france,1
786,bogomila,female,female,male,0.52,0.11,0.37,0.28,False,,Europe,bulgaria,1
787,kotryna,female,female,female,0.03,0.95,0.02,0.92,True,,Europe,lithuania,1
788,regiene,female,female,unisex,0.18,0.29,0.53,0.29,False,,Europe,the_netherlands,1
789,fearne,female,female,unisex,0.18,0.27,0.55,0.33,False,,Europe,great_britain,1
790,kiyonori,male,male,male,0.62,0.01,0.37,0.43,True,,Asia,japan,1
791,troy,male,male,male,0.85,0.0,0.15,0.77,True,,Mixed/ambiguous,great_britain|usa,2
792,tadija,male,male,male,0.48,0.07,0.45,0.21,True,,Europe,croatia|serbia|slovenia,3
793,liberatina,female,female,female,0.11,0.77,0.12,0.66,True,,Europe,italy,1
794,gökhan,male,male,male,0.83,0.0,0.17,0.74,True,,Middle East,turkey,1
795,pavel,male,male,male,0.83,0.01,0.16,0.75,True,,Mixed/ambiguous,estonia|czech_republic|slovakia|romania|bulgaria|slovenia|russia|belarus|moldova|ukraine|armenia|azerbaijan|the_stans,13
796,marcelė,female,female,female,0.13,0.79,0.08,0.68,True,,Europe,lithuania,1
797,aysu,female,female,female,0.02,0.8,0.18,0.71,True,,Middle East,turkey,1
798,merje,female,female,female,0.1,0.49,0.41,0.24,True,,Europe,estonia,1
799,boaz,male,male,male,0.9400000000000001,0.0,0.06,0.9,True,,Middle East,israel,1
800,appolinaire,mostly_male,male,male,0.95,0.01,0.04,0.92,True,,Europe,france,1
801,jože,male,male,male,0.89,0.0,0.11,0.83,True,,Europe,slovenia,1
802,burghilde,female,female,female,0.07,0.79,0.14,0.7,True,,Europe,germany,1
803,houkje,female,female,unisex,0.18,0.06,0.76,0.65,False,,Europe,the_netherlands,1
804,evzal,male,male,unisex,0.32,0.3,0.38,0.08,False,,Europe,macedonia|slovenia,2
805,whitney,mostly_male,male,unisex,0.17,0.01,0.81,0.72,False,,North America,usa,1
806,keita,male,male,unisex,0.36,0.0,0.64,0.46,False,,Asia,japan,1
807,shabana,female,female,female,0.09,0.76,0.15,0.64,True,,Mixed/ambiguous,arabia|india,2
808,sjoukje,female,female,female,0.02,0.83,0.15,0.75,True,,Europe,the_netherlands,1
809,hea-jung,female,female,unisex,0.06,0.21,0.73,0.6,False,,Asia,korea,1
810,yoshikatsu,male,male,male,0.85,0.0,0.15,0.77,True,,Asia,japan,1
811,jee-hyun,female,female,unisex,0.13,0.1,0.77,0.66,False,,Asia,korea,1
812,arvenita,female,female,female,0.13,0.53,0.34,0.3,True,,Europe,kosovo,1
813,yussuf,male,male,male,0.91,0.0,0.09,0.87,True,,Middle East,arabia,1
814,aeron,female,female,male,0.6,0.06,0.34,0.41,False,,Europe,great_britain,1
815,alixe,female,female,female,0.11,0.5,0.39,0.25,True,,Europe,france,1
816,amado,male,male,male,0.73,0.02,0.25,0.59,True,,Europe,spain,1
817,sydni,female,female,unisex,0.01,0.35,0.64,0.45,False,,North America,usa,1
818,teofila,female,female,female,0.01,0.91,0.08,0.86,True,,Europe,italy|spain|romania,3
819,predrag,male,male,male,0.93,0.0,0.07,0.89,True,,Europe,bosniaand|macedonia|montenegro|serbia|slovenia,5
820,albino,male,male,unisex,0.15,0.01,0.84,0.77,False,,Europe,italy|portugal|spain|swiss,4
821,pierpaolo,male,male,male,0.89,0.0,0.11,0.82,True,,Europe,italy,1
822,genuta,female,female,unisex,0.42,0.1,0.48,0.21,False,,Europe,romania,1
823,ludmiła,female,female,female,0.01,0.9,0.09,0.84,True,,Europe,poland,1
824,gülendam,female,female,female,0.01,0.94,0.05,0.91,True,,Middle East,turkey,1
825,ladislava,female,female,female,0.08,0.79,0.13,0.69,True,,Europe,czech_republic|slovakia|slovenia,3
826,jacquelin,female,female,female,0.24,0.48,0.28,0.23,True,,Mixed/ambiguous,usa|france|the_netherlands,3
827,fokke,male,male,unisex,0.43,0.02,0.55,0.33,False,,Europe,the_netherlands|east_frisia,2
828,yasuyoshi,male,male,male,0.66,0.0,0.34,0.48,True,,Asia,japan,1
829,chrisje,female,female,unisex,0.23,0.37,0.4,0.1,False,,Europe,the_netherlands,1
830,kazumitsu,male,male,male,0.75,0.01,0.24,0.64,True,,Asia,japan,1
831,saburi,female,female,unisex,0.37,0.01,0.62,0.44,False,,Asia,japan,1
832,giseltraud,female,female,female,0.01,0.89,0.1,0.83,True,,Europe,germany,1
833,marikka,female,female,unisex,0.15,0.28,0.57,0.36,False,,Europe,austria|finland,2
834,semra,female,female,female,0.04,0.81,0.15,0.71,True,,Mixed/ambiguous,bosniaand|kosovo|macedonia|turkey,4
835,abdulla,male,male,male,0.88,0.0,0.12,0.82,True,,Mixed/ambiguous,kosovo|albania|azerbaijan|the_stans|arabia,5
836,waldburga,female,female,female,0.02,0.84,0.14,0.76,True,,Europe,germany,1
837,hursut,male,male,male,0.6900000000000001,0.01,0.3,0.52,True,,Middle East,turkey,1
838,rozario,male,male,male,0.63,0.05,0.32,0.44,True,,Europe,croatia,1
839,miradie,female,female,unisex,0.39,0.14,0.47,0.21,False,,Europe,kosovo|macedonia,2
840,marjolein,female,female,female,0.02,0.77,0.21,0.65,True,,Europe,belgium|the_netherlands,2
841,young-hee,female,female,unisex,0.01,0.34,0.65,0.48,False,,Asia,korea,1
842,bela,female,female,male,0.63,0.09,0.28,0.44,False,,Mixed/ambiguous,portugal|the_netherlands|india,3
843,hermóður,male,male,male,0.98,0.0,0.02,0.97,True,,Europe,iceland,1
844,jaronimas,male,male,male,0.78,0.09,0.13,0.68,True,,Europe,lithuania,1
845,vegim,male,male,unisex,0.18,0.04,0.78,0.68,False,,Europe,albania,1
846,aren,male,male,unisex,0.29,0.03,0.68,0.51,False,,Caucasus,armenia,1
847,gintaras,male,male,male,0.53,0.33,0.14,0.29,True,,Europe,lithuania,1
848,yi man,male,male,unisex,0.18,0.04,0.78,0.67,False,,Asia,korea,1
849,giyasettin,male,male,male,0.97,0.0,0.03,0.95,True,,Middle East,turkey,1
850,ok soon,female,female,unisex,0.06,0.02,0.92,0.87,False,,Asia,korea,1
851,ghiyath,male,male,male,0.92,0.0,0.08,0.88,True,,Middle East,arabia,1
852,mukhtar,male,male,male,0.89,0.0,0.11,0.84,True,,Mixed/ambiguous,azerbaijan|the_stans|arabia,3
853,silvia,female,female,female,0.01,0.8,0.19,0.7,True,,Europe,italy|portugal|spain|belgium|the_netherlands|east_frisia|germany|austria|swiss|estonia|czech_republic|slovakia|romania|bulgaria|moldova,15
854,darlinda,female,female,female,0.01,0.74,0.25,0.61,True,,Europe,portugal,1
855,braydon,male,male,male,0.76,0.0,0.24,0.63,True,,North America,usa,1
856,olan,male,male,unisex,0.26,0.04,0.7,0.55,False,,Europe,ireland,1
857,elizabeta,female,female,female,0.01,0.82,0.17,0.73,True,,Europe,croatia|kosovo|macedonia|slovenia|moldova,5
858,krystian,male,male,male,0.84,0.0,0.16,0.76,True,,Europe,poland,1
859,orianne,female,female,female,0.05,0.7,0.25,0.55,True,,Europe,france,1
860,eufimia,female,female,female,0.02,0.89,0.09,0.83,True,,Europe,romania,1
861,takuko,female,female,female,0.04,0.68,0.27,0.52,True,,Asia,japan,1
862,vidūnas,male,male,male,0.97,0.01,0.02,0.95,True,,Europe,lithuania,1
863,meineke,male,male,male,0.56,0.01,0.43,0.34,True,,Europe,east_frisia,1
864,yasmine,female,female,female,0.0,0.87,0.13,0.81,True,,Mixed/ambiguous,usa|swiss|arabia,3
865,arcangelo,male,male,male,0.98,0.01,0.01,0.97,True,,Europe,italy|swiss,2
866,thyge,male,male,male,0.56,0.04,0.4,0.34,True,,Europe,denmark,1
867,deondre,male,male,male,0.73,0.0,0.27,0.6,True,,North America,usa,1
868,manko,male,male,male,0.49,0.04,0.47,0.24,True,,Europe,bulgaria,1
869,ingowart,male,male,unisex,0.42,0.01,0.57,0.37,False,,Europe,germany,1
870,surya,male,male,male,0.83,0.0,0.17,0.75,True,,Asia,india,1
871,sigrunn,female,female,female,0.03,0.83,0.14,0.75,True,,Europe,norway,1
872,iluminado,male,male,male,0.89,0.0,0.11,0.82,True,,Europe,spain,1
873,manol,male,male,male,0.9,0.01,0.09,0.86,True,,Europe,bulgaria|albania,2
874,dorothea,female,female,female,0.01,0.74,0.25,0.62,True,,Europe,belgium|east_frisia|germany|austria|swiss,5
875,siebrecht,mostly_male,male,male,0.85,0.0,0.15,0.78,True,,Europe,the_netherlands,1
876,maudy,female,female,female,0.03,0.54,0.43,0.32,True,,Europe,the_netherlands,1
877,samson,male,male,male,0.93,0.0,0.07,0.88,True,,Mixed/ambiguous,great_britain|usa|iceland|romania|armenia,5
878,saimira,female,female,female,0.02,0.84,0.14,0.75,True,,Europe,albania,1
879,tae-kwon,male,male,unisex,0.36,0.01,0.63,0.43,False,,Asia,korea,1
880,fanndís,female,female,female,0.07,0.73,0.2,0.6,True,,Europe,iceland,1
881,safa-aldin,male,male,male,0.84,0.01,0.15,0.76,True,,Middle East,arabia,1
882,tobia,female,female,male,0.81,0.02,0.16,0.72,False,,Europe,italy|the_netherlands,2
883,mi suk,female,female,unisex,0.11,0.26,0.63,0.45,False,,Asia,korea,1
884,mériadec,male,male,male,0.79,0.02,0.19,0.69,True,,Europe,france,1
885,daurenbek,male,male,male,0.83,0.01,0.16,0.75,True,,Central Asia,the_stans,1
886,heyko,male,male,unisex,0.24,0.09,0.67,0.5,False,,Europe,east_frisia|germany,2
887,fazilet,female,female,female,0.04,0.74,0.22,0.62,True,,Middle East,turkey,1
888,vallis,male,male,unisex,0.46,0.06,0.48,0.22,False,,Europe,sweden,1
889,sylvía,female,female,female,0.01,0.85,0.14,0.78,True,,Europe,iceland,1
890,conan,male,male,male,0.8,0.01,0.19,0.7,True,,Mixed/ambiguous,great_britain|ireland|usa,3
891,romul,male,male,male,0.56,0.03,0.41,0.34,True,,Europe,romania,1
892,mirari,female,female,male,0.55,0.05,0.4,0.32,False,,Europe,spain,1
893,abdul-karim,male,male,male,0.94,0.0,0.06,0.91,True,,Middle East,arabia,1
894,vinga,female,female,unisex,0.21,0.23,0.56,0.33,False,,Europe,romania,1
895,nedju,male,male,unisex,0.35,0.13,0.52,0.28,False,,Europe,bulgaria,1
896,magno,male,male,male,0.93,0.0,0.07,0.89,True,,Europe,spain|estonia,2
897,ede,female,female,unisex,0.2,0.1,0.7,0.55,False,,Europe,east_frisia|estonia|hungary,3
898,eberhardt,male,male,male,0.73,0.0,0.27,0.59,True,,Europe,germany|austria,2
899,džanuna,female,female,unisex,0.18,0.17,0.65,0.48,False,,Europe,bosniaand,1
900,ok sun,female,female,unisex,0.15,0.02,0.83,0.74,False,,Asia,korea,1
901,mikal,male,male,male,0.55,0.04,0.41,0.32,True,,Europe,denmark|norway,2
902,petrişor,male,male,male,0.8,0.08,0.12,0.7,True,,Europe,romania,1
903,zvanko,male,male,male,0.75,0.04,0.21,0.62,True,,Europe,bulgaria,1
904,xandra,female,female,female,0.01,0.66,0.33,0.49,True,,Europe,the_netherlands,1
905,dru,male,male,unisex,0.32,0.03,0.65,0.48,False,,Europe,great_britain,1
906,piaras,male,male,male,0.64,0.08,0.28,0.47,True,,Europe,ireland,1
907,yeun hee,female,female,unisex,0.1,0.12,0.78,0.67,False,,Asia,korea,1
908,kouta,male,male,unisex,0.45,0.03,0.52,0.27,False,,Asia,japan,1
909,amanollah,male,male,male,0.51,0.18,0.31,0.25,True,,Middle East,arabia,1
910,min-a,female,female,unisex,0.15,0.24,0.61,0.41,False,,Asia,korea,1
911,alda,female,female,unisex,0.06,0.46,0.48,0.22,False,,Europe,italy|portugal|swiss|iceland|latvia|albania,6
912,chirilă,male,male,male,0.51,0.24,0.25,0.27,True,,Europe,romania,1
913,mende,male,male,unisex,0.17,0.01,0.82,0.73,False,,Europe,macedonia,1
914,bóthildur,female,female,female,0.03,0.91,0.06,0.86,True,,Europe,iceland,1
915,safeta,female,female,unisex,0.23,0.35,0.42,0.13,False,,Europe,bosniaand|kosovo,2
916,selvendran,male,male,male,0.97,0.0,0.03,0.95,True,,Asia,india,1
917,muazzez,female,female,female,0.02,0.77,0.21,0.65,True,,Middle East,turkey,1
918,garibaldo,male,male,male,0.9299999999999999,0.02,0.05,0.9,True,,Europe,italy,1
919,minna,female,female,unisex,0.06,0.29,0.65,0.47,False,,Mixed/ambiguous,east_frisia|germany|austria|denmark|sweden|finland|israel,7
920,ivar,male,male,male,0.85,0.0,0.15,0.77,True,,Europe,denmark|norway|sweden|estonia,4
921,szilvia,female,female,female,0.01,0.88,0.11,0.82,True,,Europe,hungary,1
922,betül,female,female,female,0.01,0.88,0.11,0.81,True,,Middle East,turkey,1
923,najia,female,female,unisex,0.03,0.47,0.5,0.25,False,,Middle East,arabia,1
924,annelinde,female,female,female,0.04,0.69,0.27,0.54,True,,Europe,germany,1
925,shigeyuki,male,male,male,0.77,0.0,0.23,0.66,True,,Asia,japan,1
926,yong-soo,male,male,unisex,0.24,0.02,0.74,0.61,False,,Asia,korea,1
927,soile,female,female,unisex,0.34,0.06,0.6,0.41,False,,Europe,finland,1
928,muslum,male,male,male,0.56,0.03,0.41,0.33,True,,Caucasus,azerbaijan,1
929,baard,male,male,male,0.79,0.01,0.2,0.68,True,,Europe,norway,1
930,nafije,female,female,female,0.13,0.52,0.35,0.28,True,,Europe,kosovo|albania,2
931,jin-sung,male,male,unisex,0.2,0.02,0.78,0.67,False,,Asia,korea,1
932,jong-chan,male,male,unisex,0.41,0.01,0.58,0.38,False,,Asia,korea,1
933,nevil,male,male,male,0.87,0.0,0.13,0.81,True,,Mixed/ambiguous,the_netherlands|albania|turkey,3
934,eugénia,female,female,female,0.01,0.93,0.06,0.9,True,,Europe,portugal|slovakia,2
935,zografia,female,female,female,0.14,0.68,0.18,0.51,True,,Europe,greece,1
936,aïda,female,female,female,0.01,0.87,0.12,0.8,True,,Europe,france|belgium,2
937,hellen,female,female,female,0.15,0.45,0.4,0.19,True,,Mixed/ambiguous,usa|the_netherlands|east_frisia|iceland,4
938,bolli,male,male,unisex,0.3,0.02,0.68,0.52,False,,Europe,iceland,1
939,jeannett,female,female,female,0.03,0.67,0.3,0.51,True,,Europe,denmark,1
940,hyojin,female,female,unisex,0.13,0.11,0.76,0.64,False,,Asia,korea,1
941,ramzy,male,male,male,0.87,0.0,0.13,0.79,True,,Middle East,arabia,1
942,nichita,female,female,male,0.79,0.03,0.18,0.67,False,,Europe,romania|moldova,2
943,geke,mostly_female,female,unisex,0.21,0.04,0.75,0.63,False,,Europe,the_netherlands,1
944,filipe,male,male,male,0.92,0.0,0.08,0.87,True,,Europe,portugal,1
945,myrna,female,female,female,0.01,0.75,0.24,0.62,True,,Mixed/ambiguous,great_britain|usa|the_netherlands|india,4
946,young jae,male,male,unisex,0.3,0.0,0.7,0.54,False,,Asia,korea,1
947,mouin,male,male,male,0.58,0.02,0.4,0.37,True,,Middle East,arabia,1
948,meaghan,female,female,female,0.0,0.51,0.49,0.26,True,,North America,usa,1
949,dietlind,female,female,female,0.02,0.77,0.21,0.66,True,,Europe,east_frisia|germany|austria|swiss,4
950,skirmantė,female,female,female,0.2,0.71,0.09,0.56,True,,Europe,lithuania,1
951,trufka,female,female,female,0.34,0.36,0.3,0.03,True,,Europe,bulgaria,1
952,sumie,female,female,female,0.03,0.56,0.41,0.34,True,,Asia,japan,1
953,lammie,female,female,unisex,0.16,0.08,0.76,0.64,False,,Europe,the_netherlands,1
954,esteri,female,female,male,0.45,0.25,0.3,0.18,False,,Europe,finland,1
955,jeong eun,female,female,unisex,0.02,0.18,0.8,0.7,False,,Asia,korea,1
956,senga,female,female,unisex,0.19,0.02,0.79,0.68,False,,Europe,great_britain,1
957,lisandra,female,female,female,0.02,0.79,0.19,0.69,True,,Europe,romania,1
958,kendra,female,female,female,0.01,0.67,0.32,0.5,True,,Mixed/ambiguous,great_britain|usa,2
959,dúi,male,male,unisex,0.2,0.03,0.77,0.66,False,,Europe,iceland,1
960,luděk,male,male,male,0.88,0.0,0.12,0.81,True,,Europe,czech_republic,1
961,adolphe,male,male,male,0.92,0.0,0.08,0.88,True,,Europe,france|belgium|luxembourg|swiss,4
962,hinderich,male,male,male,0.88,0.0,0.12,0.82,True,,Europe,east_frisia,1
963,neven,male,male,male,0.52,0.09,0.39,0.28,True,,Europe,bulgaria|bosniaand|croatia|slovenia,4
964,melker,male,male,male,0.86,0.02,0.12,0.79,True,,Europe,sweden,1
965,baukje,female,female,unisex,0.36,0.03,0.61,0.4,False,,Europe,the_netherlands,1
966,acúrcio,male,male,male,0.96,0.01,0.03,0.94,True,,Europe,portugal,1
967,stu,male,male,male,0.54,0.01,0.45,0.31,True,,North America,usa,1
968,jacky,male,male,unisex,0.39,0.08,0.53,0.3,False,,Mixed/ambiguous,great_britain|usa|france|belgium|luxembourg|swiss,6
969,parthena,female,female,female,0.04,0.83,0.13,0.74,True,,Europe,greece,1
970,jure,male,male,unisex,0.39,0.07,0.54,0.31,False,,Europe,bosniaand|croatia|slovenia,3
971,hodo,male,male,unisex,0.4,0.01,0.59,0.39,False,,Europe,albania,1
972,dís,female,female,unisex,0.16,0.28,0.5599999999999999,0.35,False,,Europe,iceland,1
973,emiko,female,female,female,0.0,0.76,0.24,0.63,True,,Asia,japan,1
974,makena,female,female,unisex,0.15,0.36,0.49,0.24,False,,North America,usa,1
975,hanke,mostly_female,female,male,0.63,0.05,0.32,0.45,False,,Europe,the_netherlands|east_frisia,2
976,dainuvīte,female,female,female,0.14,0.82,0.04,0.73,True,,Europe,latvia,1
977,alan,male,male,male,0.66,0.0,0.34,0.48,True,,Mixed/ambiguous,great_britain|ireland|usa|malta|france|belgium|swiss|denmark|estonia|czech_republic|croatia|slovenia|russia|the_stans,14
978,wardell,male,male,male,0.6,0.0,0.4,0.39,True,,North America,usa,1
979,mahsa,female,female,female,0.01,0.84,0.15,0.75,True,,Middle East,arabia,1
980,radimir,male,male,male,0.93,0.02,0.05,0.9,True,,Europe,croatia,1
981,ermino,male,male,male,0.86,0.03,0.11,0.79,True,,Europe,italy,1
982,adalberto,male,male,male,0.88,0.0,0.12,0.82,True,,Europe,italy|portugal|spain,3
983,sten,male,male,male,0.84,0.01,0.15,0.76,True,,Europe,denmark|norway|sweden|estonia,4
984,negar,female,female,female,0.04,0.66,0.3,0.5,True,,Middle East,arabia,1
985,andrius,male,male,male,0.96,0.01,0.03,0.94,True,,Europe,lithuania,1
986,edwige,female,female,female,0.04,0.83,0.13,0.75,True,,Europe,france|belgium|swiss,3
987,manana,female,female,unisex,0.19,0.06,0.75,0.64,False,,Caucasus,georgia,1
988,ulpian,male,male,male,0.95,0.0,0.05,0.91,True,,Europe,romania,1
989,mahmod,male,male,male,0.95,0.0,0.05,0.92,True,,Middle East,arabia,1
990,soniea,female,female,female,0.02,0.6,0.38,0.4,True,,Europe,romania,1
991,marieke,female,female,female,0.01,0.74,0.25,0.62,True,,Europe,belgium|the_netherlands|east_frisia,3
992,anamarija,female,female,female,0.08,0.82,0.1,0.72,True,,Europe,croatia|slovenia,2
993,kang ho,male,male,male,0.5599999999999999,0.01,0.43,0.35,True,,Asia,korea,1
994,cynthia,female,female,female,0.0,0.8,0.2,0.69,True,,Mixed/ambiguous,great_britain|usa|malta|france|belgium|luxembourg|the_netherlands|swiss,8
995,anatolio,male,male,male,0.91,0.01,0.08,0.87,True,,Europe,italy,1
996,nessa,female,female,female,0.02,0.6,0.38,0.39,True,,Europe,great_britain|ireland,2
997,markelian,male,male,male,0.85,0.01,0.14,0.77,True,,Europe,albania,1
998,kareen,female,female,female,0.02,0.57,0.41,0.36,True,,Europe,germany|austria,2
999,bodomar,male,male,male,0.52,0.03,0.45,0.28,True,,Europe,germany,1
1000,emmie,female,female,female,0.01,0.55,0.44,0.32,True,,Mixed/ambiguous,great_britain|usa,2
1001,sookyung,female,female,female,0.04,0.64,0.32,0.46,True,,Asia,korea,1
1002,jaden,mostly_male,male,unisex,0.33,0.0,0.67,0.5,False,,North America,usa,1
1003,norene,female,female,unisex,0.04,0.36,0.6,0.4,False,,North America,usa,1
1004,mi-young,female,female,unisex,0.02,0.47,0.51,0.27,False,,Asia,korea,1
1005,fruma,female,female,female,0.06,0.8,0.14,0.7,True,,Middle East,israel,1
1006,rahmi,male,male,male,0.7,0.02,0.28,0.56,True,,Mixed/ambiguous,albania|turkey,2
1007,telly,mostly_male,male,unisex,0.41,0.04,0.55,0.32,False,,North America,usa,1
1008,i̇rfan,male,male,male,0.83,0.0,0.17,0.74,True,,Middle East,turkey,1
1009,cheryll,female,female,female,0.02,0.65,0.33,0.48,True,,North America,usa,1
1010,barb,female,female,unisex,0.22,0.23,0.55,0.33,False,,North America,usa,1
1011,skye,mostly_female,female,unisex,0.06,0.22,0.72,0.58,False,,Mixed/ambiguous,great_britain|usa,2
1012,simarjit,mostly_male,male,male,0.66,0.08,0.26,0.5,True,,Asia,india,1
1013,houston,male,male,unisex,0.29,0.01,0.7,0.55,False,,North America,usa,1
1014,kale,male,male,unisex,0.19,0.03,0.78,0.67,False,,North America,usa,1
1015,alem,male,male,unisex,0.39,0.08,0.53,0.29,False,,Mixed/ambiguous,bosniaand|turkey,2
1016,jin-sook,female,female,female,0.05,0.52,0.43,0.29,True,,Asia,korea,1
1017,rajalingam,male,male,male,0.95,0.0,0.05,0.93,True,,Asia,india,1
1018,hye jung,female,female,unisex,0.04,0.12,0.84,0.76,False,,Asia,korea,1
1019,tzippora,female,female,female,0.01,0.96,0.03,0.95,True,,Middle East,israel,1
1020,bahtiyar,male,male,unisex,0.39,0.07,0.54,0.31,False,,Middle East,turkey,1
1021,sanem,female,female,unisex,0.29,0.05,0.66,0.49,False,,Middle East,turkey,1
1022,sabit,male,male,male,0.86,0.0,0.14,0.78,True,,Mixed/ambiguous,bosniaand|kosovo|albania|azerbaijan|the_stans|turkey,6
1023,sherie,female,female,female,0.01,0.71,0.28,0.56,True,,North America,usa,1
1024,hyekyung,female,female,female,0.01,0.5,0.49,0.25,True,,Asia,korea,1
1025,easton,male,male,unisex,0.39,0.0,0.61,0.4,False,,North America,usa,1
1026,galip,male,male,male,0.78,0.02,0.2,0.67,True,,Middle East,turkey,1
1027,ammaria,female,female,female,0.18,0.48,0.34,0.21,True,,Middle East,arabia,1
1028,şemsi,male,male,unisex,0.19,0.37,0.44,0.17,False,,Middle East,turkey,1
1029,yong sun,female,female,unisex,0.22,0.05,0.73,0.6,False,,Asia,korea,1
1030,temima,female,female,female,0.05,0.83,0.12,0.76,True,,Middle East,israel,1
1031,jaleel,male,male,male,0.92,0.0,0.08,0.88,True,,Mixed/ambiguous,usa|arabia,2
1032,freeman,male,male,unisex,0.4,0.0,0.6,0.39,False,,North America,usa,1
1033,nargiz,female,female,female,0.02,0.86,0.12,0.79,True,,Mixed/ambiguous,russia|azerbaijan,2
1034,joanne,female,female,female,0.01,0.59,0.4,0.39,True,,Mixed/ambiguous,great_britain|ireland|usa|malta|france|belgium|the_netherlands,7
1035,min jung,female,female,unisex,0.01,0.05,0.93,0.9,False,,Asia,korea,1
1036,havva,female,female,female,0.09,0.74,0.17,0.61,True,,Middle East,turkey,1
1037,iyana,female,female,unisex,0.08,0.36,0.56,0.34,False,,North America,usa,1
1038,freeda,female,female,female,0.02,0.74,0.24,0.61,True,,North America,usa,1
1039,donell,male,male,male,0.8,0.01,0.19,0.69,True,,North America,usa,1
1040,benjamin,male,male,male,0.8,0.0,0.2,0.7,True,,Mixed/ambiguous,great_britain|ireland|usa|malta|france|belgium|the_netherlands|east_frisia|germany|austria|swiss|denmark|poland|bosniaand|slovenia|israel,16
1041,özdemir,male,male,unisex,0.39,0.0,0.61,0.4,False,,Middle East,turkey,1
1042,shakila,female,female,female,0.01,0.88,0.11,0.83,True,,Middle East,arabia,1
1043,soultana,female,female,female,0.1,0.76,0.14,0.65,True,,Mixed/ambiguous,greece|arabia,2
1044,layne,male,male,unisex,0.29,0.02,0.69,0.55,False,,North America,usa,1
1045,herb,male,male,unisex,0.46,0.02,0.52,0.29,False,,North America,usa,1
1046,youssouf,male,male,male,0.89,0.0,0.11,0.83,True,,Middle East,arabia,1
1047,kali,female,female,unisex,0.16,0.19,0.65,0.48,False,,North America,usa,1
1048,amr,male,male,male,0.9,0.0,0.1,0.85,True,,Middle East,arabia,1
1049,lorilee,female,female,female,0.02,0.64,0.34,0.46,True,,North America,usa,1
1050,sabir,male,male,male,0.91,0.0,0.09,0.86,True,,Mixed/ambiguous,azerbaijan|turkey|arabia,3
1051,nurdagül,female,female,female,0.03,0.81,0.16,0.72,True,,Middle East,turkey,1
1052,sachiko,female,female,female,0.01,0.8,0.19,0.7,True,,Asia,japan,1
1053,yaser,male,male,male,0.9,0.0,0.1,0.85,True,,Middle East,arabia,1
1054,mylvaganam,male,male,unisex,0.43,0.01,0.56,0.34,False,,Asia,india,1
1055,anisa,female,female,female,0.02,0.67,0.31,0.5,True,,Mixed/ambiguous,bosniaand|albania|arabia,3
1056,cissy,female,female,female,0.05,0.58,0.37,0.37,True,,North America,usa,1
1057,bailee,female,female,unisex,0.18,0.05,0.77,0.65,False,,North America,usa,1
1058,selvet,male,male,unisex,0.34,0.28,0.38,0.06,False,,Middle East,turkey,1
1059,hamidollah,male,male,male,0.92,0.0,0.08,0.88,True,,Middle East,arabia,1
1060,younghwa,female,female,unisex,0.1,0.12,0.78,0.67,False,,Asia,korea,1
1061,azrielle,female,female,male,0.59,0.04,0.37,0.38,False,,North America,usa,1
1062,temur,male,male,male,0.87,0.01,0.12,0.81,True,,Mixed/ambiguous,armenia|georgia|the_stans,3
1063,yasufumi,male,male,male,0.63,0.01,0.36,0.44,True,,Asia,japan,1
1064,ataru,male,male,male,0.72,0.01,0.27,0.59,True,,Asia,japan,1
1065,chas,male,male,unisex,0.32,0.02,0.66,0.5,False,,North America,usa,1
1066,hyeon-hee,female,female,unisex,0.07,0.09,0.84,0.76,False,,Asia,korea,1
1067,dong kyu,male,male,male,0.59,0.01,0.4,0.4,True,,Asia,korea,1
1068,he-il,mostly_male,male,unisex,0.4,0.02,0.58,0.37,False,,Asia,korea,1
1069,hyon il,male,male,unisex,0.29,0.01,0.7,0.55,False,,Asia,korea,1
1070,devi,female,female,female,0.07,0.69,0.24,0.54,True,,Mixed/ambiguous,armenia|georgia|india,3
1071,litty,mostly_female,female,unisex,0.1,0.04,0.86,0.79,False,,North America,usa,1
1072,fadime,female,female,female,0.0,0.9,0.1,0.85,True,,Middle East,turkey,1
1073,hyang-mi,female,female,female,0.03,0.56,0.41,0.34,True,,Asia,korea,1
1074,arleen,female,female,female,0.0,0.66,0.34,0.49,True,,North America,usa,1
1075,huey,male,male,male,0.68,0.01,0.31,0.52,True,,North America,usa,1
1076,merl,male,male,male,0.71,0.01,0.28,0.55,True,,North America,usa,1
1077,yong-sook,female,female,female,0.06,0.52,0.42,0.27,True,,Asia,korea,1
1078,jeyarajah,male,male,male,0.8,0.0,0.2,0.69,True,,Asia,india,1
1079,kenisha,female,female,female,0.01,0.74,0.25,0.61,True,,North America,usa,1
1080,neşe,female,female,unisex,0.05,0.46,0.49,0.22,False,,Middle East,turkey,1
1081,pazia,female,female,unisex,0.23,0.28,0.49,0.23,False,,Middle East,israel,1
1082,samy,male,male,male,0.65,0.01,0.34,0.47,True,,Middle East,arabia,1
1083,krissy,female,female,unisex,0.02,0.34,0.64,0.47,False,,North America,usa,1
1084,dinorah,female,female,female,0.01,0.81,0.18,0.72,True,,Mixed/ambiguous,portugal|israel,2
1085,younjoo,female,female,unisex,0.04,0.36,0.6,0.4,False,,Asia,korea,1
1086,omid,mostly_male,male,male,0.65,0.01,0.34,0.48,True,,Mixed/ambiguous,armenia|arabia,2
1087,aryanna,female,female,female,0.01,0.68,0.31,0.52,True,,North America,usa,1
1088,rance,male,male,unisex,0.44,0.01,0.55,0.33,False,,North America,usa,1
1089,abdel-hakim,male,male,male,0.95,0.0,0.05,0.93,True,,Middle East,arabia,1
1090,ilana,female,female,female,0.05,0.68,0.27,0.52,True,,Middle East,israel,1
1091,morris,male,male,male,0.86,0.0,0.14,0.79,True,,Mixed/ambiguous,great_britain|usa|east_frisia,3
1092,namsoo,male,male,unisex,0.24,0.09,0.67,0.51,False,,Asia,korea,1
1093,janki,female,female,unisex,0.23,0.32,0.45,0.17,False,,Asia,india,1
1094,i̇slam,male,male,unisex,0.26,0.04,0.7,0.55,False,,Middle East,turkey,1
1095,shoshi,female,female,unisex,0.3,0.29,0.41,0.13,False,,Mixed/ambiguous,israel|japan,2
1096,georgine,female,female,female,0.09,0.59,0.32,0.39,True,,Mixed/ambiguous,usa|france|belgium|austria|swiss,5
1097,clarissa,female,female,female,0.03,0.72,0.25,0.58,True,,Mixed/ambiguous,great_britain|usa|italy|east_frisia|germany|austria|swiss,7
1098,mrinal,female,female,unisex,0.12,0.34,0.54,0.3,False,,Asia,india,1
1099,edris,male,male,male,0.81,0.0,0.19,0.71,True,,Middle East,arabia,1
1100,cozette,female,female,female,0.03,0.8,0.17,0.7,True,,North America,usa,1
1101,young ok,female,female,unisex,0.05,0.0,0.95,0.91,False,,Asia,korea,1
1102,osuma,female,female,unisex,0.38,0.0,0.62,0.43,False,,Asia,japan,1
1103,tzemach,male,male,male,0.82,0.02,0.16,0.73,True,,Middle East,israel,1
1104,jabari,male,male,male,0.9,0.0,0.1,0.84,True,,North America,usa,1
1105,monah,female,female,unisex,0.25,0.17,0.58,0.36,False,,Middle East,arabia,1
1106,i̇smihan,female,female,female,0.01,0.86,0.13,0.8,True,,Middle East,turkey,1
1107,abubekir,male,male,male,0.96,0.0,0.04,0.94,True,,Middle East,turkey,1
1108,timuçin,male,male,male,0.75,0.03,0.22,0.62,True,,Middle East,turkey,1
1109,uta,female,female,unisex,0.21,0.12,0.67,0.51,False,,Mixed/ambiguous,east_frisia|germany|austria|swiss|japan,5
1110,katlynn,female,female,unisex,0.0,0.45,0.55,0.32,False,,North America,usa,1
1111,efsun,mostly_female,female,unisex,0.13,0.37,0.5,0.25,False,,Middle East,turkey,1
1112,esat,male,male,unisex,0.42,0.06,0.52,0.29,False,,Mixed/ambiguous,kosovo|macedonia|albania|turkey,4
1113,jeremy,male,male,male,0.86,0.0,0.14,0.79,True,,Mixed/ambiguous,great_britain|ireland|usa|malta|swiss,5
1114,ebru,female,female,female,0.02,0.66,0.32,0.49,True,,Middle East,turkey,1
1115,dorman,male,male,male,0.6,0.0,0.4,0.39,True,,North America,usa,1
1116,bediha,female,female,female,0.12,0.45,0.43,0.17,True,,Mixed/ambiguous,kosovo|turkey,2
1117,eliahu,male,male,male,0.95,0.0,0.05,0.93,True,,Middle East,israel,1
1118,ronen,male,male,male,0.76,0.03,0.21,0.65,True,,Middle East,israel,1
1119,beste,female,female,unisex,0.26,0.06,0.68,0.52,False,,Middle East,turkey,1
1120,hayrettin,male,male,male,0.9400000000000001,0.0,0.06,0.9,True,,Middle East,turkey,1
1121,mario,male,male,male,0.91,0.0,0.09,0.86,True,,Mixed/ambiguous,usa|italy|malta|spain|belgium|the_netherlands|east_frisia|germany|austria|swiss|norway|estonia|romania|bulgaria|bosniaand|croatia|montenegro|slovenia|albania,19
1122,hwaja,female,female,unisex,0.12,0.04,0.84,0.75,False,,Asia,korea,1
1123,candace,female,female,female,0.02,0.79,0.19,0.69,True,,North America,usa,1
1124,motohiro,male,male,male,0.71,0.0,0.29,0.56,True,,Asia,japan,1
1125,muammer,male,male,male,0.96,0.0,0.04,0.94,True,,Middle East,turkey|arabia,2
1126,falak,female,female,female,0.05,0.57,0.38,0.35,True,,Middle East,arabia,1
1127,masayushi,male,male,male,0.79,0.0,0.21,0.68,True,,Asia,japan,1
1128,tokie,female,female,unisex,0.26,0.08,0.66,0.49,False,,Asia,japan,1
1129,margene,female,female,unisex,0.35,0.17,0.48,0.23,False,,North America,usa,1
1130,taher,male,male,male,0.96,0.0,0.04,0.94,True,,Middle East,arabia,1
1131,ikuo,male,male,male,0.64,0.01,0.35,0.47,True,,Asia,japan,1
1132,guzel,female,female,female,0.12,0.46,0.42,0.18,True,,Mixed/ambiguous,russia|the_stans,2
1133,carlee,female,female,unisex,0.01,0.27,0.72,0.58,False,,North America,usa,1
1134,cyrus,male,male,male,0.81,0.0,0.19,0.7,True,,Mixed/ambiguous,great_britain|usa,2
1135,shosaku,male,male,male,0.84,0.01,0.15,0.75,True,,Asia,japan,1
1136,stanislav,male,male,male,0.85,0.0,0.15,0.77,True,,Mixed/ambiguous,estonia|czech_republic|slovakia|bulgaria|croatia|montenegro|serbia|slovenia|russia|belarus|moldova|ukraine|armenia|azerbaijan|the_stans,15
1137,destini,female,female,unisex,0.17,0.34,0.49,0.24,False,,North America,usa,1
1138,masaki,male,male,male,0.59,0.01,0.4,0.39,True,,Asia,japan,1
1139,berfu,female,female,unisex,0.15,0.03,0.82,0.74,False,,Middle East,turkey,1
1140,yochanan,male,male,male,0.96,0.0,0.04,0.94,True,,Middle East,israel,1
1141,manucher,male,male,male,0.89,0.0,0.11,0.83,True,,Middle East,arabia,1
1142,shanya,female,female,female,0.02,0.61,0.37,0.41,True,,Middle East,israel,1
1143,olessja,female,female,female,0.06,0.81,0.13,0.71,True,,Mixed/ambiguous,russia|belarus|ukraine|the_stans,4
1144,minori,female,female,unisex,0.18,0.26,0.56,0.33,False,,Asia,japan,1
1145,sudipta,female,female,female,0.06,0.55,0.39,0.33,True,,Asia,india,1
1146,ghinwa,female,female,unisex,0.21,0.11,0.68,0.53,False,,Middle East,arabia,1
1147,nadwa,female,female,female,0.12,0.53,0.35,0.3,True,,Middle East,arabia,1
1148,alta,female,female,unisex,0.1,0.16,0.74,0.61,False,,Mixed/ambiguous,usa|israel,2
1149,tawnee,female,female,unisex,0.3,0.03,0.67,0.49,False,,North America,usa,1
1150,francis,male,male,male,0.68,0.01,0.31,0.52,True,,Mixed/ambiguous,great_britain|ireland|usa|malta|france|belgium|luxembourg|the_netherlands|swiss|latvia|india,11
1151,sudie,female,female,unisex,0.2,0.13,0.67,0.51,False,,North America,usa,1
1152,tosha,female,female,unisex,0.28,0.09,0.63,0.44,False,,North America,usa,1
1153,beril,female,female,female,0.14,0.48,0.38,0.22,True,,Middle East,turkey,1
1154,çetin,male,male,male,0.64,0.0,0.36,0.46,True,,Middle East,turkey,1
1155,tatsuki,male,male,unisex,0.44,0.03,0.53,0.29,False,,Asia,japan,1
1156,benton,male,male,male,0.59,0.0,0.41,0.38,True,,North America,usa,1
1157,tori,female,female,unisex,0.39,0.03,0.58,0.38,False,,North America,usa,1
1158,kyungsoon,female,female,unisex,0.22,0.03,0.75,0.62,False,,Asia,korea,1
1159,brahim,male,male,male,0.96,0.0,0.04,0.94,True,,Mixed/ambiguous,macedonia|albania|arabia,3
1160,takisha,female,female,unisex,0.04,0.45,0.51,0.26,False,,North America,usa,1
1161,ninel,female,female,unisex,0.07,0.28,0.65,0.47,False,,Mixed/ambiguous,romania|armenia|the_stans,3
1162,jenny,female,female,female,0.03,0.6,0.37,0.4,True,,Mixed/ambiguous,great_britain|ireland|usa|malta|france|belgium|the_netherlands|east_frisia|germany|austria|swiss|iceland|denmark|norway|sweden|finland|india,17
1163,şeyma,female,female,female,0.01,0.94,0.05,0.92,True,,Middle East,turkey,1
1164,dong-ho,male,male,male,0.55,0.01,0.44,0.33,True,,Asia,korea,1
1165,kandace,female,female,female,0.02,0.66,0.32,0.49,True,,North America,usa,1
1166,faron,male,male,male,0.53,0.04,0.43,0.3,True,,North America,usa,1
1167,windell,male,male,male,0.79,0.0,0.21,0.68,True,,North America,usa,1
1168,markel,male,male,male,0.93,0.0,0.07,0.89,True,,Mixed/ambiguous,usa|albania,2
1169,mansoor,male,male,male,0.96,0.0,0.04,0.94,True,,Middle East,arabia,1
1170,füsun,female,female,female,0.01,0.9,0.09,0.85,True,,Middle East,turkey,1
1171,sumiko,female,female,female,0.01,0.67,0.32,0.52,True,,Asia,japan,1
1172,buster,male,male,male,0.79,0.0,0.21,0.68,True,,North America,usa,1
1173,natela,female,female,female,0.08,0.69,0.23,0.53,True,,Mixed/ambiguous,armenia|georgia|the_stans,3
1174,kiichi,male,male,male,0.69,0.01,0.3,0.54,True,,Asia,japan,1
1175,jayla,female,female,female,0.01,0.59,0.4,0.39,True,,North America,usa,1
1176,fikret,male,male,male,0.88,0.0,0.12,0.81,True,,Mixed/ambiguous,bosniaand|kosovo|montenegro|azerbaijan|turkey,5
1177,cafer,male,male,male,0.75,0.03,0.22,0.62,True,,Middle East,turkey,1
1178,kalin,male,male,unisex,0.39,0.04,0.57,0.37,False,,Mixed/ambiguous,usa|bulgaria,2
1179,magomed,male,male,male,0.84,0.0,0.16,0.76,True,,Mixed/ambiguous,russia|belarus|azerbaijan|the_stans,4
1180,nanthakumar,male,male,male,0.88,0.0,0.12,0.81,True,,Asia,india,1
1181,eyyüp,male,male,male,0.98,0.0,0.02,0.97,True,,Middle East,turkey,1
1182,selvi,female,female,female,0.07,0.69,0.24,0.54,True,,Middle East,turkey,1
1183,schuyler,male,male,unisex,0.21,0.0,0.79,0.68,False,,North America,usa,1
1184,alia,female,female,unisex,0.05,0.47,0.48,0.22,False,,Mixed/ambiguous,usa|slovakia|azerbaijan|the_stans|arabia,5
1185,thuraisingam,male,male,male,0.54,0.01,0.45,0.32,True,,Asia,india,1
1186,freddie,mostly_male,male,male,0.59,0.01,0.4,0.39,True,,Mixed/ambiguous,great_britain|usa|malta|the_netherlands|denmark|norway|sweden,7
1187,bennet,male,male,unisex,0.16,0.03,0.81,0.72,False,,North America,usa,1
1188,goro,male,male,male,0.7,0.01,0.29,0.55,True,,Mixed/ambiguous,albania|japan,2
1189,vidya,mostly_female,female,female,0.04,0.64,0.32,0.47,True,,Asia,india,1
1190,artyom,male,male,male,0.88,0.0,0.12,0.82,True,,Mixed/ambiguous,russia|belarus|ukraine|armenia|the_stans,5
1191,sevtap,female,female,female,0.01,0.84,0.15,0.76,True,,Middle East,turkey,1
1192,reggie,male,male,male,0.65,0.01,0.34,0.48,True,,Mixed/ambiguous,great_britain|usa|the_netherlands,3
1193,austyn,male,male,unisex,0.22,0.02,0.76,0.63,False,,North America,usa,1
1194,aron,male,male,male,0.79,0.01,0.2,0.69,True,,Mixed/ambiguous,great_britain|usa|the_netherlands|germany|austria|swiss|iceland|denmark|estonia|romania|the_stans|israel|india,13
1195,pearlie,female,female,female,0.01,0.71,0.28,0.56,True,,North America,usa,1
1196,ana,female,female,female,0.01,0.71,0.28,0.57,True,,Mixed/ambiguous,portugal|spain|swiss|romania|bulgaria|bosniaand|croatia|kosovo|macedonia|montenegro|serbia|slovenia|albania|moldova|georgia|israel|india,17
1197,uri,male,male,male,0.58,0.02,0.4,0.37,True,,Mixed/ambiguous,swiss|israel,2
1198,fayge,female,female,female,0.08,0.71,0.21,0.57,True,,Middle East,israel,1
1199,basil,male,male,male,0.72,0.02,0.26,0.59,True,,Mixed/ambiguous,great_britain|usa|austria|swiss|arabia,5
1200,sun kyung,female,female,unisex,0.08,0.25,0.67,0.51,False,,Asia,korea,1
1201,suheil,male,male,male,0.95,0.0,0.05,0.92,True,,Middle East,arabia,1
1202,arina,female,female,female,0.02,0.83,0.15,0.75,True,,Mixed/ambiguous,latvia|romania|russia|ukraine|azerbaijan,5
1203,seza,female,female,unisex,0.07,0.39,0.54,0.31,False,,Middle East,turkey,1
1204,colie,female,female,unisex,0.28,0.02,0.7,0.55,False,,North America,usa,1
1205,jesse,male,male,male,0.6,0.01,0.39,0.41,True,,Mixed/ambiguous,great_britain|usa|belgium|the_netherlands|finland|israel,6
1206,paulina,female,female,female,0.01,0.8,0.19,0.7,True,,Mixed/ambiguous,malta|portugal|spain|belgium|the_netherlands|east_frisia|germany|austria|swiss|denmark|lithuania|poland|romania|bulgaria|croatia|moldova|israel,17
1207,arwa,female,female,unisex,0.14,0.4,0.46,0.19,False,,Middle East,arabia,1
1208,anju,female,female,unisex,0.07,0.32,0.61,0.42,False,,Asia,india,1
1209,dayle,mostly_female,female,unisex,0.36,0.01,0.63,0.44,False,,North America,usa,1
1210,ambira,female,female,unisex,0.27,0.07,0.66,0.48,False,,Asia,india,1
1211,rosevelt,male,male,male,0.59,0.0,0.41,0.39,True,,North America,usa,1
1212,tyrell,male,male,male,0.73,0.0,0.27,0.6,True,,North America,usa,1
1213,fatina,female,female,female,0.13,0.71,0.16,0.58,True,,Middle East,arabia,1
1214,houda,female,female,female,0.08,0.5700000000000001,0.35,0.34,True,,Middle East,arabia,1
1215,dallas,mostly_male,male,male,0.59,0.01,0.4,0.38,True,,Mixed/ambiguous,great_britain|usa,2
1216,celene,female,female,female,0.01,0.8,0.19,0.7,True,,North America,usa,1
1217,cary,mostly_male,male,male,0.64,0.0,0.36,0.45,True,,North America,usa,1
1218,rosaline,female,female,female,0.02,0.79,0.19,0.69,True,,Mixed/ambiguous,ireland|usa,2
1219,dursun,male,male,male,0.8,0.0,0.2,0.69,True,,Middle East,turkey,1
1220,yitzchak,male,male,male,0.98,0.0,0.02,0.96,True,,Middle East,israel,1
1221,abdul sattar,male,male,male,0.91,0.0,0.09,0.87,True,,Middle East,arabia,1
1222,said,male,male,male,0.63,0.01,0.36,0.44,True,,Mixed/ambiguous,bosniaand|the_stans|arabia,3
1223,tamir,male,male,male,0.62,0.05,0.33,0.43,True,,Middle East,arabia|israel,2
1224,maryam,female,female,female,0.0,0.94,0.06,0.91,True,,Mixed/ambiguous,azerbaijan|arabia,2
1225,sayf,male,male,male,0.86,0.01,0.13,0.79,True,,Middle East,arabia,1
1226,hava,female,female,unisex,0.24,0.3,0.46,0.18,False,,Mixed/ambiguous,latvia|bosniaand|kosovo|albania|israel,5
1227,soon-ok,female,female,unisex,0.08,0.3,0.62,0.44,False,,Asia,korea,1
1228,taleb,male,male,male,0.76,0.01,0.23,0.64,True,,Middle East,arabia,1
1229,aldous,male,male,male,0.77,0.01,0.22,0.66,True,,North America,usa,1
1230,erik,male,male,male,0.82,0.0,0.18,0.73,True,,Mixed/ambiguous,usa|belgium|luxembourg|the_netherlands|east_frisia|germany|austria|swiss|denmark|norway|sweden|finland|estonia|czech_republic|slovakia|hungary|slovenia|armenia|azerbaijan|the_stans,20
1231,maddox,male,male,male,0.72,0.0,0.28,0.58,True,,North America,usa,1
1232,jevgenij,male,male,male,0.76,0.01,0.23,0.65,True,,Mixed/ambiguous,russia|belarus|ukraine|the_stans,4
1233,jung-eun,female,female,unisex,0.01,0.3,0.69,0.53,False,,Asia,korea,1
1234,gideon,male,male,male,0.88,0.0,0.12,0.82,True,,Mixed/ambiguous,great_britain|usa|the_netherlands|austria|denmark|israel,6
1235,sheron,female,female,unisex,0.12,0.41,0.47,0.21,False,,North America,usa,1
1236,baylee,female,female,unisex,0.05,0.06,0.89,0.84,False,,North America,usa,1
1237,suellen,female,female,female,0.02,0.83,0.15,0.75,True,,North America,usa,1
1238,gülfer,female,female,female,0.03,0.83,0.14,0.73,True,,Middle East,turkey,1
1239,raelene,female,female,female,0.01,0.83,0.16,0.74,True,,North America,usa,1
1240,trinidad,female,female,unisex,0.18,0.02,0.8,0.71,False,,Mixed/ambiguous,usa|spain,2
1241,nurith,female,female,female,0.08,0.64,0.28,0.46,True,,Middle East,israel,1
1242,krystle,female,female,female,0.02,0.49,0.49,0.24,True,,North America,usa,1
1243,taurean,male,male,male,0.61,0.01,0.38,0.41,True,,North America,usa,1
1244,bengisu,female,female,unisex,0.25,0.3,0.45,0.18,False,,Middle East,turkey,1
1245,lianna,female,female,female,0.02,0.73,0.25,0.61,True,,Mixed/ambiguous,usa|armenia,2
1246,sameer,male,male,male,0.83,0.0,0.17,0.74,True,,Mixed/ambiguous,arabia|india,2
1247,nuria,female,female,female,0.01,0.86,0.13,0.78,True,,Mixed/ambiguous,spain|the_stans,2
1248,everet,male,male,male,0.74,0.0,0.26,0.6,True,,North America,usa,1
1249,anass,male,male,male,0.81,0.02,0.16,0.72,True,,Middle East,arabia,1
1250,keiko,female,female,female,0.02,0.62,0.36,0.44,True,,Asia,japan,1
1251,delmas,male,male,unisex,0.42,0.02,0.56,0.34,False,,North America,usa,1
1252,dontae,male,male,male,0.83,0.0,0.17,0.73,True,,North America,usa,1
1253,nozomi,female,female,unisex,0.03,0.38,0.59,0.39,False,,Asia,japan,1
1254,tien,mostly_male,male,unisex,0.23,0.03,0.74,0.62,False,,Mixed/ambiguous,the_netherlands|vietnam,2
1255,blossom,female,female,unisex,0.14,0.09,0.77,0.67,False,,North America,usa,1
1256,bucky,male,male,male,0.67,0.01,0.32,0.51,True,,North America,usa,1
1257,lejla,female,female,female,0.01,0.81,0.18,0.72,True,,Mixed/ambiguous,bosniaand|montenegro|albania|the_stans,4
1258,mahmut,male,male,male,0.96,0.0,0.04,0.94,True,,Mixed/ambiguous,bosniaand|kosovo|albania|turkey,4
1259,cansever,female,female,unisex,0.28,0.05,0.67,0.5,False,,Middle East,turkey,1
1260,beezie,female,female,unisex,0.17,0.04,0.79,0.69,False,,North America,usa,1
1261,travon,male,male,male,0.8200000000000001,0.0,0.18,0.72,True,,North America,usa,1
1262,sonny,male,male,male,0.71,0.0,0.29,0.57,True,,Mixed/ambiguous,great_britain|usa|malta|belgium|denmark|sweden,6
1263,kathryn,female,female,female,0.01,0.62,0.37,0.44,True,,Mixed/ambiguous,great_britain|ireland|usa|malta,4
1264,inbal,female,female,female,0.02,0.79,0.19,0.67,True,,Middle East,israel,1
1265,opal,female,female,female,0.01,0.66,0.33,0.5,True,,North America,usa,1
1266,abdul-rahman,male,male,male,0.96,0.0,0.04,0.93,True,,Middle East,arabia,1
1267,shintarou,male,male,male,0.72,0.0,0.28,0.57,True,,Asia,japan,1
1268,rodd,male,male,male,0.67,0.01,0.32,0.52,True,,North America,usa,1
1269,alma,female,female,unisex,0.03,0.45,0.52,0.28,False,,Mixed/ambiguous,usa|italy|spain|belgium|the_netherlands|east_frisia|swiss|iceland|denmark|sweden|finland|estonia|latvia|lithuania|bosniaand|montenegro|albania|the_stans,18
1270,soniya,female,female,female,0.01,0.85,0.14,0.78,True,,Asia,india,1
1271,kandan,male,male,male,0.64,0.01,0.35,0.46,True,,Asia,india,1
1272,rita,female,female,female,0.02,0.75,0.23,0.63,True,,Mixed/ambiguous,great_britain|ireland|usa|italy|malta|portugal|spain|france|belgium|luxembourg|the_netherlands|east_frisia|germany|austria|swiss|denmark|norway|sweden|estonia|latvia|lithuania|poland|czech_republic|hungary|romania|kosovo|albania|belarus|moldova|ukraine|armenia|azerbaijan|the_stans|arabia|israel|india,36
1273,naftali,male,male,male,0.9,0.0,0.1,0.85,True,,Middle East,israel,1
1274,ökkeş,male,male,male,0.55,0.07,0.38,0.31,True,,Middle East,turkey,1
1275,doudy,male,male,unisex,0.36,0.02,0.62,0.42,False,,Middle East,israel,1
1276,rollie,male,male,male,0.63,0.02,0.35,0.45,True,,North America,usa,1
1277,pakize,female,female,female,0.02,0.73,0.25,0.59,True,,Middle East,turkey,1
1278,sunay,female,female,unisex,0.32,0.08,0.6,0.4,False,,Mixed/ambiguous,azerbaijan|turkey,2
1279,drake,male,male,male,0.86,0.0,0.14,0.78,True,,North America,usa,1
1280,il,mostly_male,male,unisex,0.2,0.02,0.78,0.67,False,,Asia,korea,1
1281,oksun,female,female,unisex,0.41,0.07,0.52,0.28,False,,Asia,korea,1
1282,jaida,female,female,female,0.02,0.61,0.37,0.41,True,,North America,usa,1
1283,vaughn,male,male,unisex,0.4,0.01,0.59,0.4,False,,Mixed/ambiguous,great_britain|usa,2
1284,dündar,male,male,male,0.83,0.0,0.17,0.75,True,,Middle East,turkey,1
1285,keren,female,female,female,0.07,0.61,0.32,0.42,True,,Middle East,israel,1
1286,bettyann,female,female,female,0.0,0.65,0.35,0.47,True,,North America,usa,1
1287,olya,female,female,female,0.02,0.82,0.16,0.74,True,,Mixed/ambiguous,belarus|moldova|ukraine|azerbaijan|the_stans,5
1288,samara,female,female,unisex,0.14,0.32,0.54,0.32,False,,North America,usa,1
1289,garold,male,male,male,0.79,0.01,0.2,0.69,True,,Mixed/ambiguous,usa|israel,2
1290,seongho,male,male,male,0.52,0.01,0.47,0.28,True,,Asia,korea,1
1291,ersel,male,male,unisex,0.43,0.09,0.48,0.22,False,,Middle East,turkey,1
1292,dory,female,female,unisex,0.29,0.08,0.63,0.45,False,,Mixed/ambiguous,great_britain|usa|the_netherlands|swiss,4
1293,treva,female,female,unisex,0.31,0.21,0.48,0.22,False,,North America,usa,1
1294,maral,female,female,unisex,0.17,0.34,0.49,0.24,False,,Mixed/ambiguous,the_stans|arabia,2
1295,qais,male,male,male,0.97,0.0,0.03,0.95,True,,Middle East,arabia,1
1296,ahmad,male,male,male,0.93,0.0,0.07,0.89,True,,Mixed/ambiguous,the_stans|arabia,2
1297,sunghwan,male,male,male,0.53,0.0,0.47,0.29,True,,Asia,korea,1
1298,katsuhiro,male,male,male,0.81,0.0,0.19,0.71,True,,Asia,japan,1
1299,ryan,mostly_male,male,male,0.76,0.01,0.23,0.65,True,,Mixed/ambiguous,great_britain|ireland|usa|malta,4
1300,ayuko,female,female,female,0.03,0.58,0.39,0.36,True,,Asia,japan,1
1301,eunju,female,female,unisex,0.09,0.41,0.5,0.25,False,,Asia,korea,1
1302,nilofar,female,female,female,0.01,0.88,0.11,0.82,True,,Middle East,arabia,1
1303,roee,male,male,unisex,0.35,0.19,0.45999999999999996,0.2,False,,Middle East,israel,1
1304,djibril,male,male,male,0.92,0.0,0.08,0.87,True,,Middle East,arabia,1
1305,mahmure,female,female,unisex,0.29,0.26,0.45,0.18,False,,Middle East,turkey,1
1306,chastity,female,female,unisex,0.04,0.34,0.62,0.44,False,,North America,usa,1
1307,munawar,female,female,male,0.51,0.07,0.42,0.26,False,,Middle East,arabia,1
1308,nassif,male,male,male,0.77,0.0,0.23,0.66,True,,Middle East,arabia,1
1309,yuumi,female,female,unisex,0.03,0.44,0.53,0.29,False,,Asia,japan,1
1310,shideh,female,female,unisex,0.26,0.19,0.55,0.33,False,,Middle East,arabia,1
1311,chaz,male,male,male,0.62,0.01,0.37,0.42,True,,North America,usa,1
1312,hidefumi,male,male,male,0.65,0.01,0.34,0.48,True,,Asia,japan,1
1313,jarrod,male,male,male,0.85,0.0,0.15,0.76,True,,North America,usa,1
1314,sunghoon,male,male,male,0.54,0.0,0.46,0.31,True,,Asia,korea,1
1315,augustus,male,male,male,0.83,0.01,0.16,0.74,True,,Mixed/ambiguous,usa|germany|austria,3
1316,malcolm,male,male,male,0.76,0.0,0.24,0.64,True,,Mixed/ambiguous,great_britain|ireland|usa|malta,4
1317,messaouda,female,female,male,0.5700000000000001,0.07,0.36,0.34,False,,Middle East,arabia,1
1318,özay,male,male,unisex,0.33,0.03,0.64,0.47,False,,Middle East,turkey,1
1319,sedrick,male,male,male,0.78,0.0,0.22,0.66,True,,North America,usa,1
1320,inhong,male,male,unisex,0.35,0.04,0.61,0.41,False,,Asia,korea,1
1321,alok,male,male,male,0.69,0.01,0.3,0.54,True,,Asia,india,1
1322,collette,female,female,female,0.06,0.64,0.3,0.46,True,,Mixed/ambiguous,great_britain|ireland|usa,3
1323,jamshida,female,female,female,0.34,0.34,0.32,0.02,True,,Middle East,arabia,1
1324,shahresa,male,male,unisex,0.2,0.12,0.68,0.52,False,,Middle East,arabia,1
1325,soji,male,male,male,0.56,0.04,0.4,0.34,True,,Asia,japan,1
1326,mordechai,male,male,male,0.97,0.0,0.03,0.95,True,,Middle East,israel,1
1327,jin kyung,female,female,unisex,0.06,0.17,0.77,0.66,False,,Asia,korea,1
1328,corine,female,female,female,0.03,0.78,0.19,0.67,True,,Mixed/ambiguous,usa|belgium|the_netherlands|swiss,4
1329,karni,female,female,unisex,0.46,0.08,0.46,0.19,False,,Middle East,israel,1
1330,edmund,male,male,male,0.84,0.0,0.16,0.76,True,,Mixed/ambiguous,great_britain|ireland|usa|belgium|east_frisia|germany|austria|swiss|denmark|norway|poland,11
1331,şevkiye,female,female,female,0.09,0.82,0.09,0.72,True,,Middle East,turkey,1
1332,karlie,female,female,unisex,0.01,0.31,0.68,0.52,False,,North America,usa,1
1333,nezahat,female,female,female,0.02,0.89,0.09,0.84,True,,Middle East,turkey,1
1334,safa,female,female,unisex,0.09,0.38,0.53,0.29,False,,Mixed/ambiguous,bosniaand|turkey|arabia,3
1335,sadiya,female,female,female,0.01,0.8,0.19,0.69,True,,Middle East,arabia,1
1336,shreya,female,female,female,0.01,0.76,0.23,0.65,True,,Asia,india,1
1337,lashonda,female,female,female,0.01,0.7,0.29,0.55,True,,North America,usa,1
1338,asena,female,female,unisex,0.15,0.25,0.6,0.41,False,,Mixed/ambiguous,slovakia|turkey,2
1339,yetkin,male,male,unisex,0.31,0.01,0.6799999999999999,0.53,False,,Middle East,turkey,1
1340,nazanin,female,female,female,0.01,0.82,0.17,0.73,True,,Middle East,arabia,1
1341,cherri,female,female,unisex,0.09,0.16,0.75,0.61,False,,North America,usa,1
1342,rumen,male,male,unisex,0.3,0.02,0.68,0.52,False,,Mixed/ambiguous,bulgaria|macedonia|turkey,3
1343,ghazal,male,male,unisex,0.29,0.03,0.68,0.51,False,,Middle East,arabia,1
1344,judd,male,male,male,0.67,0.0,0.33,0.49,True,,North America,usa,1
1345,tonya,female,female,female,0.02,0.59,0.39,0.38,True,,North America,usa,1
1346,zeke,male,male,male,0.69,0.0,0.31,0.53,True,,North America,usa,1
1347,fazli,male,male,male,0.91,0.0,0.09,0.87,True,,Mixed/ambiguous,kosovo|macedonia|arabia,3
1348,kerman,male,male,unisex,0.33,0.0,0.67,0.5,False,,Mixed/ambiguous,spain|india,2
1349,jamarion,male,male,male,0.66,0.01,0.33,0.49,True,,North America,usa,1
1350,arkadi,male,male,male,0.83,0.02,0.15,0.75,True,,Mixed/ambiguous,russia|belarus|ukraine|armenia,4
1351,gye rim,mostly_female,female,unisex,0.15,0.04,0.81,0.72,False,,Asia,korea,1
1352,sei,mostly_female,female,unisex,0.18,0.07,0.75,0.62,False,,Asia,japan|korea,2
1353,dariush,male,male,male,0.9,0.0,0.1,0.84,True,,Middle East,arabia,1
1354,mesure,female,female,unisex,0.37,0.07,0.56,0.34,False,,Middle East,turkey,1
1355,danita,female,female,female,0.01,0.8,0.19,0.69,True,,North America,usa,1
1356,kylee,female,female,unisex,0.03,0.27,0.7,0.55,False,,North America,usa,1
1357,yağız,male,male,male,0.94,0.0,0.06,0.9,True,,Middle East,turkey,1
1358,dillan,male,male,male,0.63,0.01,0.36,0.45,True,,Mixed/ambiguous,great_britain|usa,2
1359,toshie,female,female,female,0.01,0.74,0.25,0.62,True,,Asia,japan,1
1360,melvyn,male,male,male,0.74,0.01,0.25,0.61,True,,Mixed/ambiguous,great_britain|usa|malta,3
1361,ladarius,male,male,male,0.86,0.0,0.14,0.78,True,,North America,usa,1
1362,vitali,male,male,male,0.86,0.02,0.12,0.8,True,,Mixed/ambiguous,estonia|russia|belarus|moldova|ukraine|armenia|azerbaijan|georgia|the_stans,9
1363,seonghoon,male,male,male,0.61,0.0,0.39,0.41,True,,Asia,korea,1
1364,tavon,male,male,male,0.56,0.01,0.43,0.34,True,,North America,usa,1
1365,jin-ok,female,female,unisex,0.07,0.27,0.66,0.49,False,,Asia,korea,1
1366,eda,female,female,unisex,0.05,0.3,0.65,0.48,False,,Mixed/ambiguous,great_britain|italy|estonia|latvia|croatia|slovenia|albania|the_stans|turkey,9
1367,phillis,female,female,female,0.03,0.64,0.33,0.46,True,,North America,usa,1
1368,jemma,female,female,female,0.02,0.64,0.34,0.46,True,,Mixed/ambiguous,great_britain|armenia,2
1369,kyla,female,female,unisex,0.01,0.44,0.55,0.31,False,,Mixed/ambiguous,great_britain|usa,2
1370,hyun-sun,female,female,unisex,0.06,0.12,0.82,0.74,False,,Asia,korea,1
1371,joon-ho,male,male,male,0.58,0.0,0.42,0.37,True,,Asia,korea,1
1372,jaliyah,female,female,unisex,0.08,0.45,0.47000000000000003,0.2,False,,North America,usa,1
1373,gulmira,female,female,female,0.02,0.92,0.06,0.88,True,,Mixed/ambiguous,azerbaijan|the_stans,2
1374,nergiz,female,female,female,0.03,0.77,0.2,0.66,True,,Mixed/ambiguous,azerbaijan|turkey,2
1375,jere,male,male,unisex,0.39,0.06,0.55,0.32,False,,Mixed/ambiguous,usa|finland|croatia,3
1376,manoranjan,male,male,male,0.62,0.06,0.32,0.44,True,,Asia,india,1
1377,jana,female,female,unisex,0.16,0.27,0.57,0.35,False,,Mixed/ambiguous,belgium|east_frisia|germany|austria|swiss|denmark|estonia|latvia|czech_republic|slovakia|romania|bulgaria|croatia|macedonia|slovenia|russia|belarus|moldova|ukraine|azerbaijan|georgia|the_stans,22
1378,shafiq,male,male,male,0.87,0.0,0.13,0.81,True,,Middle East,arabia,1
1379,kendell,mostly_male,male,unisex,0.49,0.01,0.5,0.25,False,,North America,usa,1
1380,saif,male,male,male,0.96,0.0,0.04,0.93,True,,Middle East,arabia,1
1381,jaelyn,female,female,unisex,0.03,0.19,0.78,0.68,False,,North America,usa,1
1382,volodia,male,male,male,0.84,0.01,0.15,0.77,True,,Mixed/ambiguous,bulgaria|armenia,2
1383,ki hyun,male,male,unisex,0.3,0.0,0.7,0.55,False,,Asia,korea,1
1384,daryle,male,male,male,0.79,0.01,0.2,0.69,True,,North America,usa,1
1385,finn,male,male,male,0.6,0.02,0.38,0.41,True,,Mixed/ambiguous,great_britain|ireland|usa|denmark|norway|sweden,6
1386,ellwood,male,male,male,0.56,0.01,0.43,0.34,True,,North America,usa,1
1387,sally,female,female,female,0.02,0.67,0.31,0.52,True,,Mixed/ambiguous,great_britain|ireland|usa|belgium|the_netherlands|denmark|sweden,7
1388,farzana,female,female,female,0.0,0.9400000000000001,0.06,0.9,True,,Middle East,arabia,1
1389,abu bakr,male,male,male,0.97,0.0,0.03,0.95,True,,Middle East,arabia,1
1390,angelica,female,female,female,0.02,0.74,0.24,0.6,True,,Mixed/ambiguous,usa|italy|malta|norway|sweden|romania|russia|belarus|moldova|ukraine,10
1391,sayeeda,female,female,female,0.02,0.82,0.16,0.72,True,,Middle East,arabia,1
1392,gürbüz,male,male,male,0.52,0.01,0.47,0.28,True,,Middle East,turkey,1
1393,yehia,male,male,male,0.96,0.0,0.04,0.94,True,,Middle East,arabia,1
1394,yuusuke,male,male,male,0.63,0.0,0.37,0.44,True,,Asia,japan,1
1395,hamiyet,female,female,female,0.14,0.51,0.35,0.26,True,,Middle East,turkey,1
1396,merritt,male,male,unisex,0.16,0.0,0.84,0.75,False,,North America,usa,1
1397,keaton,male,male,unisex,0.48,0.0,0.52,0.27,False,,North America,usa,1
1398,lavrenti,male,male,male,0.91,0.04,0.05,0.87,True,,Mixed/ambiguous,greece|armenia,2
1399,miriam,female,female,female,0.0,0.83,0.17,0.74,True,,Mixed/ambiguous,great_britain|ireland|usa|italy|malta|spain|belgium|the_netherlands|east_frisia|germany|austria|swiss|denmark|norway|sweden|czech_republic|slovakia|arabia|israel,19
1400,mackenzie,mostly_female,female,unisex,0.2,0.02,0.78,0.66,False,,North America,usa,1
1401,duriye,female,female,unisex,0.42,0.12,0.45999999999999996,0.2,False,,Middle East,turkey,1
1402,uriel,male,male,male,0.69,0.03,0.28,0.53,True,,Mixed/ambiguous,france|israel,2
1403,jamarcus,male,male,male,0.78,0.0,0.22,0.67,True,,North America,usa,1
1404,naser,male,male,male,0.91,0.0,0.09,0.87,True,,Mixed/ambiguous,kosovo|macedonia|arabia,3
1405,mihea,female,female,unisex,0.4,0.13,0.47000000000000003,0.19,False,,Asia,korea,1
1406,dganit,female,female,female,0.21,0.58,0.21,0.36,True,,Middle East,israel,1
1407,sutharshan,male,male,male,0.96,0.0,0.04,0.93,True,,Asia,india,1
1408,ryouta,male,male,male,0.75,0.0,0.25,0.62,True,,Asia,japan,1
1409,etsuko,female,female,female,0.01,0.76,0.23,0.65,True,,Asia,japan,1
1410,rüstem,male,male,male,0.98,0.0,0.02,0.97,True,,Middle East,turkey,1
1411,rodric,male,male,male,0.85,0.0,0.15,0.78,True,,Mixed/ambiguous,great_britain|armenia,2
1412,nay,female,female,unisex,0.14,0.08,0.78,0.67,False,,Middle East,arabia,1
1413,naoma,female,female,unisex,0.06,0.36,0.58,0.37,False,,North America,usa,1
1414,yamaç,male,male,unisex,0.33,0.01,0.66,0.48,False,,Middle East,turkey,1
1415,danila,male,male,male,0.74,0.08,0.18,0.62,True,,Mixed/ambiguous,italy|slovakia|russia|belarus|the_stans,5
1416,wajid,male,male,male,0.89,0.0,0.11,0.83,True,,Middle East,arabia,1
1417,seval,female,female,unisex,0.2,0.25,0.55,0.33,False,,Middle East,turkey,1
1418,amanullah,male,male,male,0.93,0.0,0.07,0.89,True,,Middle East,arabia,1
1419,sushila,female,female,female,0.01,0.86,0.13,0.79,True,,Asia,india,1
1420,fetih,male,male,male,0.71,0.04,0.25,0.56,True,,Middle East,turkey,1
1421,denice,female,female,female,0.01,0.74,0.25,0.6,True,,Mixed/ambiguous,usa|the_netherlands,2
1422,urmil,female,female,female,0.03,0.78,0.19,0.68,True,,Asia,india,1
1423,jorden,male,male,male,0.49,0.01,0.5,0.24,True,,North America,usa,1
1424,nichola,female,female,female,0.13,0.46,0.41,0.19,True,,Mixed/ambiguous,great_britain|india,2
1425,tawana,female,female,female,0.09,0.49,0.42,0.25,True,,North America,usa,1
1426,rela,female,female,unisex,0.21,0.1,0.69,0.54,False,,Middle East,israel,1
1427,sang tae,male,male,male,0.56,0.01,0.43,0.34,True,,Asia,korea,1
1428,nigel,male,male,male,0.8,0.0,0.2,0.7,True,,Mixed/ambiguous,great_britain|ireland|usa|malta,4
1429,jewgenij,male,male,male,0.84,0.01,0.15,0.77,True,,Mixed/ambiguous,russia|belarus|the_stans,3
1430,kwang il,male,male,unisex,0.49,0.01,0.5,0.26,False,,Asia,korea,1
1431,skippy,mostly_male,male,male,0.54,0.02,0.44,0.31,True,,North America,usa,1
1432,kasem,male,male,unisex,0.43,0.02,0.55,0.33,False,,Mixed/ambiguous,kosovo|albania|arabia,3
1433,dorsey,male,male,male,0.52,0.0,0.48,0.27,True,,North America,usa,1
1434,lucretia,female,female,female,0.03,0.93,0.04,0.89,True,,North America,usa,1
1435,zayna,female,female,female,0.01,0.81,0.18,0.71,True,,Middle East,arabia,1
1436,tess,female,female,female,0.02,0.52,0.46,0.27,True,,Mixed/ambiguous,great_britain|usa|the_netherlands,3
1437,kosuke,male,male,male,0.73,0.0,0.27,0.59,True,,Asia,japan,1
1438,pninah,female,female,female,0.04,0.6,0.36,0.4,True,,Middle East,israel,1
1439,gözde,female,female,female,0.01,0.8,0.19,0.7,True,,Middle East,turkey,1
1440,jae kyung,mostly_female,female,unisex,0.05,0.11,0.84,0.76,False,,Asia,korea,1
1441,regan,mostly_female,female,unisex,0.32,0.05,0.63,0.44,False,,North America,usa,1
1442,forest,male,male,unisex,0.16,0.02,0.81,0.72,False,,North America,usa,1
1443,chavah,female,female,female,0.16,0.51,0.33,0.25,True,,Middle East,israel,1
1444,dönüs,female,female,unisex,0.36,0.07,0.57,0.36,False,,Middle East,turkey,1
1445,dennie,male,male,unisex,0.31,0.09,0.6,0.4,False,,North America,usa,1
1446,violet,female,female,female,0.0,0.59,0.41,0.37,True,,Mixed/ambiguous,great_britain|usa|malta,3
1447,ghalib,male,male,male,0.96,0.0,0.04,0.94,True,,Middle East,arabia,1
1448,bohyun,male,male,unisex,0.2,0.09,0.71,0.57,False,,Asia,korea,1
1449,permin,female,female,male,0.57,0.05,0.38,0.36,False,,Middle East,turkey,1
1450,edi,male,male,unisex,0.4,0.06,0.54,0.31,False,,Mixed/ambiguous,swiss|bosniaand|croatia|kosovo|slovenia|albania|israel,7
1451,moustafa,male,male,male,0.93,0.0,0.07,0.89,True,,Middle East,arabia,1
1452,abdul karim,male,male,male,0.91,0.0,0.09,0.86,True,,Middle East,arabia,1
1453,cathryn,female,female,female,0.0,0.67,0.33,0.5,True,,Mixed/ambiguous,great_britain|usa,2
1454,maryellen,female,female,female,0.01,0.73,0.26,0.59,True,,North America,usa,1
1455,hollis,mostly_male,male,unisex,0.29,0.01,0.7,0.54,False,,North America,usa,1
1456,alireza,male,male,male,0.9,0.0,0.1,0.85,True,,Middle East,arabia,1
1457,minah,female,female,female,0.01,0.57,0.42,0.36,True,,Middle East,israel,1
1458,corbin,male,male,male,0.74,0.0,0.26,0.6,True,,North America,usa,1
1459,katsuyuki,male,male,male,0.79,0.01,0.2,0.69,True,,Asia,japan,1
1460,gus,male,male,male,0.72,0.01,0.27,0.59,True,,North America,usa,1
1461,harunobu,male,male,male,0.72,0.01,0.27,0.59,True,,Asia,japan,1
1462,mysti,female,female,unisex,0.01,0.26,0.73,0.59,False,,North America,usa,1
1463,mikyung,female,female,female,0.06,0.5,0.44,0.25,True,,Asia,korea,1
1464,lisamarie,female,female,female,0.01,0.5,0.49,0.26,True,,North America,usa,1
1465,janell,female,female,female,0.01,0.74,0.25,0.62,True,,North America,usa,1
1466,jereme,male,male,male,0.73,0.01,0.26,0.61,True,,North America,usa,1
1467,zinaida,female,female,female,0.01,0.84,0.15,0.75,True,,Mixed/ambiguous,estonia|latvia|lithuania|romania|bulgaria|russia|belarus|moldova|ukraine|armenia|the_stans,11
1468,tawfik,male,male,male,0.96,0.0,0.04,0.93,True,,Middle East,arabia,1
1469,eun young,female,female,unisex,0.06,0.21,0.73,0.61,False,,Asia,korea,1
1470,codey,male,male,male,0.76,0.01,0.23,0.65,True,,North America,usa,1
1471,homa,female,female,unisex,0.26,0.15,0.59,0.38,False,,Middle East,arabia,1
1472,changhwan,male,male,male,0.5,0.01,0.49,0.26,True,,Asia,korea,1
1473,autumn,female,female,unisex,0.01,0.3,0.69,0.54,False,,North America,usa,1
1474,liba,female,female,unisex,0.27,0.13,0.6,0.4,False,,Middle East,israel,1
1475,valter,male,male,male,0.85,0.0,0.15,0.76,True,,Mixed/ambiguous,italy|portugal|denmark|norway|sweden|estonia|czech_republic|slovakia|croatia|slovenia|albania|armenia,12
1476,jermaine,male,male,male,0.8,0.0,0.2,0.7,True,,North America,usa,1
1477,sungkuk,male,male,unisex,0.27,0.02,0.71,0.57,False,,Asia,korea,1
1478,doğa,mostly_female,female,unisex,0.16,0.2,0.64,0.46,False,,Middle East,turkey,1
1479,mitch,male,male,male,0.54,0.01,0.45,0.31,True,,North America,usa,1
1480,jharna,female,female,female,0.02,0.74,0.24,0.61,True,,Asia,india,1
1481,chedva,female,female,unisex,0.3,0.05,0.65,0.47,False,,Middle East,israel,1
1482,lonnie,mostly_male,male,male,0.73,0.01,0.26,0.61,True,,Mixed/ambiguous,usa|the_netherlands|denmark,3
1483,shalev,male,male,male,0.63,0.03,0.34,0.45,True,,Middle East,israel,1
1484,melodee,female,female,unisex,0.11,0.29,0.6,0.4,False,,North America,usa,1
1485,sydnie,female,female,unisex,0.06,0.43,0.51,0.28,False,,North America,usa,1
1486,özge,female,female,female,0.02,0.6900000000000001,0.29,0.53,True,,Middle East,turkey,1
1487,alican,male,male,male,0.68,0.01,0.31,0.52,True,,Middle East,turkey,1
1488,arise,female,female,unisex,0.33,0.02,0.65,0.47,False,,Middle East,turkey,1
1489,averell,male,male,male,0.6799999999999999,0.04,0.28,0.53,True,,North America,usa,1
1490,tulsa,female,female,unisex,0.24,0.03,0.73,0.6,False,,Asia,india,1
1491,reece,male,male,unisex,0.43,0.01,0.56,0.34,False,,Mixed/ambiguous,great_britain|usa,2
1492,harshita,female,female,female,0.02,0.8,0.18,0.69,True,,Asia,india,1
1493,warrick,male,male,male,0.74,0.0,0.26,0.61,True,,North America,usa,1
1494,ronna,female,female,unisex,0.06,0.45,0.49,0.23,False,,North America,usa,1
1495,chaggai,male,male,male,0.72,0.04,0.24,0.58,True,,Middle East,israel,1
1496,thamotharampillai,male,male,male,0.84,0.01,0.15,0.76,True,,Asia,india,1
1497,wilbur,male,male,male,0.85,0.0,0.15,0.77,True,,North America,usa,1
1498,melonie,female,female,female,0.03,0.53,0.44,0.29,True,,North America,usa,1
1499,jun ho,male,male,male,0.51,0.01,0.48,0.28,True,,Asia,korea,1
1500,monte,male,male,male,0.73,0.0,0.27,0.59,True,,North America,usa,1
1501,verle,male,male,unisex,0.45,0.08,0.47,0.21,False,,North America,usa,1
1502,şehmuz,male,male,male,0.52,0.24,0.24,0.27,True,,Middle East,turkey,1
1503,jungsoon,female,female,unisex,0.14,0.1,0.76,0.65,False,,Asia,korea,1
1504,jennet,female,female,female,0.07,0.55,0.38,0.32,True,,Mixed/ambiguous,great_britain|the_netherlands|the_stans,3
1505,eman,female,female,unisex,0.46,0.06,0.48,0.23,False,,Mixed/ambiguous,malta|arabia,2
1506,bano,female,female,unisex,0.33,0.07,0.6,0.4,False,,Middle East,arabia,1
1507,aliza,female,female,female,0.02,0.73,0.25,0.6,True,,Mixed/ambiguous,usa|israel,2
1508,ahlam,female,female,female,0.02,0.87,0.11,0.8,True,,Middle East,arabia,1
1509,tanja,female,female,unisex,0.08,0.43,0.49,0.24,False,,Mixed/ambiguous,belgium|the_netherlands|east_frisia|germany|austria|swiss|iceland|denmark|norway|sweden|finland|estonia|bulgaria|bosniaand|croatia|macedonia|montenegro|serbia|slovenia|albania|russia|belarus|ukraine|the_stans,24
1510,saida,female,female,female,0.04,0.74,0.22,0.62,True,,Mixed/ambiguous,bosniaand|albania|azerbaijan|the_stans|arabia,5
1511,chip,male,male,male,0.6,0.01,0.39,0.41,True,,North America,usa,1
1512,yüksel,mostly_male,male,male,0.66,0.02,0.32,0.5,True,,Middle East,turkey,1
1513,micah,male,male,male,0.74,0.0,0.26,0.6,True,,Mixed/ambiguous,usa|israel,2
1514,yong chan,male,male,male,0.54,0.0,0.46,0.31,True,,Asia,korea,1
1515,tehila,female,female,female,0.02,0.81,0.17,0.71,True,,Middle East,israel,1
1516,abbe,female,female,male,0.79,0.03,0.18,0.69,False,,North America,usa,1
1517,marilynne,female,female,female,0.03,0.75,0.22,0.62,True,,North America,usa,1
1518,orkun,male,male,male,0.9,0.01,0.09,0.86,True,,Middle East,turkey,1
1519,kobe,male,male,male,0.77,0.01,0.22,0.67,True,,North America,usa,1
1520,mitsuyoshi,male,male,male,0.72,0.01,0.27,0.59,True,,Asia,japan,1
1521,makenzie,female,female,unisex,0.11,0.28,0.61,0.41,False,,North America,usa,1
1522,mahin,female,female,unisex,0.24,0.09,0.67,0.5,False,,Middle East,arabia,1
1523,avis,female,female,unisex,0.39,0.1,0.51,0.26,False,,North America,usa,1
1524,nazan,female,female,female,0.02,0.61,0.37,0.41,True,,Middle East,turkey,1
1525,karan,female,female,male,0.84,0.0,0.16,0.76,False,,Mixed/ambiguous,great_britain|usa|india,3
1526,sahib,male,male,male,0.88,0.0,0.12,0.82,True,,Mixed/ambiguous,bosniaand|azerbaijan|arabia|india,4
1527,elnora,female,female,female,0.02,0.63,0.35,0.44,True,,North America,usa,1
1528,neal,male,male,male,0.65,0.0,0.35,0.46,True,,Mixed/ambiguous,great_britain|usa,2
1529,dereck,male,male,male,0.84,0.0,0.16,0.76,True,,North America,usa,1
1530,daron,male,male,male,0.68,0.02,0.3,0.52,True,,Mixed/ambiguous,great_britain|usa,2
1531,aras,male,male,unisex,0.34,0.06,0.6,0.41,False,,Mixed/ambiguous,lithuania|turkey|arabia,3
1532,zona,female,female,unisex,0.25,0.11,0.64,0.47,False,,North America,usa,1
1533,jungsun,female,female,unisex,0.12,0.24,0.64,0.47,False,,Asia,korea,1
1534,quy,mostly_male,male,unisex,0.38,0.02,0.6,0.39,False,,Asia,vietnam,1
1535,hossam,male,male,male,0.96,0.0,0.04,0.94,True,,Middle East,arabia,1
1536,verl,male,male,unisex,0.33,0.06,0.61,0.41,False,,North America,usa,1
1537,hyunsung,male,male,unisex,0.34,0.01,0.65,0.49,False,,Asia,korea,1
1538,mithlesh,mostly_female,female,male,0.38,0.24,0.38,0.07,False,,Asia,india,1
1539,sandi,male,male,unisex,0.09,0.28,0.63,0.44,False,,Mixed/ambiguous,usa|denmark|croatia|slovenia,4
1540,brittani,female,female,female,0.01,0.71,0.28,0.56,True,,North America,usa,1
1541,kwang sik,male,male,male,0.5,0.02,0.48,0.26,True,,Asia,korea,1
1542,ayden,male,male,male,0.5,0.01,0.49,0.25,True,,North America,usa,1
1543,draven,male,male,male,0.8,0.01,0.19,0.7,True,,North America,usa,1
1544,maria,female,female,female,0.01,0.81,0.18,0.72,True,,Mixed/ambiguous,great_britain|ireland|usa|italy|malta|portugal|france|belgium|luxembourg|the_netherlands|east_frisia|germany|austria|swiss|denmark|norway|sweden|finland|estonia|poland|romania|bulgaria|albania|greece|russia|belarus|moldova|ukraine|armenia|azerbaijan|georgia|the_stans|israel,33
1545,jordon,male,male,male,0.59,0.01,0.4,0.39,True,,North America,usa,1
1546,kalpna,female,female,female,0.01,0.85,0.14,0.77,True,,Asia,india,1
1547,scotty,male,male,male,0.78,0.01,0.21,0.68,True,,North America,usa,1
1548,teymur,male,male,male,0.93,0.0,0.07,0.89,True,,Mixed/ambiguous,belarus|azerbaijan,2
1549,hironori,male,male,male,0.8,0.01,0.19,0.7,True,,Asia,japan,1
1550,bessy,female,female,female,0.02,0.75,0.23,0.62,True,,North America,usa,1
1551,josiah,male,male,male,0.89,0.0,0.11,0.84,True,,North America,usa,1
1552,darci,female,female,unisex,0.26,0.21,0.53,0.3,False,,North America,usa,1
1553,rustam,male,male,male,0.96,0.0,0.04,0.94,True,,Mixed/ambiguous,russia|azerbaijan|the_stans,3
1554,sunja,female,female,unisex,0.08,0.35,0.57,0.35,False,,Asia,korea,1
1555,song jin,mostly_male,male,unisex,0.21,0.01,0.78,0.66,False,,Asia,korea,1
1556,gülbahar,female,female,female,0.04,0.58,0.38,0.37,True,,Middle East,turkey,1
1557,assel,female,female,unisex,0.16,0.08,0.76,0.64,False,,Mixed/ambiguous,east_frisia|the_stans,2
1558,sunghee,female,female,unisex,0.15,0.05,0.8,0.69,False,,Asia,korea,1
1559,miktat,male,male,unisex,0.44,0.1,0.46,0.19,False,,Middle East,turkey,1
1560,barry,male,male,male,0.58,0.0,0.42,0.37,True,,Mixed/ambiguous,great_britain|ireland|usa|belgium|the_netherlands,5
1561,galiya,female,female,female,0.12,0.51,0.37,0.27,True,,Mixed/ambiguous,russia|the_stans,2
1562,sanna,female,female,female,0.02,0.56,0.42,0.35,True,,Mixed/ambiguous,the_netherlands|germany|sweden|finland|arabia,5
1563,truman,male,male,male,0.84,0.0,0.16,0.75,True,,North America,usa,1
1564,myungsook,female,female,female,0.01,0.62,0.37,0.44,True,,Asia,korea,1
1565,eun-jung,female,female,unisex,0.02,0.14,0.84,0.77,False,,Asia,korea,1
1566,dae-yong,male,male,male,0.61,0.0,0.39,0.41,True,,Asia,korea,1
1567,şefika,female,female,female,0.0,0.8200000000000001,0.18,0.72,True,,Middle East,turkey,1
1568,jungil,male,male,unisex,0.31,0.09,0.6,0.4,False,,Asia,korea,1
1569,oma,female,female,female,0.05,0.47,0.48,0.21,True,,Mixed/ambiguous,usa|japan,2
1570,chyna,female,female,unisex,0.24,0.16,0.6,0.41,False,,North America,usa,1
1571,mithat,male,male,male,0.85,0.01,0.14,0.78,True,,Mixed/ambiguous,albania|turkey,2
1572,corliss,female,female,unisex,0.4,0.01,0.59,0.39,False,,North America,usa,1
1573,nurten,female,female,unisex,0.25,0.17,0.58,0.37,False,,Mixed/ambiguous,kosovo|macedonia|turkey,3
1574,leatha,female,female,female,0.02,0.65,0.33,0.46,True,,North America,usa,1
1575,orah,female,female,female,0.11,0.47,0.42,0.2,True,,Middle East,israel,1
1576,keanu,male,male,male,0.77,0.01,0.22,0.65,True,,North America,usa,1
1577,harper,male,male,unisex,0.14,0.05,0.81,0.72,False,,North America,usa,1
1578,roseann,female,female,female,0.02,0.64,0.34,0.46,True,,Mixed/ambiguous,great_britain|usa,2
1579,einav,female,female,female,0.09,0.58,0.33,0.37,True,,Middle East,israel,1
1580,pooja,female,female,female,0.02,0.79,0.19,0.69,True,,Asia,india,1
1581,sotaro,male,male,male,0.85,0.01,0.14,0.78,True,,Asia,japan,1
1582,chie,female,female,unisex,0.11,0.09,0.8,0.71,False,,Asia,japan,1
1583,maheswaran,male,male,male,0.92,0.0,0.08,0.88,True,,Asia,india,1
1584,billur,female,female,unisex,0.44,0.04,0.52,0.27,False,,Middle East,turkey,1
1585,stanford,male,male,unisex,0.27,0.0,0.73,0.58,False,,Mixed/ambiguous,great_britain|usa,2
1586,kyouko,female,female,unisex,0.01,0.41,0.58,0.36,False,,Asia,japan,1
1587,ellsworth,male,male,male,0.61,0.01,0.38,0.42,True,,North America,usa,1
1588,sukla,male,male,male,0.51,0.08,0.41,0.27,True,,Asia,india,1
1589,abdelrahman,male,male,male,0.93,0.0,0.07,0.89,True,,Middle East,arabia,1
1590,shafiqa,female,female,female,0.01,0.87,0.12,0.8,True,,Middle East,arabia,1
1591,luda,female,female,unisex,0.09,0.34,0.57,0.36,False,,Mixed/ambiguous,czech_republic|belarus|ukraine|azerbaijan,4
1592,wilber,male,male,male,0.82,0.0,0.18,0.73,True,,North America,usa,1
1593,jae ki,male,male,unisex,0.34,0.03,0.63,0.44,False,,Asia,korea,1
1594,tammi,female,female,unisex,0.11,0.44,0.45,0.18,False,,Mixed/ambiguous,great_britain|usa,2
1595,oytun,male,male,unisex,0.21,0.14,0.65,0.48,False,,Middle East,turkey,1
1596,coralee,female,female,female,0.01,0.77,0.22,0.66,True,,North America,usa,1
1597,imran,male,male,male,0.96,0.0,0.04,0.95,True,,Mixed/ambiguous,kosovo|azerbaijan|arabia,3
1598,glynn,mostly_male,male,unisex,0.47,0.01,0.52,0.28,False,,Mixed/ambiguous,great_britain|usa,2
1599,beverlee,female,female,unisex,0.13,0.29,0.58,0.37,False,,North America,usa,1
1600,isidore,male,male,male,0.9,0.0,0.1,0.84,True,,Mixed/ambiguous,usa|france,2
1601,benhür,female,female,unisex,0.45,0.02,0.53,0.29,False,,Middle East,turkey,1
1602,verlin,male,male,unisex,0.38,0.08,0.54,0.32,False,,North America,usa,1
1603,turner,male,male,unisex,0.4,0.0,0.6,0.4,False,,North America,usa,1
1604,joon woo,male,male,unisex,0.43,0.01,0.56,0.34,False,,Asia,korea,1
1605,pearl,female,female,female,0.01,0.67,0.32,0.51,True,,Mixed/ambiguous,great_britain|usa,2
1606,özlem,female,female,female,0.01,0.8,0.19,0.7,True,,Middle East,turkey,1
1607,kenia,female,female,unisex,0.09,0.09,0.82,0.73,False,,North America,usa,1
1608,dave,male,male,male,0.61,0.0,0.39,0.41,True,,Mixed/ambiguous,great_britain|ireland|usa|belgium|the_netherlands,5
1609,islam,male,male,unisex,0.29,0.01,0.7,0.55,False,,Mixed/ambiguous,bosniaand|kosovo|albania|azerbaijan|the_stans|arabia,6
1610,lyla,female,female,female,0.0,0.55,0.45,0.32,True,,Mixed/ambiguous,great_britain|usa,2
1611,misoon,female,female,unisex,0.19,0.2,0.61,0.41,False,,Asia,korea,1
1612,mamiko,female,female,female,0.03,0.67,0.3,0.52,True,,Asia,japan,1
1613,adil,male,male,male,0.89,0.0,0.11,0.83,True,,Mixed/ambiguous,bosniaand|kosovo|azerbaijan|the_stans|turkey|arabia,6
1614,hwa-young,female,female,unisex,0.07,0.15,0.78,0.67,False,,Asia,korea,1
1615,harinder,mostly_male,male,male,0.8,0.01,0.19,0.7,True,,Asia,india,1
1616,abidin,male,male,male,0.89,0.0,0.11,0.83,True,,Middle East,turkey,1
1617,richie,male,male,male,0.62,0.0,0.38,0.43,True,,Mixed/ambiguous,great_britain|usa,2
1618,collin,male,male,male,0.72,0.01,0.27,0.58,True,,Mixed/ambiguous,great_britain|usa,2
1619,telisa,female,female,unisex,0.15,0.28,0.57,0.35,False,,North America,usa,1
1620,jedidiah,male,male,male,0.86,0.0,0.14,0.78,True,,North America,usa,1
1621,fawwaz,male,male,male,0.98,0.0,0.02,0.96,True,,Middle East,arabia,1
1622,haven,female,female,unisex,0.09,0.01,0.9,0.85,False,,North America,usa,1
1623,chunil,male,male,male,0.51,0.03,0.46,0.27,True,,Asia,korea,1
1624,abbigail,female,female,female,0.01,0.76,0.23,0.63,True,,North America,usa,1
1625,ji-ho,mostly_male,male,unisex,0.22,0.02,0.76,0.65,False,,Asia,korea,1
1626,bee,female,female,unisex,0.17,0.05,0.78,0.67,False,,North America,usa,1
1627,abdel-hafid,male,male,male,0.95,0.0,0.05,0.92,True,,Middle East,arabia,1
1628,arzi,male,male,unisex,0.38,0.03,0.59,0.39,False,,Mixed/ambiguous,kosovo|turkey,2
1629,jenice,female,female,female,0.22,0.48,0.3,0.23,True,,North America,usa,1
1630,luella,female,female,female,0.01,0.72,0.27,0.58,True,,North America,usa,1
1631,eryn,female,female,unisex,0.04,0.41,0.55,0.33,False,,North America,usa,1
1632,austen,male,male,unisex,0.38,0.2,0.42,0.12,False,,North America,usa,1
1633,randa,female,female,unisex,0.16,0.33,0.51,0.27,False,,Mixed/ambiguous,usa|arabia,2
1634,tamara,female,female,female,0.01,0.81,0.18,0.7,True,,Mixed/ambiguous,usa|italy|belgium|the_netherlands|austria|latvia|lithuania|czech_republic|slovakia|romania|bulgaria|croatia|montenegro|serbia|slovenia|albania|russia|belarus|moldova|ukraine|armenia|azerbaijan|georgia|the_stans|israel,25
1635,destiney,female,female,unisex,0.03,0.47,0.5,0.25,False,,North America,usa,1
1636,min chul,male,male,male,0.54,0.01,0.45,0.31,True,,Asia,korea,1
1637,reshef,male,male,male,0.69,0.02,0.29,0.54,True,,Middle East,israel,1
1638,massumah,female,female,female,0.02,0.79,0.19,0.69,True,,Middle East,arabia,1
1639,leamon,male,male,unisex,0.31,0.04,0.65,0.47,False,,North America,usa,1
1640,mehdi,male,male,male,0.9,0.0,0.1,0.85,True,,Mixed/ambiguous,kosovo|albania|azerbaijan|arabia,4
1641,ki-suk,female,female,unisex,0.39,0.02,0.59,0.39,False,,Asia,korea,1
1642,hiroko,female,female,female,0.0,0.6900000000000001,0.31,0.53,True,,Asia,japan,1
1643,jong-min,mostly_male,male,male,0.5,0.01,0.49,0.25,True,,Asia,korea,1
1644,recep,male,male,male,0.98,0.0,0.02,0.97,True,,Middle East,turkey,1
1645,yoo-kyung,female,female,unisex,0.04,0.32,0.64,0.46,False,,Asia,korea,1
1646,grayson,male,male,male,0.71,0.0,0.29,0.56,True,,North America,usa,1
1647,lindell,male,male,male,0.58,0.0,0.42,0.36,True,,North America,usa,1
1648,anna,female,female,female,0.0,0.64,0.36,0.46,True,,Mixed/ambiguous,great_britain|ireland|usa|italy|malta|spain|france|belgium|luxembourg|the_netherlands|east_frisia|germany|austria|swiss|iceland|denmark|norway|sweden|finland|estonia|latvia|poland|czech_republic|slovakia|hungary|romania|bulgaria|greece|russia|belarus|moldova|ukraine|armenia|azerbaijan|georgia|the_stans|israel|japan,38
1649,anar,male,male,unisex,0.11,0.19,0.7,0.55,False,,Mixed/ambiguous,azerbaijan|the_stans,2
1650,fazile,female,female,unisex,0.08,0.45,0.47,0.2,False,,Mixed/ambiguous,kosovo|macedonia|turkey,3
1651,jamel,male,male,male,0.86,0.01,0.13,0.79,True,,North America,usa,1
1652,golchehr,female,female,female,0.03,0.73,0.24,0.6,True,,Middle East,arabia,1
1653,dorris,female,female,unisex,0.05,0.45,0.5,0.25,False,,North America,usa,1
1654,kary,mostly_female,female,unisex,0.26,0.02,0.72,0.58,False,,North America,usa,1
1655,gülüzar,female,female,female,0.01,0.91,0.08,0.87,True,,Middle East,turkey,1
1656,kya,female,female,unisex,0.09,0.01,0.9,0.85,False,,North America,usa,1
1657,sueann,female,female,unisex,0.01,0.45,0.54,0.3,False,,North America,usa,1
1658,robi,male,male,unisex,0.42,0.03,0.55,0.32,False,,Mixed/ambiguous,hungary|croatia|slovenia|india,4
1659,forough,female,female,female,0.05,0.75,0.2,0.63,True,,Middle East,arabia,1
1660,alter,male,male,unisex,0.36,0.01,0.63,0.44,False,,Middle East,israel,1
1661,alpha,female,female,unisex,0.34,0.0,0.66,0.49,False,,North America,usa,1
1662,frayda,female,female,female,0.06,0.73,0.21,0.61,True,,Middle East,israel,1
1663,saja,female,female,unisex,0.09,0.3,0.61,0.41,False,,Mixed/ambiguous,serbia|slovenia|arabia,3
1664,şefik,male,male,male,0.74,0.02,0.24,0.61,True,,Middle East,turkey,1
1665,germaine,female,female,female,0.13,0.52,0.35,0.28,True,,Mixed/ambiguous,usa|france|belgium|luxembourg|the_netherlands|swiss,6
1666,tikva,female,female,unisex,0.26,0.18,0.56,0.34,False,,Middle East,israel,1
1667,i̇hsan,male,male,male,0.5,0.02,0.48,0.24,True,,Middle East,turkey,1
1668,tiara,female,female,female,0.01,0.66,0.33,0.49,True,,North America,usa,1
1669,ivory,male,male,unisex,0.08,0.07,0.85,0.78,False,,North America,usa,1
1670,aslan,male,male,male,0.75,0.01,0.24,0.64,True,,Mixed/ambiguous,macedonia|azerbaijan|georgia|the_stans|turkey|arabia,6
1671,joohee,female,female,unisex,0.08,0.33,0.59,0.38,False,,Asia,korea,1
1672,abdolsaleh,male,male,male,0.93,0.0,0.07,0.89,True,,Middle East,arabia,1
1673,jennell,female,female,unisex,0.07,0.47,0.45999999999999996,0.2,False,,North America,usa,1
1674,margalit,female,female,female,0.07,0.67,0.26,0.5,True,,Middle East,israel,1
1675,young sam,male,male,male,0.51,0.01,0.48,0.27,True,,Asia,korea,1
1676,wonyoung,male,male,unisex,0.05,0.34,0.61,0.42,False,,Asia,korea,1
1677,jaylyn,female,female,unisex,0.02,0.3,0.68,0.53,False,,North America,usa,1
1678,trevion,male,male,male,0.73,0.01,0.26,0.6,True,,North America,usa,1
1679,shinnosuke,male,male,male,0.76,0.0,0.24,0.63,True,,Asia,japan,1
1680,cristal,female,female,unisex,0.09,0.45,0.46,0.2,False,,North America,usa,1
1681,brycen,male,male,male,0.69,0.01,0.3,0.54,True,,North America,usa,1
1682,elda,female,female,female,0.01,0.6900000000000001,0.3,0.53,True,,Mixed/ambiguous,italy|kosovo|slovenia|albania|armenia,5
1683,won-jung,male,male,unisex,0.07,0.02,0.91,0.86,False,,Asia,korea,1
1684,shuko,female,female,unisex,0.29,0.16,0.55,0.33,False,,Mixed/ambiguous,albania|japan,2
1685,chongnam,male,male,unisex,0.42,0.01,0.57,0.35,False,,Asia,korea,1
1686,octavia,female,female,female,0.12,0.55,0.33,0.33,True,,Mixed/ambiguous,usa|spain|romania|moldova,4
1687,naci,male,male,unisex,0.44,0.04,0.52,0.28,False,,Middle East,turkey,1
1688,shinnichi,male,male,male,0.72,0.0,0.28,0.57,True,,Asia,japan,1
1689,linnie,female,female,unisex,0.05,0.43,0.52,0.29,False,,North America,usa,1
1690,medina,female,female,unisex,0.36,0.02,0.62,0.42,False,,Mixed/ambiguous,bosniaand|kosovo|azerbaijan|the_stans,4
1691,bong-ki,male,male,unisex,0.41,0.01,0.58,0.36,False,,Asia,korea,1
1692,kyung sook,female,female,unisex,0.05,0.37,0.58,0.38,False,,Asia,korea,1
1693,kori,female,female,unisex,0.34,0.03,0.63,0.44,False,,Mixed/ambiguous,usa|serbia,2
1694,kyong hui,female,female,unisex,0.05,0.23,0.72,0.58,False,,Asia,korea,1
1695,ilmar,male,male,male,0.69,0.04,0.27,0.53,True,,Mixed/ambiguous,estonia|azerbaijan,2
1696,ivette,female,female,female,0.04,0.78,0.18,0.67,True,,Mixed/ambiguous,usa|spain|france|the_netherlands|germany,5
1697,cloyd,male,male,male,0.79,0.0,0.21,0.68,True,,North America,usa,1
1698,yigal,male,male,male,0.9400000000000001,0.0,0.06,0.9,True,,Middle East,israel,1
1699,song hee,female,female,unisex,0.09,0.06,0.85,0.77,False,,Asia,korea,1
1700,nehal,female,female,female,0.05,0.58,0.37,0.36,True,,Middle East,turkey,1
1701,ruby,female,female,female,0.01,0.59,0.4,0.39,True,,Mixed/ambiguous,great_britain|usa|the_netherlands,3
1702,verlyn,male,male,unisex,0.38,0.08,0.54,0.31,False,,North America,usa,1
1703,hamdiye,female,female,female,0.1,0.74,0.16,0.61,True,,Mixed/ambiguous,kosovo|turkey,2
1704,redha,male,male,female,0.2,0.45,0.35,0.18,False,,Middle East,arabia,1
1705,patrice,male,male,male,0.62,0.04,0.34,0.43,True,,Mixed/ambiguous,usa|france|belgium|luxembourg|swiss,5
1706,suzy,female,female,female,0.02,0.68,0.3,0.52,True,,Mixed/ambiguous,great_britain|usa|france|belgium,4
1707,varol,male,male,unisex,0.47,0.02,0.51,0.26,False,,Middle East,turkey,1
1708,dasia,female,female,female,0.12,0.64,0.24,0.46,True,,North America,usa,1
1709,peshah,female,female,male,0.54,0.02,0.44,0.31,False,,Middle East,israel,1
1710,hester,female,female,unisex,0.11,0.4,0.49,0.23,False,,Mixed/ambiguous,great_britain|usa|the_netherlands,3
1711,gülizar,female,female,female,0.01,0.92,0.07,0.89,True,,Middle East,turkey,1
1712,orit,female,female,unisex,0.34,0.06,0.6,0.4,False,,Middle East,israel,1
1713,dongwan,male,male,unisex,0.24,0.01,0.75,0.62,False,,Asia,korea,1
1714,shirley,female,female,female,0.21,0.49,0.3,0.24,True,,Mixed/ambiguous,great_britain|ireland|usa|malta|belgium|the_netherlands,6
1715,kardelen,female,female,female,0.01,0.84,0.15,0.77,True,,Middle East,turkey,1
1716,carri,female,female,unisex,0.19,0.15,0.66,0.5,False,,North America,usa,1
1717,wooryong,mostly_male,male,unisex,0.34,0.02,0.64,0.47,False,,Asia,korea,1
1718,kimberlyn,female,female,female,0.03,0.55,0.42,0.33,True,,North America,usa,1
1719,melynda,female,female,female,0.01,0.66,0.33,0.5,True,,North America,usa,1
1720,roderick,male,male,male,0.84,0.0,0.16,0.75,True,,Mixed/ambiguous,great_britain|usa|malta|the_netherlands,4
1721,fern,female,female,unisex,0.03,0.43,0.54,0.3,False,,North America,usa,1
1722,yuliya,female,female,female,0.02,0.77,0.21,0.67,True,,Mixed/ambiguous,bulgaria|russia|belarus|ukraine|armenia|azerbaijan|the_stans,7
1723,nickolas,male,male,male,0.82,0.0,0.18,0.73,True,,North America,usa,1
1724,kiyohisa,male,male,male,0.71,0.0,0.29,0.55,True,,Asia,japan,1
1725,karlo,male,male,male,0.76,0.0,0.24,0.64,True,,Mixed/ambiguous,denmark|bulgaria|bosniaand|croatia|slovenia|georgia,6
1726,jeen,male,male,unisex,0.05,0.21,0.74,0.61,False,,Mixed/ambiguous,the_netherlands|korea,2
1727,tetsuro,male,male,male,0.74,0.0,0.26,0.61,True,,Asia,japan,1
1728,sellan,male,male,unisex,0.18,0.04,0.78,0.67,False,,Asia,india,1
1729,sharmistha,female,female,female,0.01,0.91,0.08,0.87,True,,Asia,india,1
1730,roscoe,male,male,male,0.77,0.0,0.23,0.65,True,,North America,usa,1
1731,louann,female,female,unisex,0.08,0.41,0.51,0.27,False,,North America,usa,1
1732,ariana,female,female,female,0.01,0.77,0.22,0.66,True,,Mixed/ambiguous,great_britain|usa|italy|swiss|romania|croatia|kosovo|slovenia|albania,9
1733,seong-tai,male,male,male,0.63,0.01,0.36,0.44,True,,Asia,korea,1
1734,deann,female,female,unisex,0.07,0.29,0.64,0.46,False,,North America,usa,1
1735,dilyana,female,female,female,0.02,0.91,0.07,0.87,True,,Mixed/ambiguous,bulgaria|the_stans,2
1736,noemi,female,female,female,0.01,0.83,0.16,0.75,True,,Mixed/ambiguous,usa|italy|swiss|israel,4
1737,seyh,male,male,male,0.76,0.01,0.23,0.64,True,,Middle East,turkey,1
1738,kyungsoo,male,male,unisex,0.46,0.01,0.53,0.3,False,,Asia,korea,1
1739,muhterem,female,female,unisex,0.15,0.22,0.63,0.43,False,,Middle East,turkey,1
1740,gadalia,male,male,male,0.76,0.06,0.18,0.64,True,,Middle East,israel,1
1741,sebnem,female,female,female,0.02,0.83,0.15,0.74,True,,Middle East,arabia,1
1742,mellissa,female,female,female,0.02,0.82,0.16,0.73,True,,North America,usa,1
1743,youngjin,mostly_male,male,unisex,0.2,0.02,0.78,0.66,False,,Asia,korea,1
1744,chong won,male,male,unisex,0.14,0.0,0.86,0.78,False,,Asia,korea,1
1745,frasier,male,male,unisex,0.48,0.01,0.51,0.26,False,,North America,usa,1
1746,halime,female,female,unisex,0.11,0.36,0.53,0.3,False,,Mixed/ambiguous,kosovo|albania|turkey,3
1747,ghazanfar,male,male,male,0.96,0.0,0.04,0.94,True,,Middle East,arabia,1
1748,carolee,female,female,female,0.02,0.63,0.35,0.45,True,,North America,usa,1
1749,odis,male,male,unisex,0.43,0.03,0.54,0.32,False,,North America,usa,1
1750,shanon,mostly_female,female,unisex,0.29,0.08,0.63,0.44,False,,North America,usa,1
1751,morgana,female,female,female,0.04,0.75,0.21,0.62,True,,Mixed/ambiguous,great_britain|usa|italy,3
1752,gülnur,female,female,female,0.01,0.91,0.08,0.85,True,,Middle East,turkey,1
1753,nurhayat,female,female,unisex,0.16,0.21,0.63,0.45,False,,Middle East,turkey,1
1754,jamar,male,male,male,0.68,0.01,0.31,0.52,True,,North America,usa,1
1755,tonja,female,female,female,0.06,0.56,0.38,0.33,True,,North America,usa,1
1756,shahryar,male,male,male,0.9,0.0,0.1,0.84,True,,Middle East,arabia,1
1757,devonte,male,male,male,0.78,0.0,0.22,0.67,True,,North America,usa,1
1758,trae,male,male,male,0.56,0.02,0.42,0.34,True,,North America,usa,1
1759,muhammer,male,male,male,0.53,0.01,0.46,0.29,True,,Middle East,turkey,1
1760,shaimaa,female,female,female,0.01,0.92,0.07,0.89,True,,Middle East,arabia,1
1761,demarcus,male,male,male,0.81,0.0,0.19,0.72,True,,North America,usa,1
1762,nathanael,male,male,male,0.92,0.0,0.08,0.87,True,,Mixed/ambiguous,great_britain|usa|france|belgium|germany|austria|swiss,7
1763,andria,female,female,unisex,0.31,0.31,0.38,0.06,False,,North America,usa,1
1764,myong-sook,female,female,female,0.02,0.63,0.35,0.44,True,,Asia,korea,1
1765,victorija,female,female,female,0.04,0.8,0.16,0.7,True,,Mixed/ambiguous,ukraine|the_stans,2
1766,hee young,mostly_female,female,unisex,0.1,0.13,0.77,0.66,False,,Asia,korea,1
1767,thanendran,male,male,male,0.92,0.01,0.07,0.88,True,,Asia,india,1
1768,ronette,female,female,female,0.07,0.49,0.44,0.23,True,,North America,usa,1
1769,codie,male,male,male,0.6,0.02,0.38,0.41,True,,North America,usa,1
1770,kacey,female,female,unisex,0.05,0.34,0.61,0.42,False,,North America,usa,1
1771,dae-sung,male,male,male,0.57,0.0,0.43,0.35,True,,Asia,korea,1
1772,loveleen,female,female,female,0.05,0.59,0.36,0.38,True,,North America,usa,1
1773,elmar,male,male,male,0.61,0.01,0.38,0.41,True,,Mixed/ambiguous,east_frisia|germany|austria|swiss|iceland|estonia|azerbaijan,7
1774,harriette,female,female,female,0.04,0.72,0.24,0.57,True,,North America,usa,1
1775,kimi,female,female,unisex,0.1,0.09,0.81,0.71,False,,Mixed/ambiguous,finland|japan,2
1776,swati,female,female,female,0.09,0.72,0.19,0.58,True,,Asia,india,1
1777,mariah,female,female,female,0.02,0.6,0.38,0.4,True,,North America,usa,1
1778,massuda,female,female,unisex,0.43,0.04,0.53,0.3,False,,Middle East,arabia,1
1779,rebeca,female,female,female,0.06,0.73,0.21,0.59,True,,Mixed/ambiguous,usa|spain|romania,3
1780,mazal,female,female,unisex,0.19,0.3,0.51,0.26,False,,Middle East,israel,1
1781,ferdos,female,female,male,0.59,0.07,0.34,0.39,False,,Middle East,arabia,1
1782,dillion,male,male,male,0.65,0.0,0.35,0.47,True,,North America,usa,1
1783,firdaus,female,female,female,0.03,0.51,0.46,0.26,True,,Middle East,arabia,1
1784,abdol reza,male,male,male,0.77,0.0,0.23,0.65,True,,Middle East,arabia,1
1785,ashtyn,female,female,unisex,0.05,0.08,0.87,0.8,False,,North America,usa,1
1786,choonsun,female,female,unisex,0.23,0.02,0.75,0.62,False,,Asia,korea,1
1787,alanna,female,female,female,0.01,0.66,0.33,0.5,True,,Mixed/ambiguous,great_britain|usa,2
1788,manzur,male,male,male,0.93,0.0,0.07,0.89,True,,Middle East,arabia,1
1789,chelsey,female,female,unisex,0.02,0.42,0.56,0.34,False,,Mixed/ambiguous,great_britain|usa,2
1790,kinuko,female,female,female,0.09,0.6,0.31,0.4,True,,Asia,japan,1
1791,chungja,female,female,unisex,0.15,0.01,0.84,0.76,False,,Asia,korea,1
1792,jaxon,male,male,male,0.77,0.0,0.23,0.65,True,,North America,usa,1
1793,valery,male,male,unisex,0.39,0.11,0.5,0.25,False,,Mixed/ambiguous,usa|bulgaria|russia|belarus|ukraine|armenia|azerbaijan|the_stans,8
1794,kuddusi,male,male,male,0.8,0.01,0.19,0.7,True,,Middle East,turkey,1
1795,brad,male,male,male,0.83,0.01,0.16,0.75,True,,North America,usa,1
1796,fidan,female,female,unisex,0.39,0.12,0.49,0.23,False,,Mixed/ambiguous,kosovo|armenia|azerbaijan|turkey,4
1797,hongki,male,male,male,0.5,0.02,0.48,0.25,True,,Asia,korea,1
1798,chris,mostly_male,male,unisex,0.42,0.01,0.57,0.36,False,,Mixed/ambiguous,great_britain|ireland|usa|malta|belgium|the_netherlands|germany|denmark|norway|sweden,10
1799,lyman,male,male,male,0.77,0.0,0.23,0.66,True,,North America,usa,1
1800,fraidel,female,female,female,0.16,0.63,0.21,0.45,True,,Middle East,israel,1
1801,nezihe,female,female,female,0.03,0.72,0.25,0.58,True,,Middle East,turkey,1
1802,rami,male,male,male,0.58,0.02,0.4,0.37,True,,Mixed/ambiguous,finland|kosovo|macedonia|albania|arabia|israel,6
1803,tracey,mostly_female,female,unisex,0.04,0.41,0.55,0.33,False,,Mixed/ambiguous,great_britain|ireland|usa,3
1804,dawna,female,female,female,0.02,0.58,0.4,0.37,True,,North America,usa,1
1805,marquis,male,male,male,0.78,0.01,0.21,0.67,True,,North America,usa,1
1806,pamella,female,female,female,0.02,0.81,0.17,0.72,True,,North America,usa,1
1807,ittai,male,male,male,0.76,0.02,0.22,0.65,True,,Middle East,israel,1
1808,aiman,female,female,unisex,0.41,0.11,0.48,0.21,False,,Mixed/ambiguous,the_stans|arabia,2
1809,toan,mostly_male,male,unisex,0.42,0.02,0.5599999999999999,0.35,False,,Asia,vietnam,1
1810,altan,male,male,unisex,0.45,0.03,0.52,0.29,False,,Middle East,turkey,1
1811,fumie,female,female,female,0.04,0.76,0.2,0.64,True,,Asia,japan,1
1812,garett,male,male,male,0.85,0.0,0.15,0.77,True,,North America,usa,1
1813,sithamparapillai,male,male,male,0.71,0.01,0.28,0.57,True,,Asia,india,1
1814,kaushal,female,female,male,0.75,0.01,0.24,0.62,False,,Asia,india,1
1815,theodore,male,male,male,0.73,0.0,0.27,0.59,True,,Mixed/ambiguous,great_britain|usa|east_frisia|germany,4
1816,margarette,female,female,female,0.06,0.78,0.16,0.66,True,,North America,usa,1
1817,lamont,male,male,male,0.67,0.0,0.33,0.5,True,,North America,usa,1
1818,tabatha,female,female,female,0.02,0.76,0.22,0.63,True,,North America,usa,1
1819,jett,male,male,male,0.57,0.01,0.42,0.35,True,,North America,usa,1
1820,shamsher,male,male,male,0.85,0.02,0.13,0.78,True,,Asia,india,1
1821,ida,female,female,female,0.04,0.55,0.41,0.32,True,,Mixed/ambiguous,usa|italy|spain|france|belgium|luxembourg|the_netherlands|east_frisia|germany|austria|swiss|iceland|denmark|norway|sweden|finland|latvia|slovakia|hungary|romania|croatia|slovenia|armenia|the_stans,24
1822,jaakov,male,male,male,0.91,0.01,0.08,0.87,True,,Middle East,israel,1
1823,zahava,female,female,female,0.02,0.83,0.15,0.75,True,,Middle East,israel,1
1824,jin-kyong,female,female,unisex,0.18,0.04,0.78,0.67,False,,Asia,korea,1
1825,devante,male,male,male,0.8,0.0,0.2,0.7,True,,North America,usa,1
1826,jihan,mostly_male,male,unisex,0.17,0.32,0.51,0.26,False,,Middle East,arabia,1
1827,umaymah,female,female,female,0.09,0.67,0.24,0.51,True,,Middle East,arabia,1
1828,tijen,mostly_female,female,unisex,0.25,0.2,0.55,0.33,False,,Middle East,turkey,1
1829,junius,male,male,male,0.87,0.0,0.13,0.79,True,,North America,usa,1
1830,manaf,male,male,male,0.77,0.02,0.21,0.65,True,,Mixed/ambiguous,azerbaijan|arabia,2
1831,mecnun,male,male,male,0.92,0.0,0.08,0.87,True,,Middle East,turkey,1
1832,maki,female,female,unisex,0.2,0.1,0.7,0.55,False,,Asia,japan,1
1833,abdulghani,male,male,male,0.94,0.0,0.06,0.91,True,,Middle East,arabia,1
1834,cornelius,male,male,male,0.84,0.0,0.16,0.76,True,,Mixed/ambiguous,great_britain|ireland|usa|east_frisia|germany|austria|swiss,7
1835,ashutosh,male,male,male,0.86,0.0,0.14,0.78,True,,Asia,india,1
1836,reem,female,female,female,0.08,0.62,0.3,0.43,True,,Middle East,arabia,1
1837,yong ju,female,female,unisex,0.18,0.02,0.8,0.71,False,,Asia,korea,1
1838,keyvan,male,male,male,0.56,0.03,0.41,0.33,True,,Middle East,arabia,1
1839,shakil,male,male,male,0.74,0.01,0.25,0.6,True,,Middle East,arabia,1
1840,vladik,male,male,male,0.94,0.01,0.05,0.91,True,,Mixed/ambiguous,belarus|armenia,2
1841,avichai,male,male,male,0.95,0.01,0.04,0.92,True,,Middle East,israel,1
1842,lynann,female,female,unisex,0.01,0.49,0.5,0.25,False,,North America,usa,1
1843,jaleh,female,female,unisex,0.05,0.46,0.49,0.24,False,,Middle East,arabia,1
1844,ubeydullah,male,male,male,0.99,0.0,0.01,0.98,True,,Middle East,turkey,1
1845,pervin,female,female,female,0.05,0.58,0.37,0.37,True,,Middle East,turkey,1
1846,shreekant,male,male,male,0.93,0.0,0.07,0.88,True,,Asia,india,1
1847,naoto,male,male,unisex,0.46,0.01,0.53,0.3,False,,Asia,japan,1
1848,halit,male,male,male,0.58,0.05,0.37,0.37,True,,Mixed/ambiguous,kosovo|albania|turkey,3
1849,herald,male,male,unisex,0.45,0.01,0.54,0.31,False,,Mixed/ambiguous,east_frisia|germany|armenia,3
1850,nimr,male,male,male,0.82,0.02,0.16,0.72,True,,Middle East,arabia,1
1851,songok,female,female,unisex,0.39,0.02,0.59,0.39,False,,Asia,korea,1
1852,i̇dil,female,female,female,0.07,0.62,0.31,0.44,True,,Middle East,turkey,1
1853,seong hee,female,female,unisex,0.12,0.1,0.78,0.66,False,,Asia,korea,1
1854,kaori,female,female,female,0.01,0.57,0.42,0.35,True,,Asia,japan,1
1855,shilpa,female,female,female,0.0,0.92,0.08,0.88,True,,Asia,india,1
1856,ranjit,mostly_male,male,male,0.88,0.0,0.12,0.82,True,,Asia,india,1
1857,chayah,female,female,unisex,0.12,0.32,0.56,0.34,False,,Middle East,israel,1
1858,sooji,female,female,unisex,0.16,0.1,0.74,0.61,False,,Asia,korea,1
1859,murtaza,male,male,male,0.99,0.0,0.01,0.98,True,,Middle East,arabia,1
1860,jeyathevan,male,male,male,0.91,0.01,0.08,0.87,True,,Asia,india,1
1861,arye,male,male,unisex,0.39,0.14,0.47,0.21,False,,Middle East,israel,1
1862,renee,female,female,female,0.01,0.66,0.33,0.5,True,,Mixed/ambiguous,great_britain|ireland|usa|the_netherlands|austria|swiss|estonia,7
1863,taisir,male,male,male,0.69,0.02,0.29,0.53,True,,Middle East,arabia,1
1864,hideyuki,male,male,male,0.62,0.0,0.38,0.43,True,,Asia,japan,1
1865,parrish,male,male,unisex,0.22,0.0,0.78,0.67,False,,North America,usa,1
1866,merry,female,female,unisex,0.13,0.18,0.69,0.54,False,,Mixed/ambiguous,great_britain|usa|denmark,3
1867,hanan,female,female,female,0.03,0.68,0.29,0.52,True,,Middle East,arabia|israel,2
1868,kingsley,male,male,male,0.62,0.0,0.38,0.42,True,,Mixed/ambiguous,great_britain|india,2
1869,darian,mostly_male,male,male,0.75,0.01,0.24,0.62,True,,North America,usa,1
1870,layton,male,male,male,0.61,0.0,0.39,0.41,True,,North America,usa,1
1871,chang hwan,male,male,unisex,0.35,0.01,0.64,0.46,False,,Asia,korea,1
1872,sky,mostly_female,female,unisex,0.08,0.02,0.9,0.85,False,,North America,usa,1
1873,hailee,female,female,unisex,0.01,0.47,0.52,0.28,False,,North America,usa,1
1874,radia,female,female,female,0.07,0.68,0.25,0.51,True,,Middle East,arabia,1
1875,harlan,male,male,male,0.83,0.0,0.17,0.75,True,,North America,usa,1
1876,il soo,male,male,unisex,0.32,0.02,0.66,0.5,False,,Asia,korea,1
1877,nobuaki,male,male,male,0.83,0.0,0.17,0.73,True,,Asia,japan,1
1878,abdulsattar,male,male,male,0.94,0.0,0.06,0.91,True,,Middle East,arabia,1
1879,atiye,female,female,female,0.06,0.64,0.3,0.46,True,,Middle East,turkey,1
1880,hee eun,female,female,unisex,0.07,0.23,0.7,0.55,False,,Asia,korea,1
1881,sneh,female,female,female,0.1,0.54,0.36,0.32,True,,Asia,india,1
1882,dessie,female,female,unisex,0.24,0.17,0.59,0.38,False,,North America,usa,1
1883,jayde,female,female,unisex,0.07,0.12,0.81,0.71,False,,North America,usa,1
1884,anastasiya,female,female,female,0.03,0.85,0.12,0.77,True,,Mixed/ambiguous,bulgaria|russia|belarus|ukraine|azerbaijan|the_stans,6
1885,chet,male,male,male,0.71,0.0,0.29,0.55,True,,North America,usa,1
1886,ragip,male,male,male,0.51,0.04,0.45,0.27,True,,Mixed/ambiguous,kosovo|albania|turkey,3
1887,cleon,male,male,male,0.79,0.01,0.2,0.69,True,,North America,usa,1
1888,kai,male,male,unisex,0.44,0.01,0.55,0.32,False,,Mixed/ambiguous,east_frisia|germany|swiss|denmark|norway|sweden|finland|estonia|japan,9
1889,tayfun,male,male,male,0.85,0.0,0.15,0.76,True,,Middle East,turkey,1
1890,carolyne,female,female,female,0.02,0.8,0.18,0.7,True,,North America,usa,1
1891,lorena,female,female,female,0.01,0.81,0.18,0.71,True,,Mixed/ambiguous,usa|italy|spain|france|swiss|romania|croatia|albania,8
1892,tirtsa,female,female,female,0.13,0.68,0.19,0.52,True,,Middle East,israel,1
1893,cecily,female,female,female,0.03,0.8,0.17,0.7,True,,Mixed/ambiguous,great_britain|usa,2
1894,jayati,female,female,female,0.12,0.58,0.3,0.38,True,,Asia,india,1
1895,garfield,male,male,male,0.87,0.01,0.12,0.82,True,,Mixed/ambiguous,great_britain|usa,2
1896,hachiro,male,male,male,0.85,0.0,0.15,0.77,True,,Asia,japan,1
1897,caden,male,male,male,0.65,0.01,0.34,0.47,True,,North America,usa,1
1898,itzchak,male,male,male,0.91,0.0,0.09,0.86,True,,Middle East,israel,1
1899,ozzy,male,male,male,0.74,0.01,0.25,0.62,True,,North America,usa,1
1900,dorrie,female,female,female,0.08,0.51,0.41,0.26,True,,North America,usa,1
1901,achicam,male,male,unisex,0.27,0.03,0.7,0.54,False,,Middle East,israel,1
1902,darrien,male,male,male,0.63,0.01,0.36,0.44,True,,North America,usa,1
1903,coleman,male,male,unisex,0.44,0.0,0.56,0.34,False,,North America,usa,1
1904,naile,female,female,unisex,0.42,0.04,0.54,0.3,False,,Mixed/ambiguous,kosovo|albania|azerbaijan|turkey,4
1905,young-chan,male,male,unisex,0.14,0.02,0.84,0.76,False,,Asia,korea,1
1906,jacklyn,female,female,unisex,0.05,0.46,0.49,0.22,False,,North America,usa,1
1907,dusty,mostly_male,male,unisex,0.23,0.04,0.73,0.59,False,,North America,usa,1
1908,cleveland,male,male,male,0.61,0.01,0.38,0.42,True,,North America,usa,1
1909,jayoung,female,female,unisex,0.21,0.06,0.73,0.59,False,,Asia,korea,1
1910,alkan,male,male,unisex,0.42,0.02,0.56,0.34,False,,Middle East,turkey,1
1911,celil,male,male,male,0.66,0.04,0.3,0.49,True,,Middle East,turkey|arabia,2
1912,remington,male,male,male,0.8200000000000001,0.0,0.18,0.72,True,,North America,usa,1
1913,hidayet,mostly_male,male,unisex,0.42,0.04,0.54,0.32,False,,Mixed/ambiguous,azerbaijan|turkey,2
1914,hamud,male,male,male,0.89,0.0,0.11,0.83,True,,Middle East,arabia,1
1915,weston,male,male,male,0.56,0.0,0.44,0.33,True,,North America,usa,1
1916,hi chul,male,male,unisex,0.32,0.03,0.65,0.47,False,,Asia,korea,1
1917,mollie,female,female,female,0.02,0.76,0.22,0.64,True,,Mixed/ambiguous,great_britain|usa,2
1918,witali,male,male,male,0.84,0.02,0.14,0.76,True,,Mixed/ambiguous,russia|ukraine|the_stans,3
1919,cindy,female,female,female,0.0,0.64,0.36,0.45,True,,Mixed/ambiguous,great_britain|ireland|usa|france|belgium|luxembourg|the_netherlands|east_frisia|germany|swiss,10
1920,wade,male,male,male,0.6799999999999999,0.01,0.31,0.53,True,,North America,usa,1
1921,itta,female,female,unisex,0.21,0.12,0.67,0.5,False,,Middle East,israel,1
1922,marlyn,female,female,female,0.12,0.45,0.43,0.18,True,,Mixed/ambiguous,great_britain|usa,2
1923,dürdane,female,female,female,0.02,0.88,0.1,0.82,True,,Middle East,turkey,1
1924,hakima,female,female,female,0.04,0.77,0.19,0.65,True,,Middle East,arabia,1
1925,mickey,mostly_male,male,male,0.63,0.01,0.36,0.45,True,,Mixed/ambiguous,usa|the_netherlands,2
1926,dukjun,male,male,unisex,0.48,0.03,0.49,0.24,False,,Asia,korea,1
1927,fahima,female,female,female,0.04,0.88,0.08,0.83,True,,Middle East,arabia,1
1928,hassanah,female,female,female,0.05,0.74,0.21,0.6,True,,Middle East,arabia,1
1929,wissam,mostly_male,male,male,0.87,0.01,0.12,0.81,True,,Middle East,arabia,1
1930,madelynn,female,female,female,0.01,0.69,0.3,0.54,True,,North America,usa,1
1931,clete,male,male,male,0.94,0.0,0.06,0.91,True,,North America,usa,1
1932,kirby,mostly_male,male,unisex,0.43,0.01,0.56,0.34,False,,North America,usa,1
1933,israr,male,male,unisex,0.44,0.08,0.48,0.22,False,,Middle East,arabia,1
1934,nakia,mostly_female,female,unisex,0.26,0.16,0.58,0.36,False,,North America,usa,1
1935,aletha,female,female,female,0.04,0.6,0.36,0.39,True,,North America,usa,1
1936,saige,female,female,female,0.04,0.53,0.43,0.31,True,,North America,usa,1
1937,abdalsalam,male,male,male,0.95,0.0,0.05,0.92,True,,Middle East,arabia,1
1938,liem,mostly_male,male,unisex,0.17,0.0,0.83,0.74,False,,Asia,vietnam,1
1939,maverick,male,male,male,0.52,0.01,0.47,0.29,True,,North America,usa,1
1940,callie,female,female,unisex,0.04,0.34,0.62,0.44,False,,Mixed/ambiguous,great_britain|usa,2
1941,bilha,female,female,unisex,0.19,0.32,0.49,0.23,False,,Middle East,israel,1
1942,tomoji,male,male,male,0.75,0.01,0.24,0.63,True,,Asia,japan,1
1943,schahnaz,female,female,female,0.01,0.89,0.1,0.84,True,,Middle East,arabia,1
1944,darine,female,female,unisex,0.11,0.44,0.45,0.18,False,,Middle East,arabia,1
1945,aarti,female,female,female,0.01,0.77,0.22,0.66,True,,Asia,india,1
1946,chung yeol,male,male,unisex,0.17,0.01,0.82,0.74,False,,Asia,korea,1
1947,normand,male,male,male,0.74,0.0,0.26,0.61,True,,North America,usa,1
1948,sung-jae,male,male,unisex,0.45,0.01,0.54,0.31,False,,Asia,korea,1
1949,parker,mostly_male,male,unisex,0.23,0.0,0.77,0.66,False,,North America,usa,1
1950,nyasia,female,female,unisex,0.1,0.36,0.54,0.31,False,,North America,usa,1
1951,katia,female,female,female,0.01,0.81,0.17,0.72,True,,Mixed/ambiguous,italy|malta|france|belgium|luxembourg|swiss|bulgaria|russia|azerbaijan,9
1952,rahim,male,male,male,0.86,0.01,0.13,0.79,True,,Mixed/ambiguous,kosovo|azerbaijan|turkey|arabia,4
1953,ramsey,male,male,unisex,0.46,0.0,0.54,0.31,False,,Mixed/ambiguous,great_britain|usa,2
1954,levar,male,male,unisex,0.46,0.03,0.51,0.27,False,,North America,usa,1
1955,hyungjoong,female,female,male,0.61,0.0,0.39,0.4,False,,Asia,korea,1
1956,satwinder,mostly_male,male,male,0.64,0.03,0.33,0.46,True,,Asia,india,1
1957,mounir,male,male,male,0.94,0.0,0.06,0.91,True,,Middle East,arabia,1
1958,desmond,male,male,male,0.77,0.01,0.22,0.66,True,,Mixed/ambiguous,great_britain|ireland|usa,3
1959,jong-tae,male,male,male,0.64,0.0,0.36,0.45,True,,Asia,korea,1
1960,nobuyasu,male,male,male,0.75,0.0,0.25,0.61,True,,Asia,japan,1
1961,toya,female,female,unisex,0.29,0.08,0.63,0.44,False,,North America,usa,1
1962,denver,male,male,male,0.53,0.01,0.46,0.29,True,,Mixed/ambiguous,great_britain|usa,2
1963,jeyhun,male,male,male,0.64,0.05,0.31,0.46,True,,Mixed/ambiguous,azerbaijan|the_stans,2
1964,semiye,female,female,male,0.47,0.15,0.38,0.21,False,,Middle East,turkey,1
1965,hyunah,female,female,female,0.02,0.58,0.4,0.37,True,,Asia,korea,1
1966,rasim,male,male,male,0.82,0.01,0.17,0.74,True,,Mixed/ambiguous,bosniaand|kosovo|montenegro|albania|armenia|azerbaijan|the_stans|turkey|arabia,9
1967,gena,female,female,unisex,0.08,0.42,0.5,0.25,False,,Mixed/ambiguous,usa|romania|bulgaria|macedonia|russia|belarus|ukraine|azerbaijan,8
1968,ayşegül,female,female,female,0.01,0.88,0.11,0.82,True,,Middle East,turkey,1
1969,ruwaydah,female,female,male,0.81,0.08,0.11,0.72,False,,Middle East,arabia,1
1970,belgin,female,female,unisex,0.3,0.08,0.62,0.43,False,,Middle East,turkey,1
1971,elouise,female,female,female,0.01,0.74,0.25,0.61,True,,North America,usa,1
1972,erkan,male,male,male,0.69,0.01,0.3,0.53,True,,Middle East,turkey,1
1973,dameon,male,male,male,0.85,0.01,0.14,0.79,True,,North America,usa,1
1974,poonam,female,female,female,0.01,0.9,0.09,0.85,True,,Asia,india,1
1975,georgia,female,female,unisex,0.05,0.41,0.54,0.31,False,,Mixed/ambiguous,great_britain|usa|italy|greece,4
1976,arkadiy,male,male,male,0.91,0.01,0.08,0.87,True,,Mixed/ambiguous,russia|belarus|azerbaijan,3
1977,uma,female,female,female,0.06,0.54,0.4,0.3,True,,Asia,india,1
1978,richelle,female,female,female,0.01,0.79,0.2,0.69,True,,Mixed/ambiguous,usa|the_netherlands,2
1979,yaren,female,female,unisex,0.3,0.07,0.63,0.45,False,,Middle East,turkey,1
1980,leonid,male,male,male,0.93,0.01,0.06,0.9,True,,Mixed/ambiguous,romania|russia|belarus|moldova|ukraine|armenia|azerbaijan|the_stans|israel,9
1981,qasem,male,male,male,0.94,0.0,0.06,0.92,True,,Middle East,arabia,1
1982,mo,mostly_male,male,unisex,0.28,0.01,0.71,0.57,False,,Mixed/ambiguous,great_britain|korea,2
1983,cathrine,female,female,female,0.01,0.74,0.25,0.6,True,,Mixed/ambiguous,usa|austria|denmark|norway|sweden,5
1984,mita,female,female,unisex,0.14,0.24,0.62,0.43,False,,Mixed/ambiguous,romania|bulgaria|serbia|india,4
1985,karon,female,female,unisex,0.13,0.15,0.72,0.57,False,,North America,usa,1
1986,jyoti,female,female,female,0.02,0.79,0.19,0.69,True,,Asia,india,1
1987,loyal,male,male,unisex,0.21,0.02,0.77,0.66,False,,North America,usa,1
1988,ofir,male,male,unisex,0.28,0.2,0.52,0.28,False,,Middle East,israel,1
1989,alaeddine,male,male,male,0.91,0.0,0.09,0.87,True,,Middle East,arabia,1
1990,abagail,female,female,female,0.01,0.69,0.3,0.53,True,,North America,usa,1
1991,danette,female,female,unisex,0.29,0.12,0.59,0.38,False,,North America,usa,1
1992,melek,female,female,unisex,0.1,0.42,0.48,0.22,False,,Middle East,turkey,1
1993,reza,mostly_male,male,male,0.89,0.0,0.11,0.84,True,,Middle East,arabia,1
1994,alonzo,male,male,male,0.9,0.0,0.1,0.84,True,,North America,usa,1
1995,vandana,female,female,female,0.01,0.96,0.03,0.94,True,,Mixed/ambiguous,romania|india,2
1996,mi-jin,female,female,unisex,0.13,0.3,0.57,0.37,False,,Asia,korea,1
1997,margo,female,female,female,0.03,0.67,0.3,0.5,True,,Mixed/ambiguous,great_britain|ireland|usa|belgium|the_netherlands|estonia|armenia|the_stans,8
1998,tadamichi,male,male,male,0.86,0.01,0.13,0.79,True,,Asia,japan,1
1999,rasu,male,male,unisex,0.34,0.1,0.5599999999999999,0.35,False,,Asia,india,1
2000,maury,male,male,male,0.66,0.02,0.32,0.5,True,,North America,usa,1
2001,faith,female,female,unisex,0.08,0.19,0.73,0.6,False,,Mixed/ambiguous,great_britain|usa,2
2002,bradon,mostly_male,male,male,0.8200000000000001,0.0,0.18,0.72,True,,North America,usa,1
2003,loy,male,male,unisex,0.17,0.02,0.81,0.72,False,,Mixed/ambiguous,great_britain|usa,2
2004,imdad,male,male,male,0.87,0.0,0.13,0.8,True,,Middle East,arabia,1
2005,özcan,male,male,male,0.66,0.01,0.33,0.49,True,,Middle East,turkey,1
2006,nolan,male,male,male,0.79,0.0,0.21,0.68,True,,Mixed/ambiguous,great_britain|usa,2
2007,mechelle,female,female,female,0.03,0.8099999999999999,0.16,0.72,True,,North America,usa,1
2008,doruk,male,male,male,0.97,0.0,0.03,0.95,True,,Middle East,turkey,1
2009,abdullah,male,male,male,0.96,0.0,0.04,0.94,True,,Mixed/ambiguous,kosovo|albania|turkey|arabia,4
2010,shuki,male,male,male,0.51,0.12,0.37,0.27,True,,Middle East,israel,1
2011,neela,female,female,female,0.02,0.72,0.26,0.57,True,,Asia,india,1
2012,delvin,male,male,male,0.74,0.01,0.25,0.6,True,,North America,usa,1
2013,dodo,mostly_male,male,unisex,0.12,0.02,0.86,0.79,False,,Mixed/ambiguous,east_frisia|india,2
2014,yurdagül,female,female,female,0.02,0.65,0.33,0.47,True,,Middle East,turkey,1
2015,mahlon,male,male,male,0.94,0.0,0.06,0.9,True,,North America,usa,1
2016,manika,female,female,female,0.08,0.53,0.39,0.29,True,,Asia,india,1
2017,drissia,female,female,unisex,0.37,0.12,0.51,0.27,False,,Middle East,arabia,1
2018,igor,male,male,male,0.88,0.0,0.12,0.82,True,,Mixed/ambiguous,the_netherlands|estonia|poland|czech_republic|slovakia|romania|bosniaand|croatia|macedonia|montenegro|serbia|slovenia|russia|belarus|moldova|ukraine|armenia|azerbaijan|the_stans|israel,20
2019,nam-sun,mostly_female,female,unisex,0.29,0.05,0.66,0.49,False,,Asia,korea,1
2020,ziva,female,female,female,0.1,0.66,0.24,0.5,True,,Middle East,israel,1
2021,rıza,male,male,male,0.52,0.02,0.46,0.27,True,,Middle East,turkey,1
2022,najiba,female,female,female,0.04,0.67,0.29,0.51,True,,Middle East,arabia,1
2023,jassir,male,male,male,0.93,0.0,0.07,0.9,True,,Middle East,arabia,1
2024,ekmel,male,male,unisex,0.42,0.09,0.49,0.23,False,,Middle East,turkey,1
2025,lafayette,male,male,male,0.9,0.0,0.1,0.84,True,,North America,usa,1
2026,ronit,female,female,female,0.07,0.7,0.23,0.54,True,,Middle East,israel,1
2027,kyung ju,female,female,unisex,0.09,0.1,0.81,0.72,False,,Asia,korea,1
2028,farrah,female,female,unisex,0.17,0.32,0.51,0.27,False,,North America,usa,1
2029,kaela,female,female,unisex,0.03,0.16,0.81,0.72,False,,North America,usa,1
2030,kwangmin,male,male,unisex,0.28,0.03,0.69,0.54,False,,Asia,korea,1
2031,sung guam,male,male,unisex,0.36,0.02,0.62,0.42,False,,Asia,korea,1
2032,aljona,female,female,female,0.01,0.73,0.26,0.6,True,,Mixed/ambiguous,estonia|russia|belarus|ukraine|the_stans,5
2033,dori,female,female,unisex,0.22,0.15,0.63,0.45,False,,Mixed/ambiguous,usa|swiss|israel,3
2034,sharen,female,female,unisex,0.06,0.32,0.62,0.43,False,,North America,usa,1
2035,leanne,female,female,female,0.01,0.58,0.41,0.38,True,,Mixed/ambiguous,great_britain|ireland|usa|malta,4
2036,deshaun,male,male,male,0.67,0.0,0.33,0.49,True,,North America,usa,1
2037,avi,male,male,male,0.63,0.04,0.33,0.45,True,,Middle East,israel,1
2038,mihyang,female,female,female,0.05,0.52,0.43,0.27,True,,Asia,korea,1
2039,hurşit,male,male,male,0.92,0.02,0.06,0.89,True,,Middle East,turkey,1
2040,moon ho,male,male,unisex,0.29,0.03,0.6799999999999999,0.53,False,,Asia,korea,1
2041,tamar,female,female,female,0.14,0.45,0.41,0.16,True,,Mixed/ambiguous,the_netherlands|swiss|georgia|israel,4
2042,zehorit,female,female,female,0.33,0.39,0.28,0.09,True,,Middle East,israel,1
2043,elle,female,female,female,0.01,0.61,0.38,0.4,True,,Mixed/ambiguous,usa|the_netherlands|denmark|finland|estonia,5
2044,nafissa,female,female,female,0.01,0.82,0.17,0.73,True,,Middle East,arabia,1
2045,husam,male,male,male,0.95,0.0,0.05,0.93,True,,Middle East,arabia,1
2046,jiwoo,female,female,unisex,0.19,0.04,0.77,0.66,False,,Asia,korea,1
2047,rinako,female,female,female,0.01,0.76,0.23,0.64,True,,Asia,japan,1
2048,kentaro,male,male,male,0.81,0.0,0.19,0.71,True,,Asia,japan,1
2049,vernell,mostly_female,female,unisex,0.3,0.06,0.64,0.47,False,,North America,usa,1
2050,judge,male,male,unisex,0.26,0.01,0.73,0.6,False,,North America,usa,1
2051,sayde,female,female,unisex,0.11,0.16,0.73,0.6,False,,Middle East,arabia,1
2052,jodee,female,female,unisex,0.11,0.18,0.71,0.56,False,,North America,usa,1
2053,masoomeh,female,female,female,0.0,0.96,0.04,0.94,True,,Middle East,arabia,1
2054,miyun,female,female,unisex,0.08,0.29,0.63,0.46,False,,Asia,korea,1
2055,luvenia,female,female,female,0.02,0.59,0.39,0.39,True,,North America,usa,1
2056,burl,male,male,male,0.6,0.01,0.39,0.4,True,,North America,usa,1
2057,ganimet,male,male,male,0.68,0.03,0.29,0.51,True,,Mixed/ambiguous,kosovo|albania|turkey,3
2058,sungjae,male,male,unisex,0.46,0.01,0.53,0.31,False,,Asia,korea,1
2059,sakiko,female,female,female,0.01,0.73,0.26,0.61,True,,Asia,japan,1
2060,alvan,male,male,male,0.63,0.01,0.36,0.44,True,,North America,usa,1
2061,burnell,male,male,male,0.54,0.0,0.46,0.3,True,,North America,usa,1
2062,batoul,female,female,female,0.13,0.65,0.22,0.47,True,,Middle East,arabia,1
2063,catrina,female,female,female,0.01,0.89,0.1,0.83,True,,Mixed/ambiguous,great_britain|usa|east_frisia|swiss|romania,5
2064,maamar,male,male,male,0.72,0.02,0.26,0.59,True,,Middle East,arabia,1
2065,eunyoung,female,female,unisex,0.01,0.29,0.7,0.54,False,,Asia,korea,1
2066,menucha,female,female,female,0.1,0.78,0.12,0.68,True,,Middle East,israel,1
2067,darron,male,male,male,0.84,0.01,0.15,0.77,True,,North America,usa,1
2068,pasha,male,male,male,0.7,0.01,0.29,0.54,True,,Middle East,arabia,1
2069,wonkeun,male,male,unisex,0.29,0.06,0.65,0.48,False,,Asia,korea,1
2070,matty,mostly_female,female,unisex,0.48,0.01,0.51,0.26,False,,Mixed/ambiguous,usa|the_netherlands,2
2071,bassim,male,male,male,0.9,0.01,0.09,0.84,True,,Middle East,arabia,1
2072,arjun,male,male,male,0.91,0.0,0.09,0.87,True,,Asia,india,1
2073,olesja,female,female,female,0.07,0.79,0.14,0.68,True,,Mixed/ambiguous,latvia|russia|belarus|ukraine|the_stans,5
2074,jamilya,female,female,female,0.05,0.79,0.16,0.69,True,,Mixed/ambiguous,azerbaijan|the_stans,2
2075,rupini,female,female,female,0.14,0.6,0.26,0.39,True,,Asia,india,1
2076,josef,male,male,male,0.82,0.01,0.17,0.73,True,,Mixed/ambiguous,malta|belgium|east_frisia|germany|austria|swiss|norway|sweden|czech_republic|israel,10
2077,zoey,female,female,female,0.01,0.54,0.45,0.32,True,,North America,usa,1
2078,sıddık,male,male,male,0.96,0.0,0.04,0.94,True,,Middle East,turkey,1
2079,trent,male,male,male,0.8,0.0,0.2,0.7,True,,North America,usa,1
2080,seyhan,mostly_male,male,unisex,0.39,0.11,0.5,0.25,False,,Mixed/ambiguous,albania|turkey,2
2081,aybars,male,male,male,0.71,0.02,0.27,0.58,True,,Middle East,turkey,1
2082,münevver,female,female,female,0.08,0.6,0.32,0.39,True,,Middle East,turkey,1
2083,vaso,male,male,male,0.55,0.09,0.36,0.32,True,,Mixed/ambiguous,bosniaand|croatia|montenegro|serbia|slovenia|albania|georgia,7
2084,beni,mostly_female,female,unisex,0.19,0.13,0.68,0.52,False,,Mixed/ambiguous,israel|japan,2
2085,taekyun,male,male,unisex,0.42,0.03,0.55,0.33,False,,Asia,korea,1
2086,hiroichi,male,male,male,0.61,0.01,0.38,0.42,True,,Asia,japan,1
2087,jamal,male,male,male,0.85,0.0,0.15,0.77,True,,Mixed/ambiguous,usa|azerbaijan|arabia,3
2088,rico,male,male,male,0.78,0.01,0.21,0.66,True,,Mixed/ambiguous,usa|italy|the_netherlands|east_frisia|germany|swiss,6
2089,kaho,female,female,unisex,0.11,0.24,0.65,0.47,False,,Asia,japan,1
2090,kristian,male,male,male,0.8,0.0,0.2,0.69,True,,Mixed/ambiguous,great_britain|usa|malta|the_netherlands|germany|austria|swiss|denmark|norway|sweden|finland|estonia,12
2091,otho,male,male,male,0.69,0.01,0.3,0.53,True,,North America,usa,1
2092,zarema,female,female,female,0.05,0.74,0.21,0.61,True,,Mixed/ambiguous,azerbaijan|the_stans,2
2093,jayaram,male,male,male,0.86,0.0,0.14,0.79,True,,Asia,india,1
2094,rutha,female,female,female,0.08,0.57,0.35,0.37,True,,North America,usa,1
2095,jacki,female,female,unisex,0.06,0.31,0.63,0.44,False,,Mixed/ambiguous,great_britain|usa,2
2096,deidra,female,female,female,0.01,0.66,0.33,0.49,True,,North America,usa,1
2097,bridgett,female,female,female,0.03,0.58,0.39,0.36,True,,North America,usa,1
2098,salim,male,male,male,0.87,0.0,0.13,0.8,True,,Mixed/ambiguous,bosniaand|azerbaijan|turkey|arabia,4
2099,mali,female,female,unisex,0.2,0.14,0.66,0.49,False,,Mixed/ambiguous,great_britain|norway|israel,3
2100,maida,female,female,female,0.03,0.59,0.38,0.38,True,,Mixed/ambiguous,bosniaand|montenegro|israel,3
2101,kirsten,female,female,female,0.01,0.76,0.23,0.63,True,,Mixed/ambiguous,great_britain|usa|belgium|the_netherlands|east_frisia|germany|austria|swiss|denmark|norway|sweden,11
2102,chisako,female,female,female,0.02,0.77,0.21,0.66,True,,Asia,japan,1
2103,zahra,female,female,female,0.01,0.78,0.21,0.67,True,,Mixed/ambiguous,east_frisia|azerbaijan|arabia,3
2104,shonna,female,female,unisex,0.13,0.32,0.55,0.32,False,,North America,usa,1
2105,hanadee,female,female,unisex,0.18,0.29,0.53,0.3,False,,Middle East,arabia,1
2106,zülfü,male,male,male,0.52,0.23,0.25,0.28,True,,Middle East,turkey,1
2107,saeed,male,male,male,0.9,0.0,0.1,0.85,True,,Middle East,arabia,1
2108,gayla,female,female,female,0.05,0.59,0.36,0.39,True,,North America,usa,1
2109,celeste,female,female,female,0.01,0.8,0.19,0.7,True,,Mixed/ambiguous,usa|italy|portugal|spain|the_netherlands|swiss,6
2110,tanner,male,male,male,0.71,0.0,0.29,0.57,True,,North America,usa,1
2111,rihan,female,female,male,0.6,0.04,0.36,0.4,False,,Middle East,turkey,1
2112,wylie,male,male,unisex,0.47,0.0,0.53,0.28,False,,North America,usa,1
2113,izaiah,male,male,male,0.75,0.0,0.25,0.61,True,,North America,usa,1
2114,nicky,male,male,unisex,0.38,0.01,0.61,0.41,False,,Mixed/ambiguous,great_britain|usa|belgium|the_netherlands|germany|denmark,6
2115,mouhamed,male,male,male,0.93,0.0,0.07,0.89,True,,Middle East,arabia,1
2116,ritsa,female,female,unisex,0.1,0.37,0.53,0.3,False,,Middle East,israel,1
2117,chol-soon,female,female,female,0.03,0.69,0.28,0.55,True,,Asia,korea,1
2118,marlee,female,female,unisex,0.02,0.32,0.66,0.49,False,,North America,usa,1
2119,sare,female,female,unisex,0.13,0.21,0.66,0.49,False,,Middle East,turkey,1
2120,taly,female,female,unisex,0.24,0.08,0.68,0.51,False,,Middle East,israel,1
2121,imane,female,female,female,0.02,0.78,0.2,0.66,True,,Middle East,arabia,1
2122,josue,male,male,male,0.87,0.01,0.12,0.8,True,,North America,usa,1
2123,walton,male,male,unisex,0.48,0.0,0.52,0.27,False,,North America,usa,1
2124,racha,female,female,unisex,0.29,0.16,0.55,0.33,False,,Middle East,arabia,1
2125,ajmal,male,male,male,0.94,0.0,0.06,0.91,True,,Middle East,arabia,1
2126,deion,male,male,male,0.81,0.01,0.18,0.71,True,,North America,usa,1
2127,kareem,male,male,male,0.91,0.0,0.09,0.87,True,,Mixed/ambiguous,usa|arabia,2
2128,elyas,male,male,male,0.8,0.0,0.2,0.7,True,,Middle East,turkey|arabia,2
2129,jaleesa,female,female,female,0.06,0.51,0.43,0.27,True,,North America,usa,1
2130,zaynah,female,female,female,0.01,0.86,0.13,0.79,True,,Middle East,arabia,1
2131,minsoo,male,male,male,0.52,0.01,0.47,0.28,True,,Asia,korea,1
2132,warwick,male,male,male,0.71,0.0,0.29,0.56,True,,North America,usa,1
2133,ansley,female,female,unisex,0.19,0.04,0.77,0.65,False,,North America,usa,1
2134,verne,mostly_male,male,male,0.8,0.01,0.19,0.7,True,,North America,usa,1
2135,young soon,female,female,unisex,0.04,0.01,0.95,0.91,False,,Asia,korea,1
2136,coty,male,male,male,0.45,0.1,0.45,0.18,True,,North America,usa,1
2137,juwan,male,male,male,0.55,0.01,0.44,0.33,True,,North America,usa,1
2138,ellory,female,female,unisex,0.22,0.02,0.76,0.63,False,,North America,usa,1
2139,kadin,male,male,female,0.18,0.6,0.22,0.4,False,,North America,usa,1
2140,kaneshadas,male,male,male,0.57,0.01,0.42,0.35,True,,Asia,india,1
2141,hozumi,female,female,unisex,0.4,0.02,0.58,0.37,False,,Asia,japan,1
2142,bambi,female,female,unisex,0.08,0.18,0.74,0.61,False,,North America,usa,1
2143,gale,mostly_female,female,unisex,0.33,0.02,0.65,0.47,False,,North America,usa,1
2144,abdulbagi,male,male,male,0.9,0.0,0.1,0.85,True,,Middle East,arabia,1
2145,ellie,female,female,unisex,0.01,0.49,0.5,0.26,False,,Mixed/ambiguous,usa|the_netherlands,2
2146,daisha,female,female,unisex,0.32,0.15,0.53,0.3,False,,North America,usa,1
2147,natsumi,female,female,female,0.01,0.53,0.46,0.29,True,,Asia,japan,1
2148,peter,male,male,male,0.77,0.0,0.23,0.64,True,,Mixed/ambiguous,great_britain|ireland|usa|malta|belgium|luxembourg|the_netherlands|east_frisia|germany|austria|swiss|denmark|norway|sweden|slovakia|slovenia|russia|belarus|ukraine|israel,20
2149,su-mi,female,female,unisex,0.12,0.16,0.72,0.58,False,,Asia,korea,1
2150,heejin,female,female,unisex,0.03,0.24,0.73,0.6,False,,Asia,korea,1
2151,florene,female,female,unisex,0.24,0.38,0.38,0.07,False,,North America,usa,1
2152,lance,male,male,male,0.6,0.01,0.39,0.41,True,,Mixed/ambiguous,great_britain|usa,2
2153,elaine,female,female,female,0.01,0.7,0.29,0.56,True,,Mixed/ambiguous,great_britain|ireland|usa,3
2154,walker,male,male,unisex,0.12,0.0,0.88,0.81,False,,Mixed/ambiguous,great_britain|usa,2
2155,jiseon,female,female,unisex,0.12,0.18,0.7,0.55,False,,Asia,korea,1
2156,byungki,male,male,male,0.62,0.01,0.37,0.43,True,,Asia,korea,1
2157,myung-soo,male,male,unisex,0.34,0.01,0.65,0.48,False,,Asia,korea,1
2158,cecil,male,male,male,0.75,0.01,0.24,0.63,True,,Mixed/ambiguous,great_britain|usa|the_netherlands,3
2159,merter,male,male,male,0.8,0.01,0.19,0.7,True,,Middle East,turkey,1
2160,chester,male,male,male,0.72,0.0,0.28,0.57,True,,North America,usa,1
2161,sung-ji,female,female,unisex,0.26,0.02,0.72,0.58,False,,Asia,korea,1
2162,sevil,female,female,unisex,0.25,0.27,0.48,0.23,False,,Mixed/ambiguous,azerbaijan|turkey,2
2163,rubie,female,female,female,0.02,0.76,0.22,0.64,True,,North America,usa,1
2164,tamio,male,male,male,0.82,0.01,0.17,0.72,True,,Asia,japan,1
2165,marvin,male,male,male,0.88,0.0,0.12,0.81,True,,Mixed/ambiguous,usa|belgium|the_netherlands,3
2166,mano,male,male,male,0.63,0.01,0.36,0.44,True,,Mixed/ambiguous,the_netherlands|east_frisia|india,3
2167,sanford,male,male,male,0.61,0.0,0.39,0.42,True,,North America,usa,1
2168,chanda,female,female,unisex,0.19,0.15,0.66,0.49,False,,North America,usa,1
2169,elroy,male,male,male,0.82,0.01,0.17,0.74,True,,North America,usa,1
2170,wesam,male,male,male,0.91,0.0,0.09,0.86,True,,Middle East,arabia,1
2171,michoel,male,male,male,0.93,0.01,0.06,0.9,True,,Middle East,israel,1
2172,dayton,male,male,male,0.55,0.01,0.44,0.32,True,,North America,usa,1
2173,husayn,male,male,male,0.94,0.0,0.06,0.91,True,,Middle East,arabia,1
2174,sibel,female,female,female,0.04,0.65,0.31,0.48,True,,Middle East,turkey,1
2175,halle,female,female,unisex,0.34,0.04,0.62,0.44,False,,North America,usa,1
2176,fikri,male,male,male,0.64,0.01,0.35,0.46,True,,Middle East,turkey|arabia,2
2177,dillard,male,male,male,0.51,0.0,0.49,0.26,True,,North America,usa,1
2178,mai,female,female,unisex,0.06,0.42,0.52,0.29,False,,Mixed/ambiguous,great_britain|denmark|norway|sweden|estonia|japan|vietnam,7
2179,sheldon,male,male,male,0.71,0.0,0.29,0.56,True,,North America,usa,1
2180,yong soon,female,female,unisex,0.07,0.2,0.73,0.6,False,,Asia,korea,1
2181,young min,male,male,unisex,0.15,0.01,0.84,0.76,False,,Asia,korea,1
2182,cadence,female,female,unisex,0.25,0.03,0.72,0.58,False,,North America,usa,1
2183,seviye,female,female,unisex,0.25,0.12,0.63,0.45,False,,Middle East,turkey,1
2184,yun-sook,female,female,unisex,0.03,0.4,0.57,0.35,False,,Asia,korea,1
2185,dolores,female,female,female,0.02,0.87,0.11,0.81,True,,Mixed/ambiguous,ireland|usa|italy|malta|portugal|spain|belgium|swiss,8
2186,jungran,female,female,unisex,0.28,0.09,0.63,0.45,False,,Asia,korea,1
2187,brenna,female,female,female,0.07,0.56,0.37,0.35,True,,Mixed/ambiguous,great_britain|usa|italy,3
2188,haleema,female,female,female,0.04,0.67,0.29,0.51,True,,Middle East,arabia,1
2189,rodrick,male,male,male,0.83,0.0,0.17,0.74,True,,Mixed/ambiguous,great_britain|usa,2
2190,hae-eun,female,female,unisex,0.01,0.2,0.79,0.68,False,,Asia,korea,1
2191,carl,male,male,male,0.77,0.0,0.23,0.65,True,,Mixed/ambiguous,great_britain|ireland|usa|belgium|the_netherlands|east_frisia|germany|austria|swiss|denmark|norway|sweden,12
2192,krista,female,female,female,0.01,0.7,0.29,0.56,True,,Mixed/ambiguous,usa|belgium|the_netherlands|germany|austria|swiss|denmark|sweden|estonia|latvia|czech_republic|slovakia|serbia,13
2193,so-hwan,male,male,unisex,0.32,0.02,0.66,0.49,False,,Asia,korea,1
2194,kanta,female,female,unisex,0.22,0.08,0.7,0.54,False,,Asia,india,1
2195,abdelfattah,male,male,male,0.96,0.0,0.04,0.94,True,,Middle East,arabia,1
2196,tremaine,male,male,unisex,0.31,0.01,0.68,0.51,False,,North America,usa,1
2197,brittanie,female,female,female,0.01,0.72,0.27,0.58,True,,North America,usa,1
2198,cennet,female,female,female,0.05,0.52,0.43,0.27,True,,Middle East,turkey,1
2199,toyoko,female,female,female,0.04,0.74,0.22,0.61,True,,Asia,japan,1
2200,glenna,female,female,female,0.04,0.57,0.39,0.36,True,,Mixed/ambiguous,great_britain|usa,2
2201,april,female,female,female,0.01,0.56,0.43,0.34,True,,Mixed/ambiguous,great_britain|usa,2
2202,velda,female,female,unisex,0.1,0.32,0.58,0.37,False,,North America,usa,1
2203,yoon-jung,female,female,unisex,0.08,0.06,0.86,0.8,False,,Asia,korea,1
2204,jorj,male,male,male,0.65,0.01,0.34,0.47,True,,Mixed/ambiguous,romania|bulgaria|georgia,3
2205,rachida,female,female,female,0.03,0.71,0.26,0.57,True,,Middle East,arabia,1
2206,hamdi,male,male,male,0.78,0.01,0.21,0.68,True,,Mixed/ambiguous,kosovo|albania|turkey|arabia,4
2207,kwi-nam,male,male,unisex,0.25,0.07,0.68,0.52,False,,Asia,korea,1
2208,yoshiaki,male,male,male,0.75,0.01,0.24,0.63,True,,Asia,japan,1
2209,kassidy,female,female,unisex,0.15,0.29,0.56,0.35,False,,North America,usa,1
2210,colten,male,male,male,0.86,0.0,0.14,0.79,True,,North America,usa,1
2211,lucious,male,male,unisex,0.13,0.26,0.61,0.42,False,,North America,usa,1
2212,raz,male,male,unisex,0.47,0.02,0.51,0.28,False,,Middle East,israel,1
2213,dovid,male,male,male,0.97,0.01,0.02,0.95,True,,Middle East,israel,1
2214,kendy,mostly_female,female,unisex,0.2,0.18,0.62,0.43,False,,North America,usa,1
2215,feti,male,male,unisex,0.3,0.19,0.51,0.26,False,,Mixed/ambiguous,kosovo|albania|turkey,3
2216,coy,male,male,unisex,0.23,0.01,0.76,0.64,False,,North America,usa,1
2217,motonori,male,male,male,0.81,0.01,0.18,0.72,True,,Asia,japan,1
2218,hani,female,female,unisex,0.14,0.16,0.7,0.55,False,,Mixed/ambiguous,arabia|israel|other_countries,3
2219,abeda,female,female,unisex,0.23,0.12,0.65,0.46,False,,Middle East,arabia,1
2220,müjdat,male,male,male,0.61,0.09,0.3,0.42,True,,Middle East,turkey,1
2221,maxim,male,male,male,0.71,0.01,0.28,0.57,True,,Mixed/ambiguous,belgium|estonia|romania|bulgaria|russia|belarus|moldova|ukraine|armenia|azerbaijan|the_stans|israel,12
2222,faqir,male,male,male,0.75,0.0,0.25,0.62,True,,Middle East,arabia,1
2223,se-young,female,female,unisex,0.03,0.12,0.85,0.78,False,,Asia,korea,1
2224,jolynn,female,female,female,0.01,0.57,0.42,0.37,True,,North America,usa,1
2225,noureddine,male,male,male,0.92,0.0,0.08,0.88,True,,Middle East,arabia,1
2226,valerian,male,male,male,0.54,0.14,0.32,0.3,True,,Mixed/ambiguous,east_frisia|germany|austria|romania|bulgaria|moldova|georgia,7
2227,antwan,male,male,male,0.78,0.0,0.22,0.66,True,,Mixed/ambiguous,usa|the_netherlands,2
2228,zöhre,female,female,female,0.02,0.91,0.07,0.86,True,,Middle East,turkey,1
2229,cade,male,male,male,0.67,0.01,0.32,0.51,True,,North America,usa,1
2230,javed,male,male,male,0.94,0.0,0.06,0.91,True,,Middle East,arabia,1
2231,andi,male,male,unisex,0.29,0.06,0.65,0.48,False,,Mixed/ambiguous,austria|swiss|albania|israel,4
2232,young-suk,female,female,unisex,0.07,0.19,0.74,0.6,False,,Asia,korea,1
2233,kathlyn,female,female,female,0.01,0.69,0.3,0.53,True,,Mixed/ambiguous,great_britain|usa,2
2234,chong-seo,male,male,unisex,0.15,0.02,0.83,0.75,False,,Asia,korea,1
2235,santoshi,female,female,unisex,0.16,0.32,0.52,0.28,False,,Asia,india,1
2236,kibariye,female,female,female,0.32,0.37,0.31,0.06,True,,Middle East,turkey,1
2237,norine,female,female,female,0.04,0.64,0.32,0.47,True,,Mixed/ambiguous,usa|the_netherlands,2
2238,dyan,female,female,female,0.03,0.59,0.38,0.38,True,,North America,usa,1
2239,angelina,female,female,female,0.02,0.83,0.15,0.74,True,,Mixed/ambiguous,usa|italy|portugal|spain|france|belgium|the_netherlands|germany|austria|swiss|latvia|romania|bulgaria|bosniaand|macedonia|montenegro|serbia|russia|ukraine|armenia|the_stans,21
